,Close,High,Low,Open,Volume,MA_7,MA_21,Daily_Return,Close_Yesterday,Volatility_7d,RSI_14,Target
20,8745.89453125,8755.7060546875,8544.5205078125,8658.9912109375,24097418512,8787.48939732143,8148.8247302827385,0.010193531591149663,8657.642578125,110.89802766207883,62.74318770891304,0
21,8680.8759765625,8792.994140625,8636.7470703125,8744.2109375,22600204051,8769.470145089286,8219.33433314732,-0.007434180055016837,8745.89453125,117.26232675752861,63.26414801145811,0
22,8406.515625,8687.7470703125,8333.6376953125,8680.650390625,25770680779,8724.145786830357,8287.003162202382,-0.03160514587505292,8680.8759765625,181.55421236919364,61.27439867772349,1
23,8445.4345703125,8514.6669921875,8266.8408203125,8405.5673828125,24397913026,8655.0595703125,8339.410319010416,0.004629616722148233,8406.515625,182.60172642675025,56.669991850924,0
24,8367.84765625,8458.453125,8296.21875,8440.119140625,19647331549,8572.922293526786,8384.99083891369,-0.00918684685986848,8445.4345703125,159.4395394237679,58.09928740398727,2
25,8596.830078125,8602.4013671875,8325.498046875,8364.41015625,22177678796,8557.291573660714,8441.443824404761,0.027364554337216074,8367.84765625,149.22699231974727,59.567109329941886,2
26,8909.8193359375,8977.7265625,8597.30859375,8597.30859375,28647338393,8593.316824776786,8495.758114769345,0.036407519395889265,8596.830078125,199.47135946205452,66.099131221883,2
27,9358.58984375,9358.58984375,8908.447265625,8912.5244140625,34398744403,8680.8447265625,8552.657993861607,0.05036808165148732,8909.8193359375,352.9560504728883,62.38483029457105,1
28,9316.6298828125,9406.431640625,9269.4677734375,9357.470703125,30682598115,8771.666713169643,8611.551664806548,-0.004483577295090302,9358.58984375,426.99534981170336,61.77356314474274,2
29,9508.9931640625,9553.1259765625,9230.8974609375,9316.0166015625,32378792851,8929.163504464286,8689.1669921875,0.02064730312029206,9316.6298828125,470.9261222461774,67.26951414805804,0
30,9350.529296875,9521.7060546875,9230.7763671875,9508.3134765625,29432489719,9058.46275111607,8745.54675874256,-0.016664631518128026,9508.9931640625,439.1574999678692,59.46489558740391,1
31,9392.875,9439.3232421875,9313.2392578125,9346.357421875,25922656496,9204.895228794643,8810.086635044643,0.00452869583961979,9350.529296875,327.0934901984716,59.978512987907166,0
32,9344.365234375,9468.7978515625,9217.82421875,9389.8203125,30835736946,9311.685965401786,8864.93763950893,-0.0051645279666768795,9392.875,187.8916944249704,65.43497414650393,0
33,9293.521484375,9540.3720703125,9248.6337890625,9344.68359375,30934096509,9366.500558035714,8919.667503720239,-0.005441113304621492,9344.365234375,70.26191066044615,65.36410527458318,0
34,9180.962890625,9331.265625,9112.8115234375,9292.841796875,29893183716,9341.125279017857,8936.48646763393,-0.012111511652417528,9293.521484375,99.56131249051184,60.39007985372589,2
35,9613.423828125,9701.2998046875,9163.7041015625,9183.416015625,35222060874,9383.5244140625,8974.88709077381,0.047104093835473426,9180.962890625,141.67886134486128,68.94564318991374,2
36,9729.8017578125,9824.619140625,9539.818359375,9617.8212890625,37628823716,9415.06849888393,9022.79259672619,0.012105773319493585,9613.423828125,190.4546249851039,78.7279718895,2
37,9795.943359375,9834.716796875,9726.0029296875,9726.0029296875,34522718159,9478.69907924107,9064.073800223214,0.006797836503646293,9729.8017578125,234.5904873502373,78.97646674765734,2
38,9865.119140625,9876.7490234375,9678.91015625,9793.0703125,35172043762,9546.162527901786,9107.993350074405,0.007061676319697785,9795.943359375,270.8910154340458,82.24177451033995,2
39,10116.673828125,10129.435546875,9850.392578125,9863.89453125,35807884663,9656.49232700893,9175.15662202381,0.02549940694219166,9865.119140625,326.5588250907262,82.41274516991116,0
40,9856.611328125,10165.765625,9784.5634765625,10115.5595703125,39386548075,9736.93373325893,9232.25037202381,-0.025706324471686526,10116.673828125,289.49612564960046,70.65798114453034,2
41,10208.236328125,10210.052734375,9729.3349609375,9855.8916015625,37648059389,9883.687081473214,9301.885695684523,0.03567402510806805,9856.611328125,210.2041793829884,69.35904339351434,2
42,10326.0546875,10393.611328125,10202.3876953125,10202.3876953125,43444303830,9985.491489955357,9380.2275390625,0.011541499979814906,10208.236328125,229.20612696405024,72.23107129292164,0
43,10214.3798828125,10457.626953125,10116.1611328125,10323.9609375,49356071373,10054.71693638393,9466.316313244048,-0.010814856987217514,10326.0546875,211.6129375597311,66.10756394269109,2
44,10312.1162109375,10321.99609375,10125.5341796875,10211.55078125,43338264162,10128.45591517857,9555.20591517857,0.009568503349817403,10214.3798828125,195.75017049073838,72.58427718799126,0
45,9889.4248046875,10341.5556640625,9874.427734375,10313.8564453125,43865054831,10131.928152901786,9627.66196986607,-0.0409897830477971,10312.1162109375,190.44421553724914,59.894460027095256,1
46,9934.43359375,10053.96875,9722.38671875,9889.1796875,43374780305,10105.893833705357,9691.357375372023,0.004551203932625647,9889.4248046875,204.79294479530714,61.77437810518702,0
47,9690.142578125,9938.8154296875,9507.6376953125,9936.560546875,45998298413,10082.112583705357,9728.515625,-0.024590331529186438,9934.43359375,244.4004246432783,57.34707256767288,2
48,10141.99609375,10161.935546875,9632.3828125,9691.23046875,47271023953,10072.649693080357,9765.82068452381,0.0466302236506857,9690.142578125,239.94493019957014,65.81441256593504,0
49,9633.38671875,10191.67578125,9611.2236328125,10143.798828125,46992019710,9973.69712611607,9780.904343377977,-0.05014884351152826,10141.99609375,260.012183377961,50.3204706130235,1
50,9608.4755859375,9643.216796875,9507.900390625,9629.3251953125,44925260237,9887.139369419643,9785.6416015625,-0.0025859164113087862,9633.38671875,267.2860142116923,47.99338439324097,2
51,9686.44140625,9723.0146484375,9589.7431640625,9611.7822265625,40930547513,9797.757254464286,9801.637416294643,0.008114275736580634,9608.4755859375,196.8083245341946,48.196001181536374,1
52,9663.181640625,9698.2314453125,9600.728515625,9687.70703125,35838025154,9765.436802455357,9814.50916108631,-0.002401270461409255,9686.44140625,197.81998314360078,46.62205959226346,2
53,9924.515625,9937.404296875,9657.791015625,9663.318359375,41185185761,9764.019949776786,9842.13537016369,0.02704430011708836,9663.181640625,196.43853084333307,46.796126369099525,0
54,9650.1748046875,9951.74609375,9537.04296875,9921.5830078125,45080496648,9758.310267857143,9859.118861607143,-0.027642741538078885,9924.515625,199.50072102801312,46.57437281939175,0
55,9341.705078125,9652.7373046875,9305.021484375,9651.3125,42515259129,9643.982979910714,9866.773251488095,-0.031965195740564556,9650.1748046875,170.12407035286304,35.41175913540644,0
56,8820.5224609375,9354.7783203125,8704.4267578125,9338.2900390625,50420050762,9527.85951450893,9829.016043526786,-0.05579095174048332,9341.705078125,355.2547271370147,27.684771019448576,1
57,8784.494140625,8932.892578125,8577.19921875,8825.09375,45470195695,9410.147879464286,9784.001395089286,-0.0040846016176541156,8820.5224609375,448.39276902101574,28.31983989703943,0
58,8672.455078125,8890.4560546875,8492.9326171875,8788.728515625,44605450443,9265.292689732143,9730.501953125,-0.012754184897438958,8784.494140625,504.5307764183426,25.246552161848257,0
59,8599.5087890625,8775.6318359375,8599.5087890625,8671.212890625,35792392544,9113.339425223214,9670.234793526786,-0.008411261679117432,8672.455078125,524.5048218881625,28.22735643354804,1
60,8562.4541015625,8726.796875,8471.212890625,8599.7587890625,35349164300,8918.759207589286,9596.224330357143,-0.0043089307085921735,8599.5087890625,414.54180211063493,26.779847473992533,2
61,8869.669921875,8921.30859375,8532.630859375,8563.2646484375,42857674409,8807.258510044643,9549.227120535714,0.03587941221856461,8562.4541015625,261.8789725571747,36.40345880275399,0
62,8787.7861328125,8901.5986328125,8704.990234375,8865.3876953125,42386715821,8728.127232142857,9481.586635044643,-0.009231886844013548,8869.669921875,117.18738765414867,24.42224087207532,1
63,8755.24609375,8843.3662109375,8712.431640625,8788.5419921875,34746706368,8718.802036830357,9406.786225818452,-0.0037028710724991143,8787.7861328125,111.04589323695673,29.77726602137382,2
64,9078.7626953125,9142.0546875,8757.25390625,8760.28515625,39698054597,8760.840401785714,9352.709216889882,0.03695117168590434,8755.24609375,176.480781147152,39.2761002937069,1
65,9122.5458984375,9167.6953125,9032.0791015625,9078.30859375,40826885651,8825.139090401786,9296.063011532739,0.004822595830994203,9078.7626953125,216.39140773574024,38.42386416626137,0
66,8909.9541015625,9163.220703125,8890.744140625,9121.6005859375,36216930370,8869.48842075893,9249.421549479166,-0.02330399860322019,9122.5458984375,192.98875596131538,35.65240845633714,0
67,8108.1162109375,8914.34375,8105.2529296875,8908.2060546875,39973102121,8804.5830078125,9162.454055059523,-0.08999349283790192,8909.9541015625,336.50075281755926,21.30881060380989,0
68,7923.64453125,8177.79345703125,7690.09814453125,8111.146484375,46936995808,8669.4365234375,9078.33510044643,-0.022751484424786028,8108.1162109375,469.6383053858811,21.931462591784083,1
69,7909.7294921875,8136.9453125,7814.76318359375,7922.14697265625,42213940994,8543.99986049107,8972.036690848214,-0.0017561412564156553,7923.64453125,544.1152567437431,24.25436774493275,1
70,7911.43017578125,7950.814453125,7642.8125,7910.08984375,38682762605,8423.45472935268,8890.038760230655,0.00021501160000858555,7909.7294921875,581.6886352375941,29.90090040100587,0
71,4970.7880859375,7929.1162109375,4860.35400390625,7913.6162109375,53980357243,7836.601213727678,8669.196498325893,-0.37169538560117077,7911.43017578125,1360.812814024455,13.089395224234735,2
72,5563.70703125,5838.11474609375,4106.98095703125,5017.8310546875,74156772075,7328.195661272322,8472.875813802084,0.11928067241286833,4970.7880859375,1461.3880320386231,22.474430385088098,0
73,5200.3662109375,5625.2265625,5125.0693359375,5573.07763671875,36154506008,6798.254534040178,8260.360793340773,-0.06530552710121185,5563.70703125,1464.7960665267124,21.375222433354693,2
74,5392.31494140625,5836.64501953125,5169.283203125,5201.06689453125,33997889639,6410.282924107143,8044.541713169643,0.036910617960911996,5200.3662109375,1418.9808451729216,23.982441355304886,0
75,5014.47998046875,5385.2294921875,4575.35791015625,5385.2294921875,45368026430,5994.68798828125,7823.794340587798,-0.07006915676163483,5392.31494140625,1324.764650954567,18.72273192309767,2
76,5225.62939453125,5371.3486328125,4981.9091796875,5002.578125,38622642935,5611.2451171875,7627.790736607143,0.04210793838741411,5014.47998046875,1034.800817685989,21.69383262629644,1
77,5238.4384765625,5331.833984375,5069.3359375,5227.11376953125,37878801016,5229.38916015625,7457.2153087797615,0.0024512036855608432,5225.62939453125,205.06587469069297,21.96628522497275,2
78,6191.19287109375,6329.73583984375,5236.96875,5245.41650390625,51000731797,5403.732700892857,7333.724772135417,0.18187755736638023,5238.4384765625,386.81051545211125,29.0807311577433,1
79,6198.7783203125,6844.26171875,5865.78173828125,6191.65380859375,54442976103,5494.457170758928,7215.9306408110115,0.001225199953657663,6191.19287109375,491.02333511143786,28.706815510578323,1
80,6185.06640625,6378.13525390625,5932.8232421875,6206.521484375,42494390880,5635.128627232143,7100.957194010417,-0.00221203491300348,6198.7783203125,532.0645177946874,29.56320258048639,0
81,5830.2548828125,6359.697265625,5823.7138671875,6185.55810546875,40099664740,5697.691476004465,6970.852469308035,-0.05736583896317804,6185.06640625,524.4477898773553,31.6880244753186,2
82,6416.31494140625,6443.9345703125,5785.00439453125,5831.37451171875,46491916000,5897.95361328125,6854.026041666667,0.10052048673231173,5830.2548828125,486.34353048209175,38.61736969183971,2
83,6734.8037109375,6789.02294921875,6411.06640625,6436.642578125,48221910672,6113.549944196428,6756.264973958333,0.04963733427047878,6416.31494140625,472.95277483620094,41.517708395757175,0
84,6681.06298828125,6892.51123046875,6536.92626953125,6738.716796875,44590107888,6319.63916015625,6657.494349888393,-0.007979552925792555,6734.8037109375,316.50370804279765,41.18369874087227,2
85,6716.4404296875,6735.4638671875,6590.962890625,6675.1708984375,35319797642,6394.674525669643,6545.002813430059,0.005295181540467819,6681.06298828125,342.19590856034176,71.43202615272429,0
86,6469.79833984375,6793.83642578125,6466.70166015625,6719.38916015625,34585598367,6433.391671316965,6418.681501116072,-0.03672214358569481,6716.4404296875,331.50248405952976,62.1582019796967,0
87,6242.19384765625,6467.5009765625,6117.837890625,6467.25390625,34885225901,6441.552734375,6291.645298549107,-0.035179534234601295,6469.79833984375,325.00982843502527,64.50803664109431,0
88,5922.04296875,6250.46728515625,5920.0859375,6245.62451171875,28373690931,6454.665318080357,6187.546572730655,-0.051288198783903005,6242.19384765625,296.8698047323639,57.12244882149166,2
89,6429.841796875,6517.19580078125,5903.234375,5925.53857421875,37101651525,6456.597726004465,6116.4131091889885,0.08574723804008189,5922.04296875,296.6224879602247,68.38760245198397,1
90,6438.64453125,6504.51513671875,6374.162109375,6430.6064453125,32786468812,6414.289271763393,6046.361444382441,0.0013690436954885143,6429.841796875,270.27859461110745,66.63333199869679,2
91,6606.7763671875,6612.57373046875,6202.37353515625,6437.3193359375,40346426266,6403.676897321428,5984.235072544643,0.026112924097839496,6438.64453125,259.2932126861777,67.9965789009276,2
92,6793.62451171875,7088.24755859375,6595.91845703125,6606.7763671875,47660646124,6414.703194754465,6071.036807105655,0.028281287899985408,6606.7763671875,275.9181282618701,59.922270800514575,0
93,6733.38720703125,7003.220703125,6673.3359375,6797.396484375,38976504903,6452.358747209822,6126.7358630952385,-0.008866740365705117,6793.62451171875,301.49165861169786,58.655091962017096,2
94,6867.52734375,6878.95361328125,6696.48486328125,6738.3828125,33185988584,6541.692103794643,6206.1244884672615,0.01992164308903499,6733.38720703125,320.8623431817229,60.63409221427534,0
95,6791.12939453125,6883.4140625,6715.92919921875,6862.53759765625,29510409856,6665.847307477678,6272.734700520833,-0.011124520572645125,6867.52734375,177.04433007479676,66.39481809806644,2
96,7271.78125,7271.78125,6782.8896484375,6788.0498046875,46896904615,6786.124372209822,6380.225237165178,0.0707764242948763,6791.12939453125,257.63653481586203,65.14092595322859,0
97,7176.41455078125,7427.939453125,7136.71435546875,7273.64404296875,44243482668,6891.520089285715,6473.119768415178,-0.013114627068677276,7271.78125,242.2415763247535,58.486343598115326,2
98,7334.0986328125,7356.2236328125,7153.3056640625,7179.283203125,37563249549,6995.423270089285,6572.9131091889885,0.02197254365887824,7176.41455078125,255.37931619783808,62.06717652410906,1
99,7302.08935546875,7341.4482421875,7179.09423828125,7337.96630859375,34815139178,7068.061104910715,6625.812941778274,-0.004364445986660415,7334.0986328125,260.6719312850631,60.83545285872587,0
100,6865.4931640625,7303.8154296875,6802.47509765625,7303.8154296875,43622840992,7086.933384486607,6657.561267671131,-0.05979058460566089,7302.08935546875,236.02017807178552,56.840202462085635,1
101,6859.0830078125,6926.06982421875,6789.9208984375,6867.4404296875,31222085946,7085.72705078125,6689.657296316965,-0.0009336774645052337,6865.4931640625,237.34635152521383,61.54692906957848,2
102,6971.091796875,7119.947265625,6811.078125,6858.06787109375,35759567632,7111.435965401785,6743.982863653274,0.016329994685138294,6859.0830078125,208.05711068012724,71.29543358610228,0
103,6845.03759765625,6965.61669921875,6668.259765625,6965.61669921875,38619308647,7050.472586495535,6764.398228236607,-0.018082418492216368,6971.091796875,215.62634072947978,59.9742456627824,1
104,6842.427734375,6958.55712890625,6793.8212890625,6843.28173828125,34110434052,7002.760184151785,6769.523181733631,-0.0003812781513637953,6845.03759765625,220.0205602749227,59.729028918327494,0
105,6642.10986328125,6928.66455078125,6633.40283203125,6845.5615234375,32288311031,6903.904645647322,6767.668271019345,-0.029275847531044064,6842.427734375,200.96883904154112,50.838346482253534,2
106,7116.80419921875,7134.45068359375,6555.50439453125,6640.4541015625,46783242377,6877.435337611607,6786.733212425595,0.07146740203164859,6642.10986328125,143.87589124794445,56.7464629262153,1
107,7096.1845703125,7167.18310546875,7050.33203125,7116.552734375,32513423567,6910.391252790178,6816.561128162202,-0.002897315751431484,7116.80419921875,165.4829283117003,57.70086951402608,2
108,7257.6650390625,7269.95654296875,7089.2470703125,7092.29150390625,32447188386,6967.33154296875,6864.916899181548,0.02275595669052466,7096.1845703125,207.99790362948912,58.18619059699002,0
109,7189.4248046875,7280.52197265625,7167.0546875,7260.92236328125,31311210215,6998.52197265625,6925.268415178572,-0.009402505352301915,7257.6650390625,224.38068267580763,58.38607168742515,0
110,6881.95849609375,7240.29052734375,6835.5029296875,7186.87353515625,37747113936,7003.79638671875,6946.797781808035,-0.04276646838190479,7189.4248046875,220.57311680470252,41.14666215400093,1
111,6880.3232421875,6934.5517578125,6834.4423828125,6879.7841796875,32589741511,7009.210030691965,6967.8301013764885,-0.00023761461322069355,6881.95849609375,216.37761044655292,42.9763838224771,2
112,7117.20751953125,7145.86572265625,6867.78173828125,6879.4404296875,33249153866,7077.081124441965,6992.136346726191,0.034429236680519004,6880.3232421875,144.6669444679886,45.041416324200476,2
113,7429.724609375,7491.78515625,7081.5947265625,7121.30615234375,43500782316,7121.784040178572,7022.426827566965,0.043910071328696176,7117.20751953125,197.63695631078053,52.58629099649728,2
114,7550.90087890625,7574.19580078125,7434.181640625,7434.181640625,34636526286,7186.743512834822,7061.356050037202,0.016309658285092787,7429.724609375,254.39798079862257,65.9240513566439,1
115,7569.93603515625,7641.36376953125,7521.67236328125,7550.48291015625,32941541447,7231.353655133928,7094.804082961309,0.002520911948821203,7550.90087890625,293.3104693311236,66.41890274862087,2
116,7679.8671875,7700.59423828125,7561.40771484375,7570.13916015625,33070154491,7301.416852678572,7137.124930245535,0.014522071498782596,7569.93603515625,336.95464264000805,66.38664189732887,2
117,7795.60107421875,7795.60107421875,7679.4189453125,7679.4189453125,36162144725,7431.937220982143,7162.068731398809,0.015069777105927384,7679.8671875,324.1024409287019,72.08207539208293,1
118,7807.05859375,7814.52734375,7730.806640625,7796.97021484375,33187959921,7564.327985491072,7192.099400111607,0.001469741643032707,7795.60107421875,239.44422256217288,72.31712860666102,2
119,8801.0380859375,8871.75390625,7786.04931640625,7806.71240234375,60201052203,7804.875209263393,7261.953659784226,0.1273180520232342,7807.05859375,459.79988540749804,86.53192950218416,0
120,8658.5537109375,9440.650390625,8533.255859375,8797.669921875,66964629541,7980.422223772322,7326.547200520833,-0.01618949646720247,8801.0380859375,522.9415740512856,79.39307067046299,2
121,8864.7666015625,9048.0234375,8667.763671875,8672.7822265625,44068389997,8168.117327008928,7421.750697544643,0.023816089558295506,8658.5537109375,576.1622412723605,81.48921697908494,2
122,8988.5966796875,9007.1875,8811.3662109375,8869.0576171875,40134388683,8370.783133370536,7523.156110491072,0.013968791699848548,8864.7666015625,580.1765645588462,81.23766776944447,0
123,8897.46875,9167.78125,8830.9716796875,8983.6142578125,47101785174,8544.72621372768,7614.888346354167,-0.010138170944239966,8988.5966796875,517.6660127368291,80.57206482049561,1
124,8912.654296875,8956.90625,8645.0244140625,8895.7451171875,45718796276,8704.305245535714,7713.346284412202,0.0017067266322232655,8897.46875,409.02178679375385,90.59457809063221,2
125,9003.0703125,9062.4150390625,8856.8271484375,8912.83203125,43148462663,8875.1640625,7816.234026227678,0.010144678859214995,8912.654296875,118.07680846816892,90.98012126851954,2
126,9268.76171875,9411.4677734375,8966.7060546875,9007.44140625,49371886931,8941.981724330357,7941.312686011905,0.029511199738283755,9003.0703125,183.4053122026848,91.07934187030685,2
127,9951.5185546875,9992.6640625,9138.322265625,9261.8955078125,61112700562,9126.690987723214,8076.299083891369,0.07366214135771076,9268.76171875,387.69310037166844,92.18431400095729,0
128,9842.666015625,9996.7431640625,9767.1728515625,9936.162109375,51780748042,9266.390904017857,8207.083914620536,-0.010938284289408906,9951.5185546875,448.93188619933517,88.49513087590758,0
129,9593.896484375,9913.86328125,9580.64453125,9840.90625,46566121841,9352.8623046875,8318.333031063989,-0.025274608612654736,9842.666015625,444.78237803003685,81.56097208870057,0
130,8756.4306640625,9595.5810546875,8395.107421875,9591.1689453125,63325279337,9332.71400669643,8392.952357700893,-0.0872915214038874,9593.896484375,471.25610831416657,63.68293549340814,0
131,8601.7958984375,9033.470703125,8374.3232421875,8755.53515625,57119858802,9288.3056640625,8474.849376860118,-0.017659566044374797,8756.4306640625,528.5956760823253,60.146265676567864,2
132,8804.4775390625,8949.8984375,8569.6435546875,8610.3857421875,42142717533,9259.935267857143,8566.475771949405,0.023562712138033515,8601.7958984375,551.29795720821,61.97643682837843,2
133,9269.9873046875,9317.87890625,8805.3876953125,8805.3876953125,45558144023,9260.1103515625,8668.989095052084,0.05287193516704303,8804.4775390625,551.3014221459106,56.449372178591055,2
134,9733.7216796875,9793.2685546875,9255.03515625,9271.3291015625,56426907637,9228.996512276786,8778.70324125744,0.05002535168149658,9269.9873046875,510.40595578009044,63.58609459321384,0
135,9328.197265625,9755.828125,9261.3984375,9734.291015625,48158802327,9155.5009765625,8863.336402529761,-0.04166180495059313,9733.7216796875,439.41719203023615,55.57519874039252,2
136,9377.013671875,9564.205078125,9260.6943359375,9333.240234375,36164766408,9124.51771763393,8949.387718563989,0.005233209039209763,9328.197265625,410.016733091063,54.758651054110736,2
137,9670.7392578125,9823.001953125,9349.5458984375,9374.9296875,40084250663,9255.133231026786,9044.191150483632,0.03132400103227817,9377.013671875,418.753971934199,59.02559513971607,2
138,9726.5751953125,9906.0302734375,9570.359375,9675.6953125,41827139896,9415.815987723214,9136.142299107143,0.005773698991511145,9670.7392578125,333.3678027598931,59.410762971238206,1
139,9729.0380859375,9836.0478515625,9539.6240234375,9727.0634765625,39254288955,9547.896065848214,9227.665132068452,0.00025321252090737545,9726.5751953125,211.76319566837034,58.568090403783934,0
140,9522.9814453125,9804.7939453125,9447.201171875,9725.3291015625,36546239703,9584.0380859375,9262.043387276786,-0.02117954918100662,9729.0380859375,174.7882746409203,53.043215789497076,0
141,9081.76171875,9555.2421875,8869.9306640625,9522.740234375,39326160532,9490.900948660714,9282.19614955357,-0.04633209978369557,9522.9814453125,242.37035439180323,38.94926641614577,2
142,9182.5771484375,9232.9365234375,9008.638671875,9080.3349609375,29810773699,9470.098074776786,9297.329985119048,0.01110086707949609,9081.76171875,263.95141361809164,41.5960484465152,1
143,9209.287109375,9302.501953125,9118.1083984375,9185.0625,27727866812,9446.137137276786,9307.839053199405,0.0029087652089092586,9182.5771484375,280.8798261519833,44.80986094791991,0
144,8790.3681640625,9288.404296875,8787.2509765625,9212.283203125,32518803300,9320.369838169643,9302.739025297618,-0.045488748514099786,9209.287109375,351.71622070533135,50.51629373833392,2
145,8906.9345703125,8951.005859375,8719.66796875,8786.107421875,31288157264,9203.2783203125,9302.46665736607,0.013260696716498988,8790.3681640625,329.6914626084439,54.69649582269166,0
146,8835.052734375,8991.9677734375,8757.2939453125,8909.5859375,29584186947,9075.566127232143,9294.4658203125,-0.008070322664891605,8906.9345703125,257.2847593169115,50.49033626145421,2
147,9181.017578125,9203.3203125,8834.1572265625,8837.380859375,32740536902,9026.714146205357,9290.287527901786,0.039158209254817056,8835.052734375,178.6087966998158,48.516297520252,2
148,9525.7509765625,9546.3193359375,9148.45703125,9184.9453125,34367073114,9090.141183035714,9270.012881324405,0.037548495632866885,9181.017578125,261.16827696385934,46.388434960218206,0
149,9439.1240234375,9573.6669921875,9379.3388671875,9528.35546875,32896642044,9126.790736607143,9250.796595982143,-0.009093976247976698,9525.7509765625,292.43104603475064,52.16625479683101,2
150,9700.4140625,9704.0302734375,9366.7294921875,9438.9140625,32722975141,9196.951729910714,9255.868861607143,0.02768159825145977,9439.1240234375,365.3481476001109,55.83163928721865,0
151,9461.05859375,9700.34375,9432.296875,9700.10546875,27773290299,9292.7646484375,9289.422572544643,-0.024674768232348376,9700.4140625,326.86823179527715,46.143361972869734,2
152,10167.2685546875,10199.5654296875,9450.8994140625,9463.60546875,35198901068,9472.81236049107,9363.96888950893,0.07464386293982206,9461.05859375,414.3326015598889,56.5407819428211,0
153,9529.8037109375,10182.3408203125,9460.5712890625,10162.9736328125,39137252109,9572.0625,9398.508231026786,-0.06269774820259899,10167.2685546875,304.84574521838607,47.51194295674096,2
154,9656.7177734375,9682.859375,9471.8466796875,9533.7607421875,25007459262,9640.01967075893,9416.92396763393,0.013317594606312655,9529.8037109375,251.49841459412968,51.703789926705646,2
155,9800.63671875,9887.6103515625,9525.2470703125,9655.8544921875,25921805072,9679.2890625,9420.110398065477,0.014903505382374727,9656.7177734375,252.14236091216986,59.90903579232119,0
156,9665.533203125,9869.2373046875,9663.216796875,9800.2158203125,23509628646,9711.633231026786,9436.174014136905,-0.013785177382049874,9800.63671875,229.72504652794768,56.59477071714682,1
157,9653.6796875,9773.431640625,9591.0244140625,9664.904296875,20438419222,9704.95689174107,9449.348586309523,-0.0012263695520872142,9665.533203125,230.78211619573088,56.092906725336775,2
158,9758.8525390625,9768.498046875,9458.150390625,9653.0029296875,25015250846,9747.49888392857,9453.544456845239,0.010894586827723485,9653.6796875,204.25144808828387,64.52847160164663,1
159,9771.4892578125,9782.306640625,9675.8857421875,9760.0634765625,21486346312,9690.958984375,9455.68322172619,0.0012948980117710729,9758.8525390625,93.36627169049443,63.386817862074516,1
160,9795.7001953125,9836.369140625,9664.7197265625,9774.3603515625,23717842783,9728.94419642857,9458.857607886905,0.0024777121338637187,9771.4892578125,67.3339054079926,65.09760695141615,2
161,9870.0947265625,9908.896484375,9728.291015625,9794.119140625,25706567601,9759.42661830357,9475.386811755952,0.007594610876882513,9795.7001953125,76.81763966303649,61.84027844198941,0
162,9321.78125,9938.2978515625,9263.0693359375,9870.078125,30247143440,9691.01869419643,9486.816313244048,-0.05555301055894357,9870.0947265625,179.1104808186945,46.72439431915736,2
163,9480.84375,9540.4658203125,9285.8515625,9320.6904296875,22610564515,9664.634486607143,9501.019484747023,0.01706353064227928,9321.78125,196.2712825303462,50.65475546406086,1
164,9475.27734375,9493.2119140625,9396.009765625,9480.7353515625,17564322315,9639.1484375,9513.68568638393,-0.0005871213994007585,9480.84375,209.09481386464478,46.15830950954207,0
165,9386.7880859375,9482.2705078125,9347.59375,9477.5537109375,18991732746,9585.996372767857,9542.086635044643,-0.009338962291258746,9475.27734375,220.5691608556436,48.663868602238566,2
166,9450.7021484375,9504.8603515625,8990.17578125,9386.03515625,26699704768,9540.169642857143,9567.98032924107,0.006808938469139436,9386.7880859375,208.6068154999484,33.23441350013526,2
167,9538.0244140625,9579.4306640625,9400.4453125,9454.2666015625,21565537209,9503.358816964286,9601.455171130952,0.009239764861221245,9450.7021484375,176.22159406375155,50.25902207933991,0
168,9480.2548828125,9540.4228515625,9327.33984375,9533.7841796875,20177709879,9447.667410714286,9615.704566592261,-0.006056760681470541,9538.0244140625,71.47509654879752,44.18661213753592,0
169,9411.8408203125,9482.7822265625,9328.3955078125,9481.5673828125,17770083003,9460.53306361607,9610.2802734375,-0.007216479234543938,9480.2548828125,49.8826631677941,36.52095661200255,0
170,9288.0185546875,9440.8759765625,9274.2958984375,9410.2939453125,19632223107,9432.986607142857,9603.084774925595,-0.013156009327927487,9411.8408203125,80.58821405571099,36.80888018371852,1
171,9332.3408203125,9394.9716796875,9247.3798828125,9290.9599609375,17130541557,9412.567103794643,9585.55747767857,0.004771982890003024,9288.0185546875,86.01272837313802,39.0208957693958,1
172,9303.6298828125,9401.107421875,9300.4306640625,9330.9267578125,15324301169,9400.68736049107,9578.060872395834,-0.0030764990320015784,9332.3408203125,95.39741339965633,33.58906547925838,2
173,9648.7177734375,9655.0732421875,9296.8720703125,9300.9150390625,21104009514,9428.975306919643,9553.367978050595,0.03709174751916078,9303.6298828125,134.17659398537583,46.4298168988326,1
174,9629.658203125,9670.541015625,9547.2470703125,9644.076171875,17006433272,9442.065848214286,9558.122953869048,-0.0019753474772544743,9648.7177734375,150.11247527665518,45.157004906599155,0
175,9313.6103515625,9680.3671875,9278.2333984375,9632.1494140625,18961716076,9418.259486607143,9541.784505208334,-0.03282025643027875,9629.658203125,156.13975774277253,35.774229046296156,0
176,9264.8134765625,9340.1611328125,9095.32421875,9314.126953125,18616048626,9397.255580357143,9516.269112723214,-0.005239308190707503,9313.6103515625,166.68036970258277,48.044207252676955,0
177,9162.91796875,9310.5166015625,9101.73828125,9260.9951171875,18341465837,9379.384068080357,9492.335053943452,-0.010998117562784016,9264.8134765625,185.93893515717878,38.6391680625349,0
178,9045.390625,9207.810546875,8998.216796875,9167.82421875,17273093144,9338.391183035714,9463.368908110118,-0.012826410118569775,9162.91796875,225.4681655779276,35.77645258515956,2
179,9143.58203125,9197.546875,8975.525390625,9048.4609375,14560870760,9315.52720424107,9434.0703125,0.010855408054862181,9045.390625,237.3809487850218,42.00443949882592,2
180,9190.8544921875,9237.5732421875,9041.8759765625,9140.029296875,16460547078,9250.1181640625,9406.42103794643,0.005170015512075743,9143.58203125,188.27162162075055,41.362827216293525,0
181,9137.9931640625,9217.8359375,9084.837890625,9185.5810546875,15735797744,9179.880301339286,9375.101655505952,-0.005751513982724221,9190.8544921875,88.19022423167847,36.391451735286566,2
182,9228.3251953125,9309.7548828125,9104.7353515625,9145.9853515625,15971550355,9167.696707589286,9344.541201636905,0.00988532488788163,9137.9931640625,70.81571815037412,41.61543371741253,0
183,9123.41015625,9274.962890625,9036.623046875,9231.1396484375,16338916796,9147.49623325893,9335.094959077382,-0.011368806022981404,9228.3251953125,57.39107551767032,40.62832574447494,1
184,9087.3037109375,9202.3447265625,9058.794921875,9124.8427734375,13078970999,9136.69419642857,9316.354957217261,-0.00395756024273064,9123.41015625,61.006741587191115,43.0841735343086,1
185,9132.48828125,9183.2958984375,9053.6298828125,9084.2333984375,12290528515,9149.13671875,9300.031668526786,0.004972274697731871,9087.3037109375,46.41940712920329,43.117974599771195,0
186,9073.9423828125,9162.18359375,8977.015625,9126.0908203125,12903406143,9139.188197544643,9285.134254092261,-0.00641072801130238,9132.48828125,54.55744714519584,42.24983985638479,2
187,9375.474609375,9375.474609375,9058.6640625,9072.849609375,17889263252,9165.5625,9281.551990327382,0.0332305643833104,9073.9423828125,105.00136970336916,40.500968571830136,0
188,9252.27734375,9360.6171875,9201.8154296875,9349.1611328125,13839652595,9181.88881138393,9267.944986979166,-0.01314037643510968,9375.474609375,108.8158096480925,37.76648955568612,2
189,9428.3330078125,9450.3359375,9249.5,9253.0205078125,19702359883,9210.461356026786,9265.47251674107,0.019028359994139876,9252.27734375,143.70627139273057,54.090184893236554,0
190,9277.9677734375,9431.37890625,9234.9990234375,9427.994140625,18000702524,9232.541015625,9259.097609747023,-0.015948231171979632,9428.3330078125,139.92592091225063,50.43731551259093,1
191,9278.8076171875,9287.4716796875,9118.001953125,9273.357421875,16860035605,9259.898716517857,9258.658993675595,9.052022711308894e-05,9277.9677734375,124.68840979223776,54.1302814916083,1
192,9240.3466796875,9293.5322265625,9199.4853515625,9277.51171875,13249910444,9275.307059151786,9254.2783203125,-0.004145030168397623,9278.8076171875,112.37596213092156,57.36316539948496,1
193,9276.5,9319.4189453125,9197.4501953125,9241.0546875,14452361907,9304.243861607143,9252.986421130952,0.003912550206798482,9240.3466796875,69.95529723254555,55.266905346774955,1
194,9243.6142578125,9306.4052734375,9224.29296875,9277.205078125,17519821266,9285.406668526786,9233.695777529761,-0.003545059255915528,9276.5,65.16736426574096,52.114729123968395,1
195,9243.2138671875,9283.841796875,9171.6611328125,9238.703125,18085038362,9284.111886160714,9215.293666294643,-4.331537576462985e-05,9243.6142578125,66.01976634201415,54.40263342415421,0
196,9192.8369140625,9275.3251953125,9171.93359375,9241.8974609375,15844731575,9250.46958705357,9209.542550223214,-0.005450155524782674,9243.2138671875,30.984985244612307,48.4637367468759,0
197,9132.2275390625,9214.3125,9088.947265625,9191.98046875,15713967523,9229.64955357143,9203.228934151786,-0.006593108913667822,9192.8369140625,51.560855570524595,50.39692413469308,1
198,9151.392578125,9182.25390625,9089.2021484375,9131.8125,13944570749,9211.44740513393,9202.680106026786,0.002098616025556055,9132.2275390625,53.75801102524462,52.929716621890805,1
199,9159.0400390625,9230.9833984375,9100.82421875,9151.18359375,12252601475,9199.83217075893,9208.091982886905,0.0008356608977502233,9151.392578125,55.23662848457867,51.25690537498208,1
200,9185.8173828125,9201.3984375,9097.6328125,9158.005859375,12939002784,9186.877511160714,9210.103190104166,0.002923597193133398,9159.0400390625,43.68486877925753,55.46015743708141,1
201,9164.2314453125,9214.2705078125,9137.509765625,9187.220703125,13755604146,9175.537109375,9208.835425967261,-0.0023499201650132306,9185.8173828125,36.156510365142545,35.81347579778827,2
202,9374.8876953125,9407.2626953125,9149.3896484375,9162.5146484375,18069581956,9194.34765625,9220.116117931548,0.02298678850016933,9164.2314453125,82.1861862887815,57.368592177682416,2
203,9525.36328125,9530.5185546875,9319.6533203125,9375.080078125,16532254884,9241.85142299107,9234.260788690477,0.016050921443329758,9374.8876953125,149.61072932236584,56.016266365365915,2
204,9581.072265625,9610.2470703125,9483.00390625,9527.1416015625,18146399002,9305.972098214286,9256.054222470239,0.00584848921034431,9525.36328125,186.4463189867916,71.29310877096697,1
205,9536.892578125,9623.3369140625,9481.4541015625,9585.5146484375,16552768325,9361.043526785714,9277.463216145834,-0.004611142289210002,9581.072265625,190.07576712073936,67.08984033988398,2
206,9677.11328125,9704.556640625,9530.2119140625,9539.4853515625,16610070933,9435.053989955357,9303.397739955357,0.014702976045533722,9536.892578125,198.96591982209128,75.48697468791565,2
207,9905.1669921875,10023.8076171875,9652.84765625,9680.234375,20507998997,9537.81821986607,9342.97986421131,0.023566295475673238,9677.11328125,231.83635154549268,79.9723999988826,2
208,10990.873046875,11298.2216796875,9903.9697265625,9905.2177734375,35359749590,9798.767020089286,9419.903599330357,0.1096100707382146,9905.1669921875,550.3983226104878,91.5704500137314,0
209,10912.8232421875,11204.3271484375,10632.6318359375,11017.4638671875,28766551142,10018.472098214286,9498.977213541666,-0.007101328925793737,10990.873046875,650.7924932649144,88.30762433038736,2
210,11100.4677734375,11304.3974609375,10856.1416015625,10912.953125,24617249715,10243.487025669643,9578.60267857143,0.017194865809297744,10912.8232421875,720.4537376461034,91.175198433777,1
211,11111.2138671875,11169.3564453125,10895.455078125,11099.8330078125,22857247901,10462.078683035714,9665.900111607143,0.0009680757576464583,11100.4677734375,718.0995633156417,93.65506312752692,2
212,11323.466796875,11415.8642578125,10987.0537109375,11110.2109375,23160469766,10717.30357142857,9763.264834449405,0.0191025870102548,11111.2138671875,648.5938438091068,94.15314335988896,2
213,11759.5927734375,11794.775390625,11239.6826171875,11322.5703125,26075670303,11014.80064174107,9883.228934151786,0.03851523428168302,11323.466796875,564.045393902158,95.02055790363482,0
214,11053.6142578125,12034.14453125,11018.1298828125,11758.7646484375,27410067336,11178.864536830357,9967.853422619048,-0.060034265575901635,11759.5927734375,285.9732409280464,76.17879760262929,2
215,11246.3486328125,11453.0791015625,11012.4150390625,11043.7685546875,20271713443,11215.361049107143,10063.221726190477,0.017436321777176023,11053.6142578125,274.03573435401034,77.84671252564482,1
216,11205.892578125,11385.3818359375,11094.1455078125,11246.203125,21250197042,11257.228097098214,10156.6826171875,-0.00359726129861071,11246.3486328125,240.43851660117443,75.65630616318184,2
217,11747.0224609375,11786.6171875,11158.28515625,11203.8232421875,24411254471,11349.593052455357,10278.310500372023,0.04828976175167332,11205.892578125,289.387228041102,78.05842768246595,1
218,11779.7734375,11902.3359375,11598.7138671875,11749.87109375,23400740340,11445.1015625,10404.384114583334,0.002788023660583505,11747.0224609375,307.3671002214995,77.93044723550017,0
219,11601.47265625,11898.0380859375,11408.59375,11778.89453125,23132312867,11484.816685267857,10521.054594494048,-0.01513618086086388,11779.7734375,306.9916045833893,75.36245445475996,2
220,11754.0458984375,11800.064453125,11558.431640625,11604.5537109375,17572057837,11484.02427455357,10644.626302083334,0.013151196120374076,11601.47265625,306.17019964366676,75.43700093984356,0
221,11675.7392578125,11806.056640625,11548.7841796875,11737.3251953125,17489608833,11572.89927455357,10763.194010416666,-0.006662100973708895,11754.0458984375,244.48982249403352,72.51057946305345,2
222,11878.111328125,12045.140625,11662.2568359375,11662.2568359375,26114112569,11663.151088169643,10892.42638578869,0.017332698670629254,11675.7392578125,219.14720578332833,64.54764735118849,0
223,11410.525390625,11932.7109375,11195.708984375,11881.6474609375,27039782640,11692.384347098214,10989.361514136905,-0.03936534391564839,11878.111328125,151.05479186618643,57.236234744751734,2
224,11584.9345703125,11748.396484375,11249.60546875,11404.5966796875,25064548486,11669.228934151786,11087.436337425595,0.015284938573538076,11410.525390625,153.6837770015473,57.07101603790259,2
225,11784.1376953125,11796.396484375,11216.8720703125,11588.4052734375,27522199497,11669.85239955357,11192.344215029761,0.017195015111304723,11584.9345703125,154.21491231827758,59.30949601720654,1
226,11768.87109375,12150.994140625,11685.455078125,11772.6591796875,24237958589,11693.76646205357,11298.62890625,-0.0012955213149429268,11784.1376953125,154.82203272216134,56.517107023707666,2
227,11865.6982421875,11963.203125,11768.697265625,11768.697265625,23354924400,11709.716796875,11402.847237723214,0.008227394765919493,11768.87109375,167.31467618441852,51.72366966562217,1
228,11892.8037109375,11934.9013671875,11737.1884765625,11866.685546875,20583375490,11740.726004464286,11497.496605282739,0.0022843551383793237,11865.6982421875,179.62950456108305,67.49024463913102,2
229,12254.40234375,12359.056640625,11806.6962890625,11895.658203125,28227687027,11794.481863839286,11557.66466703869,0.03040482644811049,11892.8037109375,264.0585039083082,69.62808730887635,0
230,11991.2333984375,12335.70703125,11954.525390625,12251.8955078125,26043227672,11877.440150669643,11609.017531622023,-0.021475461465219614,12254.40234375,208.7564020912791,64.07118908248364,0
231,11758.283203125,12028.923828125,11687.3330078125,11990.884765625,24502851117,11902.20424107143,11640.342075892857,-0.019426708460436926,11991.2333984375,175.98364264833904,50.226809866416055,2
232,11878.3720703125,11900.4111328125,11710.0634765625,11761.5,20175242945,11915.666294642857,11676.87341889881,0.01021312934149976,11758.283203125,168.90881653019582,51.918442854857304,0
233,11592.4892578125,11899.259765625,11564.9794921875,11878.0263671875,23762425999,11890.46888950893,11689.684012276786,-0.024067507803910648,11878.3720703125,203.9735813615243,49.83223269666016,2
234,11681.8251953125,11689.4072265625,11448.8056640625,11585.4775390625,20224191306,11864.20131138393,11685.980794270834,0.007706363621583279,11592.4892578125,218.98250991651332,48.618632417327895,1
235,11664.84765625,11713.4296875,11559.9208984375,11679.6962890625,18482062658,11831.636160714286,11715.087146577382,-0.0014533293195752028,11681.8251953125,230.65862119305643,49.786671124646574,2
236,11774.595703125,11807.6318359375,11623.25,11663.689453125,20681511755,11763.092354910714,11740.241768973214,0.00940844236539995,11664.84765625,135.92583288275802,47.89615082931352,0
237,11366.134765625,11778.2998046875,11189.8505859375,11773.5888671875,26301509932,11673.792550223214,11747.872349330357,-0.034690018052305094,11774.595703125,163.58524709290188,49.07558951098327,2
238,11488.36328125,11530.052734375,11296.9931640625,11366.89453125,22466660958,11635.23256138393,11735.555245535714,0.010753745063331488,11366.134765625,171.94865153481163,47.94427940953303,0
239,11323.3974609375,11570.7861328125,11185.94140625,11485.6083984375,23240415076,11555.950474330357,11713.823056175595,-0.01435938403704018,11488.36328125,169.0772980834749,40.04711082308506,2
240,11542.5,11545.615234375,11316.4228515625,11325.2958984375,19807127588,11548.809151785714,11711.014834449405,0.01934954061432026,11323.3974609375,168.33084462391264,45.50573038570172,1
241,11506.865234375,11585.640625,11466.29296875,11541.0546875,17485597759,11523.814871651786,11699.244326636905,-0.0030872658111327222,11542.5,157.95815142369202,42.69848101698459,2
242,11711.505859375,11715.2646484375,11492.3818359375,11508.7138671875,19760127945,11530.48032924107,11700.947498139882,0.017784220187846422,11506.865234375,165.69617168883147,46.55953127090655,1
243,11680.8203125,11768.876953125,11598.318359375,11713.306640625,22285928250,11517.08384486607,11691.552687872023,-0.0026201196706430174,11711.505859375,145.1923219495118,37.551776815855106,2
244,11970.478515625,12067.0810546875,11601.12890625,11679.31640625,27311555343,11603.418666294643,11718.217122395834,0.024797762089964426,11680.8203125,206.99841196238668,49.554685119866036,0
245,11414.0341796875,11964.8232421875,11290.7939453125,11964.8232421875,28037405299,11592.800223214286,11710.079008556548,-0.04648471948812871,11970.478515625,215.61135488621778,43.51416921216082,0
246,10245.296875,11443.0224609375,10182.46484375,11407.19140625,31927261555,11438.785853794643,11636.800874255952,-0.10239476124641311,11414.0341796875,556.1885144066781,27.94633486690671,2
247,10511.8134765625,10663.919921875,10207.9404296875,10230.365234375,29965130374,11291.544921875,11576.940987723214,0.02601355576262887,10245.296875,652.2826459375543,35.32940990557684,0
248,10169.5673828125,10581.5712890625,9946.67578125,10512.5302734375,44916565292,11100.502371651786,11496.1728515625,-0.03255823502891142,10511.8134765625,764.833954786144,30.789636651621436,2
249,10280.3515625,10353.927734375,10056.8857421875,10167.216796875,37071460174,10896.0517578125,11419.389415922618,0.010893696409813414,10169.5673828125,765.56597621307,32.822004715780906,2
250,10369.5634765625,10399.1533203125,9916.4931640625,10280.998046875,33703098409,10708.72935267857,11329.635184151786,0.00867790498409815,10280.3515625,699.0765367279844,32.47791216797006,0
251,10131.5166015625,10414.775390625,9945.1103515625,10369.306640625,33430927462,10446.0205078125,11241.077241443452,-0.022956306264775628,10369.5634765625,445.40245375773,33.919650209346784,2
252,10242.34765625,10350.54296875,10017.2509765625,10134.1513671875,24128292755,10278.63671875,11168.889834449405,0.010939236349907233,10131.5166015625,128.19965322409368,33.72287762867771,2
253,10363.138671875,10503.912109375,10238.1357421875,10242.330078125,54406443211,10295.471261160714,11096.735863095239,0.011793293850096198,10242.34765625,130.80273231988656,37.30934756723508,1
254,10400.9150390625,10434.9228515625,10140.8369140625,10369.0283203125,45201121775,10279.628627232143,11039.994233630952,0.0036452631180188266,10363.138671875,104.25420973016801,34.1534784366237,1
255,10442.1708984375,10578.837890625,10292.38671875,10409.861328125,36750077324,10318.571986607143,10980.963076636905,0.003966560559340859,10400.9150390625,107.16347108374416,35.243837043329165,0
256,10323.755859375,10577.21484375,10224.330078125,10452.3994140625,36506852789,10324.77260044643,10917.1015625,-0.011340078630605377,10442.1708984375,105.83083643434259,30.295481256624527,2
257,10680.837890625,10800.0107421875,10266.0087890625,10328.734375,35453581940,10369.24037388393,10865.017857142857,0.0345883839286778,10323.755859375,172.3057281924796,37.00577948420159,2
258,10796.951171875,10938.6318359375,10656.4599609375,10677.7548828125,32509451925,10464.302455357143,10837.913876488095,0.010871177190313608,10680.837890625,200.54173433516848,34.030390964997665,2
259,10974.9052734375,11100.1240234375,10704.884765625,10797.76171875,30769986455,10568.953543526786,10813.46349516369,0.01648188444401355,10796.951171875,250.36316171388398,43.337975501205975,1
260,10948.990234375,11037.4208984375,10774.6279296875,10973.251953125,38151810523,10652.64662388393,10795.634579613095,-0.0023612995663134795,10974.9052734375,267.43431578626127,66.34261842230599,1
261,10944.5859375,11034.908203125,10829.6572265625,10951.8203125,26341903912,10730.313895089286,10767.16248139881,-0.00040225598714782596,10948.990234375,261.0111799913665,61.443998498094466,2
262,11094.3466796875,11134.0927734375,10909.6181640625,10933.7529296875,22764204008,10823.481863839286,10747.518740699405,0.013683545731443925,10944.5859375,257.38835942947395,77.22594764424399,0
263,10938.271484375,11095.8701171875,10814.4775390625,11095.8701171875,24699523788,10911.269810267857,10710.698056175595,-0.014067993350005525,11094.3466796875,133.5390817305689,68.86635526581088,0
264,10462.259765625,10988.3046875,10380.2607421875,10934.92578125,28884999244,10880.044363839286,10652.671363467261,-0.04351800185522625,10938.271484375,203.58539124238962,52.175527362721134,2
265,10538.4599609375,10568.0771484375,10382.7265625,10459.6240234375,23621787804,10843.11704799107,10584.480003720239,0.0072833400259153525,10462.259765625,241.14729535029565,60.33593077200878,0
266,10246.1865234375,10537.828125,10197.865234375,10535.4921875,23788661867,10739.014369419643,10528.868210565477,-0.027733979972724532,10538.4599609375,319.37659309604635,50.08927480515564,2
267,10760.06640625,10771.056640625,10231.490234375,10248.7861328125,47144380902,10712.02525111607,10553.381045386905,0.050153282066164984,10246.1865234375,306.393778806824,57.803960751906956,0
268,10692.716796875,10777.6962890625,10578.9140625,10761.109375,39348590957,10676.0439453125,10561.99548921131,-0.006259218747560857,10760.06640625,288.81616100086075,55.671140111636845,2
269,10750.7236328125,10772.9990234375,10667.28125,10695.5751953125,46852525493,10626.95493861607,10589.669596354166,0.005424892199001441,10692.716796875,228.84507613304953,55.95790145377034,1
270,10775.26953125,10803.9765625,10622.921875,10746.892578125,53745972818,10603.6689453125,10613.237118675595,0.0022831856976197606,10750.7236328125,198.11780062966093,59.046295274521356,0
271,10709.65234375,10945.34765625,10703.8935546875,10776.61328125,47762394731,10639.0107421875,10629.431826636905,-0.006089609852421796,10775.26953125,190.61156136586658,50.65365355696883,2
272,10844.640625,10860.0009765625,10649.4951171875,10709.650390625,46582396602,10682.75083705357,10663.390113467261,0.012604356977915954,10709.65234375,198.6527211665502,51.07264575409408,0
273,10784.4912109375,10847.2568359375,10669.3212890625,10843.87109375,44171073700,10759.65150669643,10689.206473214286,-0.00554646448346463,10844.640625,50.23964997155561,45.47748250917799,0
274,10619.4521484375,10933.6240234375,10472.3564453125,10795.2548828125,40023134100,10739.563755580357,10701.411876860118,-0.015303370300178809,10784.4912109375,73.00136788199323,42.65833828293443,1
275,10575.974609375,10657.837890625,10416.689453125,10619.8212890625,48661453918,10722.886300223214,10709.748046875,-0.00409414143543152,10619.4521484375,95.38955819146904,41.9283663847375,1
276,10549.3291015625,10598.9404296875,10511.1298828125,10575.1005859375,44660271563,10694.115652901786,10714.850818452382,-0.0025194375739971964,10575.974609375,114.12561789682397,37.38536941719791,2
277,10669.5830078125,10686.0,10534.3916015625,10550.4404296875,71251776995,10679.017578125,10731.318777901786,0.011399199427022166,10549.3291015625,108.44981606896424,43.67624717009319,2
278,10793.33984375,10793.5078125,10634.6005859375,10676.529296875,47537578009,10690.972935267857,10736.676013764882,0.01159903211277169,10669.5830078125,116.68958339271686,59.341020853951804,0
279,10604.40625,10797.578125,10528.890625,10796.306640625,42623695307,10656.653738839286,10727.50720796131,-0.017504646058134066,10793.33984375,97.75320511397035,51.749315469483015,2
280,10668.96875,10680.5078125,10562.5068359375,10603.35546875,37799458436,10640.15053013393,10712.938802083334,0.0060882710901424275,10604.40625,80.86705510150787,62.75587382047745,2
281,10915.685546875,10945.7373046875,10562.6064453125,10669.37109375,63314794397,10682.46958705357,10711.352864583334,0.023124708925124526,10668.96875,130.50650558523824,55.59763777536104,2
282,11064.4580078125,11102.671875,10846.8505859375,10927.9130859375,22799117613,10752.2529296875,10717.061058407739,0.013629236597062944,10915.685546875,183.79229987471047,62.63166312821837,2
283,11296.361328125,11442.2109375,11056.9404296875,11059.142578125,22877978588,10858.97181919643,10726.68080357143,0.02095930231275278,11064.4580078125,250.94191776272444,66.581080463495,2
284,11384.181640625,11428.8134765625,11288.6279296875,11296.08203125,19968627060,10961.057338169643,10747.914620535714,0.0077742124166433335,11296.361328125,301.3464614310279,67.81865339463343,2
285,11555.36328125,11698.4677734375,11240.6865234375,11392.6357421875,26163972642,11069.91782924107,10799.96716889881,0.01503679807902314,11384.181640625,362.16347352497706,73.30808045465947,0
286,11425.8994140625,11548.984375,11321.224609375,11548.7197265625,24241420251,11187.273995535714,10842.22619047619,-0.011203790312466544,11555.36328125,316.38290600865736,66.06861996074694,1
287,11429.5068359375,11539.9775390625,11307.8310546875,11429.0478515625,24103426719,11295.922293526786,10898.574776785714,0.0003157232305546209,11425.8994140625,226.56644062750127,68.40656431384483,2
288,11495.349609375,11569.9140625,11303.603515625,11426.6025390625,24487233058,11378.7314453125,10933.58826264881,0.005760771167350187,11429.5068359375,160.82282879901365,76.49516220225699,0
289,11322.123046875,11540.0615234375,11223.0126953125,11502.828125,25635480772,11415.540736607143,10963.559988839286,-0.01506927308750361,11495.349609375,91.41128974202283,70.92762858044385,1
290,11358.1015625,11386.26171875,11285.345703125,11322.123046875,19130430174,11424.360770089286,10992.482747395834,0.0031777181254826203,11322.123046875,80.2985260713374,72.56593765003169,2
291,11483.359375,11483.359375,11347.578125,11355.982421875,18283314340,11438.529017857143,11026.20131138393,0.011028058853915557,11358.1015625,80.77583999212459,72.64232919762651,2
292,11742.037109375,11799.0927734375,11408.2900390625,11495.0380859375,23860769928,11465.196707589286,11075.362490699405,0.02252631185070797,11483.359375,137.01409583403807,74.55290166566245,2
293,11916.3349609375,11999.91796875,11681.48046875,11745.974609375,30915821592,11535.25892857143,11126.395554315477,0.014843919324981414,11742.037109375,216.1240451824728,84.21275132746743,2
294,12823.689453125,13184.56640625,11900.9287109375,11913.0771484375,43414712626,11734.42787388393,11223.500232514882,0.07614375520341321,11916.3349609375,524.634705851432,89.03335899664017,2
295,12965.8916015625,13161.59375,12717.09375,12801.6357421875,34729759598,11944.505301339286,11335.235444568452,0.011089019970212055,12823.689453125,683.3576741412592,88.60175021632239,1
296,12931.5390625,13015.9619140625,12752.6474609375,12971.548828125,28974975003,12174.421875,11447.405180431548,-0.0026494544392426933,12965.8916015625,709.3084453581497,86.73668555485742,2
297,13108.0625,13145.06640625,12885.7470703125,12931.57421875,24542317940,12424.416294642857,11569.24962797619,0.0136506131750318,12931.5390625,681.4856710428946,86.44119733830534,0
298,13031.173828125,13329.18359375,12910.0615234375,13108.0634765625,24406920575,12645.532645089286,11681.706333705357,-0.0058657541398662305,13108.0625,566.6944818281901,83.27451255834069,1
299,13075.248046875,13225.2978515625,12822.3828125,13031.201171875,29461458313,12835.99135044643,11790.368629092261,0.003382214014740148,13031.173828125,416.5903921037873,82.36899222742538,2
300,13654.21875,13759.6689453125,13060.837890625,13075.2421875,33749878156,13084.260463169643,11935.59779575893,0.04427990207523247,13075.248046875,268.80930819949447,89.83046646248118,0
301,13271.28515625,13837.6953125,12932.2509765625,13654.21484375,35867318895,13148.202706473214,12059.517624627977,-0.02804507535445777,13654.21875,249.0017992717506,78.98994687377318,2
302,13437.8828125,13612.0478515625,12980.0595703125,13271.298828125,56499499598,13215.63002232143,12179.622256324405,0.012553242153156674,13271.28515625,255.23306363657818,79.63585729644171,2
303,13546.5224609375,13651.5166015625,13136.1982421875,13437.8740234375,30581485201,13303.484793526786,12297.81580171131,0.00808458072996765,13437.8828125,246.85232000668597,84.61831904445637,2
304,13780.9951171875,14028.2138671875,13457.5302734375,13546.5322265625,30306464719,13399.61802455357,12416.13169642857,0.01730869726353168,13546.5224609375,285.99284868619054,85.51335155776523,1
305,13737.109375,13862.033203125,13628.3779296875,13780.9951171875,24453857900,13500.46595982143,12528.175874255952,-0.003184511845067406,13780.9951171875,257.4582815420755,83.8414001105054,0
306,13550.4892578125,13808.3232421875,13243.16015625,13737.0322265625,30771455468,13568.35756138393,12623.181873139882,-0.013585108198026608,13737.109375,176.6049123136803,77.7556121835695,2
307,13950.30078125,13984.9814453125,13325.44140625,13550.451171875,29869951617,13610.654994419643,12743.39146205357,0.02950532012761009,13550.4892578125,228.44428201830846,79.1957334702953,2
308,14133.70703125,14218.7666015625,13580.4716796875,13950.48828125,35116364962,13733.858119419643,12872.162899925595,0.013147117963686394,13950.30078125,246.73846343375791,73.73754425602456,2
309,15579.8486328125,15706.404296875,14102.0888671875,14133.7333984375,40856321439,14039.853236607143,13066.662853422618,0.10231863433740651,14133.70703125,710.6250449496375,82.1652993940163,1
310,15565.880859375,15903.4375,15226.83984375,15579.7294921875,39837841971,14328.3330078125,13268.746558779761,-0.0008965281862933772,15579.8486328125,869.1728567554821,82.57958281762836,0
311,14833.75390625,15737.095703125,14423.203125,15565.880859375,35024953706,14478.727120535714,13434.253813244048,-0.0470340843373509,15565.880859375,849.5402210994149,68.76348244240377,2
312,15479.5673828125,15637.3203125,14744.1103515625,14833.75390625,26632075029,14727.649693080357,13624.54943266369,0.04353675277640923,14833.75390625,851.2988844347375,73.69048476220551,0
313,15332.3154296875,15785.13671875,14865.529296875,15479.595703125,34149115566,14982.1962890625,13795.515066964286,-0.009512665921690977,15479.5673828125,692.1722954851356,71.4117026904089,1
314,15290.90234375,15450.3291015625,15124.9599609375,15332.3505859375,25574938143,15173.71079799107,13956.208751860118,-0.0027010327388199418,15332.3154296875,524.1439622643495,67.28982915301125,2
315,15701.33984375,15916.2607421875,15290.0068359375,15290.9091796875,29772374934,15397.65834263393,14093.239722842261,0.02684194109497806,15290.90234375,286.9606288038365,75.52264279443017,2
316,16276.34375,16305.00390625,15534.771484375,15701.298828125,34175758344,15497.157645089286,14250.880301339286,0.03662132734990031,15701.33984375,440.3923212810705,77.45661856835608,1
317,16317.80859375,16463.177734375,15992.15234375,16276.4404296875,31599492172,15604.575892857143,14412.13123139881,0.002547552717421464,16276.34375,540.3157594625173,77.15979350955092,0
318,16068.138671875,16317.80859375,15749.193359375,16317.80859375,27481710135,15780.916573660714,14553.087239583334,-0.015300456580341737,16317.80859375,438.69092853079485,72.34841711256277,0
319,15955.587890625,16123.1103515625,15793.5341796875,16068.1396484375,23653867583,15848.919503348214,14692.345052083334,-0.007004593596581565,16068.138671875,420.7188946065722,71.39043143151136,2
320,16716.111328125,16816.181640625,15880.7060546875,15955.5771484375,31526766675,16046.60463169643,14865.719494047618,0.04766502135260464,15955.587890625,460.7263019625237,77.48134774703776,2
321,17645.40625,17782.919921875,16564.544921875,16685.69140625,39006849170,16382.962332589286,15055.776041666666,0.05559276937282975,16716.111328125,641.1886745144478,79.37721777812561,2
322,17804.005859375,18393.94921875,17352.90625,17645.19140625,49064800278,16683.343191964286,15271.619884672618,0.008988152900985202,17645.40625,751.652885416497,79.29555099443425,1
323,17817.08984375,18119.546875,17382.5546875,17803.861328125,36985055355,16903.449776785714,15480.153552827382,0.0007348899162549216,17804.005859375,833.7162711651875,73.15408403745914,2
324,18621.314453125,18773.2265625,17765.794921875,17817.083984375,36992873940,17232.522042410714,15721.810314360118,0.045137820846602006,17817.08984375,1001.7119083312123,77.17651771757707,1
325,18642.232421875,18936.62109375,18444.359375,18621.31640625,39650210707,17600.24972098214,15953.297805059523,0.0011233347035009,18621.314453125,975.1486796921358,88.78090235349524,0
326,18370.001953125,18688.96875,17671.384765625,18642.232421875,41280434226,17945.166015625,16173.91173735119,-0.014602889964538845,18642.232421875,678.2729164965007,81.85636696819556,1
327,18364.12109375,18711.42578125,18000.796875,18370.017578125,42741112308,18180.59598214286,16403.132300967263,-0.000320133845930215,18370.001953125,415.78879738693263,84.4892099885731,2
328,19107.46484375,19348.271484375,18128.65625,18365.015625,51469565009,18389.461495535714,16648.71154203869,0.040478046632625775,18364.12109375,466.2914257962465,87.43763842162942,0
329,18732.12109375,19390.96484375,18581.146484375,19104.41015625,43710357371,18522.049386160714,16867.683640252977,-0.01964382784787766,19107.46484375,399.2005802809536,79.9358132457138,0
330,17150.623046875,18866.28515625,16351.03515625,18729.83984375,61396835737,18426.83984375,16942.482421875,-0.08442706722639481,18732.12109375,615.9754958151315,57.203271049844275,1
331,17108.40234375,17445.0234375,16526.423828125,17153.9140625,38886494645,18210.709542410714,17015.93582589286,-0.0024617591448197196,17150.623046875,779.9600188774417,56.512966593339264,2
332,17717.4140625,17853.939453125,16910.65234375,17112.93359375,32601040734,18078.592633928572,17153.252976190477,0.03559722915754793,17108.40234375,772.9780159373698,62.82739182994294,2
333,18177.484375,18283.62890625,17559.1171875,17719.634765625,31133957704,18051.09012276786,17281.72521391369,0.02596712538731971,17717.4140625,764.2573243604356,66.39474934982246,2
334,19625.8359375,19749.263671875,18178.322265625,18178.322265625,47728480399,18231.335100446428,17486.178571428572,0.07967832801396635,18177.484375,971.1637156358141,69.49153562443004,0
335,18802.998046875,19845.974609375,18321.921875,19633.76953125,49633658712,18187.83984375,17653.421223958332,-0.04192625951044282,19625.8359375,931.388400108315,57.86662362735888,2
336,19201.091796875,19308.330078125,18347.71875,18801.744140625,37387697139,18254.83565848214,17820.076078869046,0.021171823185194727,18802.998046875,991.9613969477053,59.19485207161441,2
337,19445.3984375,19566.19140625,18925.78515625,19205.92578125,31930317405,18582.660714285714,17970.983444940477,0.012723580680175761,19201.091796875,944.2628383090517,60.40009919897328,0
338,18699.765625,19511.404296875,18697.193359375,19446.966796875,33872388058,18809.99832589286,18084.409970238095,-0.038344949058079725,19445.3984375,686.5727609327471,50.50485067395121,2
339,19154.23046875,19160.44921875,18590.193359375,18698.384765625,27242455064,19015.2578125,18231.366722470237,0.024303237423597412,18699.765625,492.9719623527626,53.12068832925445,2
340,19345.12109375,19390.5,18897.89453125,19154.1796875,25293775714,19182.063058035714,18392.77306547619,0.009965977245154134,19154.23046875,334.24184262408016,56.002988622888836,0
341,19191.630859375,19411.828125,18931.142578125,19343.12890625,26896357742,19120.033761160714,18510.654947916668,-0.007934312410408761,19345.12109375,272.80316308748996,55.00335024951506,0
342,18321.14453125,19283.478515625,18269.9453125,19191.529296875,31692288756,19051.19754464286,18542.832961309523,-0.0453576006387062,19191.630859375,398.1358183975386,45.31768203186241,2
343,18553.916015625,18626.29296875,17935.546875,18320.884765625,34420373071,18958.74386160714,18578.54296875,0.012705073309037251,18321.14453125,431.2886943120768,48.9205092244339,0
344,18264.9921875,18553.298828125,17957.064453125,18553.298828125,25547132265,18790.114397321428,18599.871651785714,-0.015572121156616547,18553.916015625,439.9748217342481,58.003739849031305,0
345,18058.904296875,18268.453125,17619.533203125,18263.9296875,27919640985,18698.56277901786,18573.09021577381,-0.011283218109780502,18264.9921875,521.1046729780518,56.66979605094546,2
346,18803.65625,18919.55078125,18046.041015625,18051.3203125,21752580802,18648.48074776786,18580.77706473214,0.041240151721379625,18058.904296875,485.6532724752887,57.47981151858373,2
347,19142.3828125,19381.53515625,18734.33203125,18806.765625,25450468637,18619.518136160714,18617.557105654763,0.018013866983980886,18803.65625,441.1942607277347,56.7571656090159,2
348,19246.64453125,19305.099609375,19012.708984375,19144.4921875,22473997681,18627.37723214286,18659.58203125,0.005446642655266398,19142.3828125,453.4049778841898,46.728698273108016,2
349,19417.076171875,19525.0078125,19079.841796875,19246.919921875,26741982541,18783.938895089286,18674.32542782738,0.008855135259981495,19246.64453125,515.0601117033234,55.96966636034298,2
350,21310.59765625,21458.908203125,19298.31640625,19418.818359375,44409011479,19177.750558035714,18797.110026041668,0.09751836309514528,19417.076171875,1067.4894301718507,65.8878288833991,2
351,22805.162109375,23642.66015625,21234.67578125,21308.3515625,71378606374,19826.346261160714,19066.37379092262,0.07013245133867341,21310.59765625,1644.0526207207631,71.29396106280225,2
352,23137.9609375,23238.6015625,22399.8125,22806.796875,40387896275,20551.92578125,19353.495628720237,0.014593135822884129,22805.162109375,1842.7848176880468,79.68227180103455,2
353,23869.83203125,24085.85546875,22826.47265625,23132.865234375,38487546580,21275.665178571428,19646.467912946428,0.03163075154837203,23137.9609375,2027.3381492758347,80.40919615741926,0
354,23477.294921875,24209.66015625,23147.7109375,23861.765625,37844228422,21894.938337053572,19898.83984375,-0.01644490454985592,23869.83203125,1926.6717843882757,75.97144663429964,0
355,22803.08203125,24059.982421875,22159.3671875,23474.455078125,45852713981,22403.000837053572,20050.137276785714,-0.028717656479103182,23477.294921875,1542.5496938864335,71.30411539086363,2
356,23783.029296875,23789.90234375,22430.60546875,22794.0390625,44171632681,23026.708426339286,20287.28162202381,0.042974334095805755,22803.08203125,870.0969001517273,81.80911516610783,0
357,23241.345703125,24024.490234375,22802.646484375,23781.974609375,51146161904,23302.52957589286,20479.674665178572,-0.022776055438033516,23783.029296875,430.2912838035822,76.35069079372106,2
358,23735.94921875,23768.337890625,22777.59765625,23240.203125,41080759713,23435.499162946428,20683.98660714286,0.021281190940612982,23241.345703125,393.1953174525424,80.0602034684066,2
359,24664.791015625,24710.1015625,23463.673828125,23733.5703125,42068395846,23653.617745535714,20968.03543526786,0.03913227940938091,23735.94921875,579.8296872019683,83.62543122732018,2
360,26437.037109375,26718.0703125,24522.689453125,24677.015625,48332647295,24020.361328125,21314.835751488095,0.07185327832809496,24664.791015625,1209.433996202351,85.17606614336114,0
361,26272.294921875,28288.83984375,25922.76953125,26439.373046875,66479895605,24419.647042410714,21644.701171875,-0.0062314920850786715,26437.037109375,1439.7143098924057,83.39142010962915,2
362,27084.80859375,27389.111328125,26207.640625,26280.822265625,49056742893,25031.322265625,22020.56677827381,0.03092663485588698,26272.294921875,1544.2064506417832,84.42467084540542,2
363,27362.4375,27370.720703125,25987.298828125,27081.810546875,45265946774,25542.66629464286,22451.104538690477,0.010250355112868093,27084.80859375,1650.9086014091904,84.56996099600987,2
364,28840.953125,28937.740234375,27360.08984375,27360.08984375,51287442704,26342.610212053572,22940.963448660714,0.054034499850387885,27362.4375,1705.6886641758233,83.99185086102347,2
365,29001.720703125,29244.876953125,28201.9921875,28841.57421875,46754964848,27094.86328125,23452.236235119046,0.005574281038085438,28840.953125,1514.9937966591892,81.80034760853746,2
366,29374.15234375,29600.626953125,28803.5859375,28994.009765625,40730301359,27767.62918526786,23991.057570684523,0.012841708408869223,29001.720703125,1284.0591177008682,81.87408134148401,2
367,32127.267578125,33155.1171875,29091.181640625,29376.455078125,67865420765,28580.51925223214,24625.51525297619,0.09372577639540935,29374.15234375,1936.6331060100583,84.9779078119625,2
368,32782.0234375,34608.55859375,32052.31640625,32129.408203125,78665235202,29510.48046875,25275.021949404763,0.020380066800975483,32127.267578125,2189.9097977520996,88.55761643110527,0
369,31971.9140625,33440.21875,28722.755859375,32810.94921875,81163475344,30208.63839285714,25880.987165178572,-0.024712000360334718,32782.0234375,2063.04909523354,87.5713219666375,2
370,33992.4296875,34437.58984375,30221.1875,31977.041015625,67547324782,31155.780133928572,26575.051618303572,0.06319658000613337,31971.9140625,2060.489590332798,88.5479440336453,2
371,36824.36328125,36879.69921875,33514.03515625,34013.61328125,75289433811,32296.26729910714,27313.80236235119,0.08331071417326141,33992.4296875,2681.515060262593,93.72388404367645,2
372,39371.04296875,40180.3671875,36491.19140625,36833.875,84762141031,33777.59905133928,28102.653831845237,0.0691574669750421,36824.36328125,3341.1860491938382,94.45628192677091,2
373,40797.609375,41946.73828125,36838.63671875,39381.765625,88107519480,35409.521484375,28943.58947172619,0.0362338992996023,39371.04296875,3610.843658056761,94.60887374948032,0
374,40254.546875,41436.3515625,38980.875,40788.640625,61984162837,36570.56138392857,29723.813988095237,-0.013311135341493308,40797.609375,3685.4248133648493,90.99339209626616,0
375,38356.44140625,41420.19140625,35984.62890625,40254.21875,79980747690,37366.90680803572,30432.344773065477,-0.047152573214749416,40254.546875,3313.893022084313,82.50750731028181,0
376,35566.65625,38346.53125,30549.599609375,38346.53125,123320567399,37880.44140625,31040.13402157738,-0.07273315912449108,38356.44140625,2522.573178102655,70.62307657677252,0
377,33922.9609375,36568.52734375,32697.9765625,35516.359375,74773277909,37870.517299107145,31522.98790922619,-0.046214502171538774,35566.65625,2540.4914141880736,64.95784713105775,2
378,37316.359375,37599.9609375,32584.66796875,33915.12109375,69364315979,37940.802455357145,32193.226655505954,0.10003249550509552,33922.9609375,2513.385913690546,67.7719312615697,2
379,39187.328125,39966.40625,36868.5625,37325.109375,63615990033,37914.55747767857,32929.00660342262,0.050138030111625875,37316.359375,2496.867011335848,69.92869962549554,0
380,36825.3671875,39577.7109375,34659.58984375,39156.70703125,67760757881,37347.09430803572,33508.08165922619,-0.06027358971670127,39187.328125,2161.261797231971,63.5257013789116,0
381,36178.140625,37864.3671875,35633.5546875,36821.6484375,57706187875,36764.75055803572,33971.94373139881,-0.017575563040677422,36825.3671875,1759.0536242931657,57.96200849051802,0
382,35791.27734375,36722.3515625,34069.3203125,36163.6484375,52359854336,36398.298549107145,34425.228608630954,-0.010693288117263444,36178.140625,1635.0218519203245,55.97765149851569,2
383,36630.07421875,37299.28515625,34883.84375,35792.23828125,49511702429,36550.21540178572,34879.76506696428,0.023435790428599335,35791.27734375,1593.7544077858838,59.24254315590536,0
384,36069.8046875,37755.890625,36069.8046875,36642.234375,57244195486,36856.90736607143,35294.40159970238,-0.015295342507474663,36630.07421875,1148.2034794706326,54.37538997812174,0
385,35547.75,36378.328125,33570.4765625,36050.11328125,66834573161,36604.24888392857,35613.77287946428,-0.014473454791977813,36069.8046875,1222.4408698753982,47.02135552098229,0
386,30825.69921875,35552.6796875,30250.75,35549.3984375,75643067688,35409.73046875,35700.628999255954,-0.1328368400602007,35547.75,2069.5163782844984,31.899143282203866,2
387,33005.76171875,33811.8515625,28953.373046875,30817.625,77207272511,34864.072544642855,35873.562779017855,0.07072224005462169,30825.69921875,2136.516973972814,34.00576516764289,0
388,32067.642578125,33360.9765625,31493.16015625,32985.7578125,48354737975,34276.85853794643,35870.72349330357,-0.02842289017956734,33005.76171875,2275.512114178771,33.46304269488695,2
389,32289.37890625,32944.0078125,31106.685546875,32064.376953125,48643830599,33776.58733258928,35847.26422991072,0.006914643868341619,32067.642578125,2272.019817450117,36.85473505888661,1
390,32366.392578125,34802.7421875,32087.787109375,32285.798828125,59897054838,33167.489955357145,35866.048921130954,0.0023851084933719235,32289.37890625,1924.478666924558,42.14243370173191,2
391,32569.849609375,32794.55078125,31030.265625,32358.61328125,60255421470,32667.49637276786,35798.30701264881,0.006286058316783416,32366.392578125,1437.9091844877473,46.42487617757605,0
392,30432.546875,32564.029296875,29367.138671875,32564.029296875,62576762015,31936.753069196428,35493.93480282738,-0.06562212475675022,32569.849609375,945.7567347009214,30.518852844298607,2
393,33466.09765625,33858.3125,30023.20703125,30441.041015625,76517157706,32313.95284598214,35212.74693080357,0.09968113394222766,30432.546875,955.2688376839892,34.808578767908315,2
394,34316.38671875,38406.26171875,32064.814453125,34318.671875,117894572511,32501.184988839286,34904.117280505954,0.02540747568580648,33466.09765625,1208.3723270468902,42.756479988884905,1
395,34269.5234375,34834.70703125,32940.1875,34295.93359375,65141828798,32815.73939732143,34619.11616443453,-0.0013656239986477026,34316.38671875,1354.4637684640638,44.291876620066084,0
396,33114.359375,34288.33203125,32270.17578125,34270.87890625,52754542671,32933.59375,34369.49321056547,-0.03370820328466961,34269.5234375,1336.80736494842,42.34585912577015,2
397,33537.17578125,34638.21484375,32384.228515625,33114.578125,61400400660,33100.84849330357,34272.851283482145,0.012768370405776608,33114.359375,1327.2213229683227,40.94094155939253,2
398,35510.2890625,35896.8828125,33489.21875,33533.19921875,63088585433,33520.91127232143,34348.43833705357,0.05883361479570781,33537.17578125,1573.6037999018592,48.4864533581301,2
399,37472.08984375,37480.1875,35443.984375,35510.8203125,61166818159,34526.560267857145,34355.85407366072,0.055245981743407446,35510.2890625,1519.4232267274479,54.8293605862314,0
400,36926.06640625,38592.17578125,36317.5,37475.10546875,68838074392,35020.841517857145,34248.17494419643,-0.014571470120209207,37472.08984375,1672.0612394272755,69.36955016133706,2
401,38144.30859375,38225.90625,36658.76171875,36931.546875,58598066402,35567.6875,34310.98167782738,0.032991388091470286,36926.06640625,1997.5501263327317,67.37698958491299,2
402,39266.01171875,40846.546875,38138.38671875,38138.38671875,71326033653,36281.47154017857,34458.023158482145,0.029406828078771152,38144.30859375,2322.6133824136614,74.04413291098693,0
403,38903.44140625,39621.8359375,37446.15234375,39250.19140625,65500641143,37108.48325892857,34606.22144717262,-0.009233693380855112,39266.01171875,2017.5763255334277,71.88650505398334,2
404,46196.46484375,46203.9296875,38076.32421875,38886.828125,101467222687,38916.953125,35061.76385788691,0.18746473766529936,38903.44140625,3448.838325355106,80.97312969414142,2
405,46481.10546875,48003.72265625,45166.9609375,46184.9921875,91809846886,40484.212611607145,35557.54008556547,0.006161523959955284,46196.46484375,4078.068156264641,81.04206630204202,0
406,44918.18359375,47145.56640625,43881.15234375,46469.76171875,87301089896,41547.94029017857,36003.75120907738,-0.03362488605290981,46481.10546875,4132.199543535436,83.17414173857797,2
407,47909.33203125,48463.46875,44187.76171875,44898.7109375,81388911810,43116.978236607145,36817.257533482145,0.0665910372634968,44918.18359375,4169.789454090535,83.14139986899286,0
408,47504.8515625,48745.734375,46424.9765625,47877.03515625,76555041196,44454.19866071428,37507.69038318453,-0.008442623839676311,47909.33203125,3793.233982088189,80.89427628406379,0
409,47105.515625,48047.74609375,46392.28125,47491.203125,70250456155,45574.12779017857,38223.779575892855,-0.008406213773231364,47504.8515625,3100.114335859071,79.58012958310019,2
410,48717.2890625,49487.640625,47114.5078125,47114.5078125,71248675228,46976.10602678572,39006.06101190476,0.03421623595697554,47105.515625,1244.1100227367326,85.21534669177547,0
411,47945.05859375,48875.5703125,46347.4765625,48696.53515625,77069903166,47225.90513392857,39747.902250744046,-0.01585126109458379,48717.2890625,1237.0051224145932,82.01323781369504,2
412,49199.87109375,50341.1015625,47201.3046875,47944.45703125,77049582886,47614.30022321428,40539.80803571428,0.026171883752032166,47945.05859375,1382.4464961855583,81.42016555837174,2
413,52149.0078125,52533.9140625,49072.37890625,49207.27734375,80820545404,48647.275111607145,41573.92522321428,0.05994196027730325,49199.87109375,1697.6561336734273,82.22573835138789,0
414,51679.796875,52474.10546875,51015.765625,52140.97265625,52054723579,49185.91294642857,42441.244233630954,-0.008997504596578998,52149.0078125,1996.3688422187272,82.50403314710776,2
415,55888.1328125,56113.65234375,50937.27734375,51675.98046875,63495496918,50383.52455357143,43468.47023809524,0.08143096900475189,51679.796875,3054.144728910038,84.54078303165277,1
416,56099.51953125,57505.2265625,54626.55859375,55887.3359375,68145460026,51668.38225446428,44507.993861607145,0.0037823185014820293,55888.1328125,3325.107542597194,83.97275984713679,2
417,57539.9453125,58330.5703125,55672.609375,56068.56640625,51897585191,52928.76171875,45671.11700148809,0.025676258785917394,56099.51953125,3673.881870218023,86.04340398103268,0
418,54207.3203125,57533.390625,48967.56640625,57532.73828125,92052420332,53823.37053571428,46655.40959821428,-0.05791845963531039,57539.9453125,2948.999510277046,68.29591945430711,0
419,48824.42578125,54204.9296875,45290.58984375,54204.9296875,106102492824,53769.73549107143,47289.416108630954,-0.09930198541853996,54207.3203125,3048.8290979743515,54.340974270090534,2
420,49705.33203125,51290.13671875,47213.5,48835.0859375,63695521388,53420.638950892855,47871.951450892855,0.018042326886684945,48824.42578125,3386.534406722674,59.09803196066891,0
421,47093.8515625,51948.96875,47093.8515625,49709.08203125,54506565949,52765.50390625,48356.13169642857,-0.052539242009451814,49705.33203125,4139.343461733849,48.4274762561818,0
422,46339.76171875,48370.78515625,44454.84375,47180.46484375,350967941479,51401.450892857145,48746.39136904762,-0.016012490351298148,47093.8515625,4496.662702787461,47.78320026673275,1
423,46188.453125,48253.26953125,45269.02734375,46344.7734375,45910946382,49985.584263392855,49076.03143601191,-0.003265200081699504,46339.76171875,4328.021129520557,48.238492592406956,0
424,45137.76953125,46716.4296875,43241.6171875,46194.015625,53443887451,48213.84486607143,49372.904203869046,-0.022747754528746222,46188.453125,3078.151901120393,42.97293686895139,2
425,49631.2421875,49784.015625,45115.09375,45159.50390625,53891300112,47560.119419642855,49536.46502976191,0.09955017057586457,45137.76953125,1823.270106288869,52.888213673066865,0
426,48378.98828125,50127.51171875,47228.84375,49612.10546875,47530897720,47496.48549107143,49626.84040178572,-0.025231161886280384,49631.2421875,1779.0266056363153,48.59381101798645,2
427,50538.2421875,52535.13671875,48274.3203125,48415.81640625,53220811975,47615.47265625,49894.462239583336,0.04463205996986197,48378.98828125,1969.0856221962415,47.16397807309299,0
428,48561.16796875,51735.08984375,47656.9296875,50522.3046875,52343816680,47825.08928571428,49925.502046130954,-0.039120359814156846,50538.2421875,1982.3582868410144,44.7859811637562,2
429,48927.3046875,49396.4296875,46542.515625,48527.03125,48625928883,48194.73828125,49993.23790922619,0.007539701660092213,48561.16796875,1898.712915630349,36.6466578202507,1
430,48912.3828125,49147.21875,47257.52734375,48899.23046875,34363564661,48583.87109375,50079.279203869046,-0.0003049805235605385,48927.3046875,1686.244720307213,36.107801060300176,2
431,51206.69140625,51384.3671875,48918.6796875,48918.6796875,43137459378,49450.85993303572,50197.822172619046,0.046906498146797926,48912.3828125,1064.769961154298,38.14947663836393,2
432,52246.5234375,52314.0703125,49506.0546875,51174.1171875,48597428048,49824.47154017857,50402.65383184524,0.020306565464276005,51206.69140625,1506.01613883472,45.98668058050512,2
433,54824.1171875,54824.1171875,51981.83203125,52272.96875,50912227385,50745.20424107143,50670.47507440476,0.049335220420617,52246.5234375,2257.62786511516,63.87319894305355,2
434,56008.55078125,57258.25390625,53290.890625,54824.01171875,57295577614,51526.67689732143,50854.26283482143,0.021604243798385436,54824.1171875,2999.066198757888,64.37329243977487,2
435,57805.12109375,58091.0625,54484.59375,55963.1796875,56772343595,52847.24162946428,51145.94494047619,0.032076714848716215,56008.55078125,3473.321374586723,75.3678079359367,0
436,57332.08984375,57996.62109375,55376.6484375,57821.21875,55689944702,54047.92522321428,51214.704799107145,-0.008183206626845796,57805.12109375,3342.659581258316,76.38470089470557,2
437,61243.0859375,61683.86328125,56217.97265625,57343.37109375,60669829814,55809.45424107143,51459.63653273809,0.06821652767950437,57332.08984375,3433.0717281552593,80.61059057209448,0
438,59302.31640625,61597.91796875,59302.31640625,61221.1328125,43901225564,56965.97209821428,51543.55896577381,-0.031689610370558396,61243.0859375,2954.313638789997,77.7947143098485,0
439,55907.19921875,60540.9921875,55393.1640625,59267.4296875,66419369890,57488.92578125,51624.505580357145,-0.05725100456855314,59302.31640625,2209.8738623509066,62.86990735304037,2
440,56804.90234375,56833.1796875,53555.02734375,55840.78515625,59749798599,57771.89508928572,52004.52827380953,0.01605702194966918,55907.19921875,1919.524105158367,67.53371997407945,2
441,58870.89453125,58969.81640625,54528.62890625,56825.828125,60258313191,58180.80133928572,52440.98363095238,0.036369962842253134,56804.90234375,1781.1711090102333,67.40721373632803,0
442,57858.921875,60116.25,54253.578125,58893.078125,55746041000,58188.48716517857,52953.60602678572,-0.017189693893861602,58870.89453125,1779.3950449821405,70.2394543278662,2
443,58346.65234375,59498.375,56643.703125,57850.44140625,49063873786,58333.42466517857,53525.36272321428,0.008429650137686817,57858.921875,1738.8709007025539,70.39616909273087,1
444,58313.64453125,60031.28515625,58213.296875,58332.26171875,50361731222,57914.93303571428,54102.75279017857,-0.0005657190459794625,58346.65234375,1186.7566362703408,70.3410746496022,0
445,57523.421875,58767.8984375,56005.6171875,58309.9140625,51943414539,57660.80524553572,54692.54575892857,-0.013551247955811196,58313.64453125,1018.7189437661202,64.61869581890599,0
446,54529.14453125,58471.48046875,54288.15625,57517.890625,56521454974,57463.94029017857,54925.779203869046,-0.05205318540083803,57523.421875,1454.1666442797377,54.84439194715622,1
447,54738.9453125,55985.44140625,53470.6953125,54511.66015625,56435023914,57168.80357142857,55228.63430059524,0.0038474981233158623,54529.14453125,1782.7474400614485,49.799043549043546,0
448,52774.265625,57262.3828125,52514.33203125,54710.48828125,70567223787,56297.85658482143,55335.111607142855,-0.035891807492523076,54738.9453125,2242.5484076160815,42.63994144501874,0
449,51704.16015625,53392.38671875,50856.5703125,52726.74609375,67999812841,55418.60491071428,55484.77790178572,-0.020277031922222966,52774.265625,2690.3431520823037,35.64169386617401,2
450,55137.3125,55137.3125,51579.85546875,51683.01171875,56652197978,54960.12779017857,55780.49255952381,0.06639992475218648,51704.16015625,2361.5648913228556,45.466371559311014,2
451,55973.51171875,56568.21484375,54242.91015625,55137.56640625,47266542233,54625.82310267857,56116.73679315476,0.015165759461888806,55137.3125,1934.7905787199857,37.53101738119485,1
452,55950.74609375,56610.3125,55071.11328125,55974.94140625,47686580918,54401.15513392857,56342.64415922619,-0.0004067213991215679,55973.51171875,1605.5372888152338,41.27773379380285,2
453,57750.19921875,58342.09765625,55139.33984375,55947.8984375,57625587027,54861.30580357143,56604.723958333336,0.03216137854506651,55950.74609375,2048.741257435005,55.23072447520691,2
454,58917.69140625,59447.22265625,57251.55078125,57750.1328125,54414116432,55458.26953125,56799.65606398809,0.020216245195582738,57750.19921875,2553.715484746148,55.905983663803326,1
455,58918.83203125,59930.02734375,57726.41796875,58930.27734375,65520826225,56336.064732142855,56938.240885416664,1.9359634988669328e-05,58917.69140625,2533.3351405759067,50.15149001390468,1
456,59095.80859375,59586.0703125,58505.27734375,58926.5625,61669163792,57392.01450892857,56999.70219494047,0.0030037350775407035,58918.83203125,1676.4624596008023,54.12653098139977,1
457,59384.3125,60267.1875,58869.28125,59098.87890625,58727860620,57998.728794642855,57097.427083333336,0.004881969011259368,59095.80859375,1481.6664511868944,53.50850615386281,0
458,57603.890625,60110.26953125,57603.890625,59397.41015625,59641344484,58231.64006696428,56924.13206845238,-0.029981350293480258,59384.3125,1214.2674187711377,47.85380801222015,2
459,58758.5546875,58913.74609375,57168.67578125,57604.83984375,50749662970,58632.755580357145,56898.23865327381,0.0200448971410081,57603.890625,682.5904458302897,53.65431848787395,2
460,59057.87890625,59891.296875,57694.82421875,58760.875,60706272115,58819.56696428572,57048.27101934524,0.005094138552963257,58758.5546875,570.542572042982,65.94099435760333,0
461,58192.359375,59479.578125,57646.80859375,59171.93359375,66058027988,58715.94810267857,57114.34040178572,-0.014655445594718208,59057.87890625,613.9646886781609,61.61952042209501,0
462,56048.9375,58731.14453125,55604.0234375,58186.5078125,75645303584,58305.963169642855,56979.96149553572,-0.036833390122360865,58192.359375,1165.9678370903828,60.887164222523516,2
463,58323.953125,58338.73828125,55879.0859375,56099.9140625,53053855641,58195.69810267857,57002.10584077381,0.04058980823677527,56048.9375,1114.16973066178,70.37605354075542,1
464,58245.00390625,58937.046875,57807.86328125,58326.5625,46655208546,58032.939732142855,56997.26543898809,-0.0013536328475677317,58323.953125,987.6267850110561,62.05480269870819,2
465,59793.234375,61276.6640625,58038.70703125,58253.77734375,58238470525,58345.703125,57067.72209821428,0.026581343719059625,58245.00390625,1160.6210631079164,64.04115814652215,2
466,60204.96484375,60790.5546875,59289.796875,59846.23046875,46280252580,58552.33314732143,57195.41462053572,0.006885903949730876,59793.234375,1358.294486728186,65.20358180685136,0
467,59893.453125,61253.03515625,59589.875,60175.9453125,51828688519,58671.700892857145,57450.85788690476,-0.005174186540237491,60204.96484375,1444.1300233182521,58.57102554000743,2
468,63503.45703125,63742.28515625,59869.95703125,59890.01953125,69983454362,59430.42912946428,57868.21558779762,0.06027376479221824,59893.453125,2294.9033558618366,65.34171487595745,0
469,63109.6953125,64863.09765625,61554.796875,63523.75390625,77451779687,60439.10881696428,58360.37890625,-0.00620063437737306,63503.45703125,2104.7549143998876,63.6616693030016,1
470,63314.01171875,63821.671875,62208.96484375,63075.1953125,60954381579,61151.974330357145,58913.22898065476,0.003237480473297971,63109.6953125,2113.997079400999,63.726326643508536,0
471,61572.7890625,63594.72265625,60222.53125,63258.50390625,84293007468,61627.37220982143,59219.68024553572,-0.027501379378466195,63314.01171875,1681.1944115150436,56.50631574253176,0
472,60683.8203125,62572.17578125,60361.3515625,61529.921875,66138759198,61754.59877232143,59443.98065476191,-0.014437688523377457,61572.7890625,1547.6546930884874,59.6691127778241,0
473,56216.18359375,61057.45703125,52829.53515625,60701.88671875,97468872758,61184.77287946428,59456.62053571428,-0.0736215468265391,60683.8203125,2593.9409153734464,43.39287371168818,0
474,55724.265625,57520.0546875,54368.59375,56191.5859375,65344865159,60589.17466517857,59360.14750744047,-0.008750468945115109,56216.18359375,3317.5706215154823,41.42245326048392,2
475,56473.03125,57062.1484375,53448.046875,55681.79296875,67849323955,59584.828125,59243.73511904762,0.013436976092944253,55724.265625,3352.26938227917,45.54934560977326,0
476,53906.08984375,56757.97265625,53695.46875,56471.12890625,54926612466,58270.02734375,59005.033110119046,-0.045454287638402646,56473.03125,3539.037820862922,44.572038541297886,0
477,51762.2734375,55410.23046875,50583.8125,53857.10546875,74798630778,56619.779017857145,58655.81715029762,-0.0397694659817468,53906.08984375,3487.945382654187,33.26765731862562,0
478,51093.65234375,52120.79296875,47714.6640625,51739.80859375,86668667320,55122.759486607145,58261.02380952381,-0.012917150838772984,51762.2734375,3248.4066127772517,32.29639577715777,0
479,50050.8671875,51167.5625,48805.28515625,51143.2265625,49014494781,53603.76618303572,57901.35602678572,-0.02040928977310741,51093.65234375,2644.4968810093283,25.26313429946171,0
480,49004.25390625,50506.01953125,47159.484375,50052.83203125,46117114240,52573.490513392855,57436.865513392855,-0.02091099195802515,50050.8671875,2853.672934141241,22.44852779243621,2
481,54021.75390625,54288.00390625,48852.796875,49077.79296875,58284039825,52330.27455357143,57197.05003720238,0.10238907033660749,49004.25390625,2601.8166832582506,38.27202202104577,2
482,55033.1171875,55416.96484375,53319.1875,54030.3046875,49448222757,52124.572544642855,57046.60993303572,0.018721407731506323,54021.75390625,2253.2728922733413,31.12184000349633,1
483,54824.703125,56227.20703125,53887.91796875,55036.63671875,48000572955,52255.803013392855,56988.31305803572,-0.003787066282106566,55033.1171875,2396.5177367306146,31.381105160827943,0
484,53555.109375,55115.84375,52418.02734375,54858.08984375,46088929780,52511.92243303572,56761.225260416664,-0.02315733013830157,54824.703125,2430.542773881002,29.0708687802896,2
485,57750.17578125,57900.71875,53129.6015625,53568.6640625,52395931985,53462.85435267857,56737.662016369046,0.07833176806484676,53555.109375,3015.0493787370724,42.58263601799045,1
486,57828.05078125,58448.33984375,57052.2734375,57714.6640625,42836427360,54573.880580357145,56644.08184523809,0.0013484807439372304,57750.17578125,2980.9328806006993,44.27859956747325,0
487,56631.078125,57902.59375,56141.90625,57825.86328125,38177405335,55663.42689732143,56473.896763392855,-0.020698824187899145,57828.05078125,1742.4746407989126,50.956584485522306,2
488,57200.29296875,58973.30859375,56590.87109375,56620.2734375,51713139031,56117.50390625,56345.651041666664,0.010051280367532334,56631.078125,1655.338477200155,53.391054815545,0
489,53333.5390625,57214.1796875,53191.42578125,57214.1796875,68564706967,55874.70703125,55861.369233630954,-0.06760024652955021,57200.29296875,1940.9098503220182,43.69111941713796,2
490,57424.0078125,57911.36328125,52969.0546875,53252.1640625,69241316747,56246.03627232143,55590.62220982143,0.07669599321369813,53333.5390625,1955.1390893906998,56.661447003156205,0
491,56396.515625,58363.31640625,55382.5078125,57441.30859375,69523285106,56651.951450892855,55261.21763392857,-0.01789307689659958,57424.0078125,1557.9687468342017,59.162661362921604,2
492,57356.40234375,58606.6328125,55321.84765625,56413.953125,68434023376,56595.69810267857,55060.43731398809,0.017020319573156195,56396.515625,1518.3106293418366,62.241497263487105,2
493,58803.77734375,59464.61328125,56975.2109375,57352.765625,65382980634,56735.087611607145,54970.911458333336,0.02523475916996243,57356.40234375,1685.84883501395,66.84250205387659,0
494,58232.31640625,59210.8828125,56482.00390625,58877.390625,65906690347,56963.8359375,55066.91778273809,-0.009718099130935132,58803.77734375,1775.627273252997,68.08754603075823,0
495,55859.796875,59519.35546875,54071.45703125,58250.87109375,71776546298,56772.33649553572,55073.37165178572,-0.04074231762821234,58232.31640625,1817.6633054148197,54.01943279527227,2
496,56704.57421875,56872.54296875,54608.65234375,55847.2421875,61308396325,57253.91294642857,55084.39750744047,0.01512317249631967,55859.796875,1031.1201146834844,53.68196872813822,0
497,49150.53515625,57939.36328125,49150.53515625,56714.53125,75215403907,56071.98828125,54857.94252232143,-0.1332174549686006,56704.57421875,3220.673586203738,40.55674487575631,2
498,49716.19140625,51330.84375,46980.01953125,49735.43359375,96721152926,55117.65625,54760.510044642855,0.011508648851976444,49150.53515625,4003.165802036203,43.45777824761178,1
499,49880.53515625,51438.1171875,48868.578125,49682.98046875,55737497453,54049.67522321428,54702.74255952381,0.00330563837155351,49716.19140625,4293.083344071283,34.452780356168844,0
500,46760.1875,50639.6640625,46664.140625,49855.49609375,59161047474,52329.162388392855,54546.04352678572,-0.06255641898138342,49880.53515625,4479.53459237614,30.48085991401136,0
501,46456.05859375,49720.04296875,43963.3515625,46716.63671875,64047871555,50646.83984375,54424.700892857145,-0.0065040138312105755,46760.1875,4087.216611998465,31.471980336209498,0
502,43537.51171875,46623.55859375,42207.2890625,46415.8984375,74903638450,48886.513392857145,53925.451264880954,-0.06282381595309616,46456.05859375,4121.25423230282,27.081866688612834,0
503,42909.40234375,45812.45703125,42367.83203125,43488.05859375,56187365084,46915.77455357143,53348.131510416664,-0.014426855146374762,43537.51171875,2867.214649881119,30.383008490667706,0
504,37002.44140625,43546.1171875,30681.49609375,42944.9765625,126358098747,45180.33258928572,52499.45238095238,-0.13766122609163733,42909.40234375,4500.430100735337,14.028355276964518,2
505,40782.73828125,42462.984375,35050.6171875,36753.66796875,88281943359,43904.125,51891.244233630954,0.10216344466291027,37002.44140625,4260.029467104862,24.928460254937534,0
506,37304.69140625,42172.171875,33616.453125,40596.94921875,82051616861,42107.575892857145,50917.649739583336,-0.08528232829817228,40782.73828125,3960.8296880318712,20.2113324695233,2
507,37536.6328125,38831.0546875,35383.68359375,37371.03125,57377273240,40789.92522321428,49951.39174107143,0.006217486259949112,37304.69140625,3679.2737909366624,17.221988693236952,0
508,34770.58203125,38289.21875,31227.33984375,37531.44921875,78469274361,39120.57142857143,48910.415736607145,-0.0736893688644572,37536.6328125,3312.666705746537,16.130769810289138,2
509,38705.98046875,39835.140625,34551.08203125,34700.36328125,67359584098,38430.35267857143,48029.73418898809,0.11318183957815453,34770.58203125,2682.3582564965627,26.305996221155127,0
510,38402.22265625,39776.3515625,36581.4296875,38795.78125,56211915803,37786.46986607143,47318.71912202381,-0.007847826326095597,38705.98046875,1835.1695997264526,24.335991863591588,2
511,39294.19921875,40782.078125,37905.8359375,38392.625,51346735160,38113.86383928572,46455.39490327381,0.023227211885217036,38402.22265625,1875.958609964525,33.003716624742154,0
512,38436.96875,40379.6171875,37247.90234375,39316.890625,43210968721,37778.75390625,45600.178385416664,-0.021815700174415475,39294.19921875,1489.4484193610797,30.743725881149558,0
513,35697.60546875,38856.96875,34779.0390625,38507.08203125,55200191952,37549.170200892855,44568.80710565476,-0.07126897282320166,38436.96875,1685.6364962167436,27.74329901558373,0
514,34616.06640625,37234.5,33693.9296875,35684.15625,45231013335,37131.94642857143,43417.01134672619,-0.03029724398312339,35697.60546875,2017.9458753468814,29.639909587405114,2
515,35678.12890625,36400.66796875,33520.73828125,34607.40625,31646080921,37261.595982142855,42343.00241815476,0.03068120125307594,34616.06640625,1864.2475630961526,32.378224117898924,2
516,37332.85546875,37468.25,34241.9453125,35658.59375,39009847639,37065.435267857145,41460.76711309524,0.04637929771620186,35678.12890625,1756.0368279896747,39.418155509395405,0
517,36684.92578125,37896.734375,35787.0859375,37293.79296875,34639423297,36820.107142857145,40507.450520833336,-0.017355481635803582,37332.85546875,1655.2178996915577,39.39152454268407,2
518,37575.1796875,38231.33984375,35966.30859375,36699.921875,33070867190,36574.532924107145,39956.24311755953,0.02426756732611457,36684.92578125,1320.6900874183748,51.17747688870037,2
519,39208.765625,39478.953125,37243.97265625,37599.41015625,35460750427,36684.78962053572,39455.88950892857,0.043475133082156336,37575.1796875,1519.3613123701891,46.45083800624644,0
520,36894.40625,39242.484375,35717.72265625,39242.484375,41831090187,36855.76116071428,38837.50241815476,-0.05902658087058821,39208.765625,1455.7667220470346,49.023603703934384,0
521,35551.95703125,37917.71484375,34900.4140625,36880.15625,35959473399,36989.45982142857,38303.77715773809,-0.03638625350557034,36894.40625,1243.2541833037144,45.51398180612566,2
522,35862.37890625,36436.421875,35304.578125,35538.609375,28913440585,37015.78125,37799.31622023809,0.008731498936251025,35551.95703125,1212.4327254776877,52.77598230045603,0
523,33560.70703125,36790.5703125,33480.640625,35835.265625,33683936663,36476.90290178572,37324.23028273809,-0.06418068028941804,35862.37890625,1761.8281868801064,35.73240583879618,1
524,33472.6328125,34017.38671875,31114.443359375,33589.51953125,49902050442,36018.00390625,36874.86030505953,-0.0026243254847995168,33560.70703125,2086.962649193872,36.16499718799642,2
525,37345.12109375,37537.37109375,32475.865234375,33416.9765625,53972919008,35985.138392857145,36891.178385416664,0.11569117681725527,33472.6328125,2059.9903404560805,45.31385006544178,0
526,36702.59765625,38334.32421875,35847.59375,37389.515625,43576032854,35627.11439732143,36696.88597470238,-0.01720501684509279,37345.12109375,1564.558947956999,45.786567128203096,2
527,37334.3984375,37608.6953125,36044.44921875,36697.03125,38699736985,35689.970424107145,36698.30059523809,0.01721406171757467,36702.59765625,1631.369680312316,54.43001787785335,0
528,35552.515625,37408.92578125,34728.19140625,37340.14453125,37924228550,35690.05022321428,36603.81882440476,-0.047727642256857994,37334.3984375,1631.361817810926,52.44194733206169,2
529,39097.859375,39322.78125,34864.109375,35555.7890625,40669112838,36152.26171875,36809.87965029762,0.09972131894675185,35552.515625,2083.9081096755176,57.89502162842965,2
530,40218.4765625,40978.36328125,38757.28515625,39016.96875,43148914673,37103.37165178572,36881.90327380953,0.028661855288592664,39097.859375,2218.92296627679,56.83038898466988,1
531,40406.26953125,41295.26953125,39609.46875,40427.16796875,46420149185,38093.89118303572,36977.334077380954,0.004669320789865594,40218.4765625,1843.9397166656206,59.00473288572943,0
532,38347.0625,40516.77734375,38176.03515625,40168.69140625,39211635100,38237.025669642855,36932.232328869046,-0.05096256237308472,40406.26953125,1814.7868916446632,51.76776080649156,0
533,38053.50390625,39513.671875,37439.67578125,38341.421875,37096670047,38430.01227678572,36913.97209821428,-0.007655308506355651,38347.0625,1692.0999216018672,47.181214795803506,0
534,35787.24609375,38187.26171875,35255.85546875,38099.4765625,36200887275,38208.990513392855,36918.24069940476,-0.0595545108824469,38053.50390625,1941.696077411878,47.292224391714676,1
535,35615.87109375,36457.796875,34933.0625,35854.52734375,31207279719,38218.041294642855,36965.85044642857,-0.004788717174578294,35787.24609375,1927.3443740718496,50.165812303958006,1
536,35698.296875,36059.484375,33432.07421875,35563.140625,36664034054,37732.38950892857,36966.810825892855,0.002314299179515533,35615.87109375,2090.1342263366782,49.56922587823876,0
537,31676.693359375,35721.640625,31295.935546875,35641.14453125,52809038594,36512.134765625,36697.46977306547,-0.11265533282181261,35698.296875,2777.2781055235437,45.463476758792496,2
538,32505.66015625,33292.453125,28893.62109375,31622.376953125,58964353058,35383.476283482145,36498.457124255954,0.02616961270137308,31676.693359375,2524.879716278544,47.751837436626964,2
539,33723.02734375,34753.41015625,31772.6328125,32515.71484375,46317108925,34722.89983258928,36315.02129836309,0.0374509295196066,32505.66015625,2204.912098642958,40.39269258783804,2
540,34662.4375,35228.8515625,32385.21484375,33682.80078125,33123368116,34238.46177455357,36098.52948288691,0.027856637741157764,33723.02734375,1655.1835119866882,44.672546017902036,0
541,31637.779296875,35487.24609375,31350.884765625,34659.10546875,40230904226,33645.68080357143,35848.21391369047,-0.0872604012088013,34662.4375,1748.470106289184,36.77693665057564,2
542,32186.27734375,32637.587890625,30184.501953125,31594.6640625,38585385521,33155.73883928572,35687.943452380954,0.017336806155961115,31637.779296875,1576.4302001658336,41.71166424582865,2
543,34649.64453125,34656.12890625,32071.7578125,32287.5234375,35511640894,33005.931361607145,35630.19419642857,0.07653470332064805,32186.27734375,1324.1884272324728,38.431234223966996,0
544,34434.3359375,35219.890625,33902.07421875,34679.12109375,33892523752,33399.88030133928,35671.795572916664,-0.006213875976586625,34649.64453125,1272.0027214946913,34.2134149617857,2
545,35867.77734375,36542.109375,34252.484375,34475.55859375,37901460044,33880.18275669643,35785.85007440476,0.04162825758718758,34434.3359375,1493.5415709335907,38.401766187758476,0
546,35040.8359375,36074.7578125,34086.15234375,35908.38671875,34059036099,34068.441127232145,35676.12220982143,-0.02305527321430456,35867.77734375,1552.3277160656926,40.98294289682258,0
547,33572.1171875,35035.984375,32883.78125,35035.984375,37838957079,33912.68108258928,35527.05171130953,-0.04191448950075438,35040.8359375,1537.4223801618007,38.51417712977322,2
548,33897.046875,33939.58984375,32770.6796875,33549.6015625,38728974942,34235.43359375,35363.36830357143,0.00967855812266083,33572.1171875,1174.584143410714,44.620031998007626,2
549,34668.546875,34909.26171875,33402.6953125,33854.421875,24383958643,34590.04352678572,35321.27455357143,0.022760094790705843,33897.046875,751.2429483794594,47.39275309748651,2
550,35287.78125,35937.56640625,34396.4765625,34665.56640625,24924307911,34681.20591517857,35139.84226190476,0.017861561294527206,34668.546875,797.0055821845341,48.90259616850556,0
551,33746.00390625,35284.34375,33213.66015625,35284.34375,26721554282,34582.872767857145,34831.62927827381,-0.043691535402215154,35287.78125,871.5197018991122,56.3772662445922,2
552,34235.1953125,35038.53515625,33599.91796875,33723.5078125,26501259870,34349.646763392855,34537.76860119047,0.014496276584600176,33746.00390625,664.1308611629817,55.444150490164255,0
553,33855.328125,34997.6640625,33839.2890625,34225.6796875,24796027477,34180.28850446428,34323.87648809524,-0.011095808977648836,34235.1953125,607.2138156205707,50.43962967732021,0
554,32877.37109375,33907.90625,32133.18359375,33889.60546875,29910396946,34081.0390625,34077.39397321428,-0.028886355129662422,33855.328125,760.5940631655151,44.083459783627575,2
555,33798.01171875,34042.29296875,32318.880859375,32861.671875,27436021028,34066.89118303572,33982.66852678572,0.02800225791699673,32877.37109375,765.4922368789427,58.32050821617453,0
556,33520.51953125,34209.0703125,33116.01171875,33811.2421875,22971873468,33902.88727678572,33882.88988095238,-0.008210311003178261,33798.01171875,737.5772987374295,55.24863746191439,2
557,34240.1875,34584.703125,33346.73828125,33509.078125,20108729370,33753.23102678572,33813.45610119047,0.021469475378479208,33520.51953125,466.0441325782318,48.1331748512093,0
558,33155.84765625,34592.15625,32697.30859375,34254.015625,24321499537,33668.92299107143,33883.89202008928,-0.031668630428790756,34240.1875,518.0480265675127,44.599016679873756,0
559,32702.025390625,33327.1015625,32261.419921875,33125.46875,19120856669,33449.898716517855,33893.24274553572,-0.013687548281983153,33155.84765625,561.05076193543,35.41945190923937,1
560,32822.34765625,33061.3984375,31639.125,32723.845703125,21376531210,33302.330078125,33850.353236607145,0.003679352094793975,32702.025390625,572.3751030474216,39.07090585937831,0
561,31780.73046875,33159.640625,31175.708984375,32827.875,21300524237,33145.66713169643,33713.12909226191,-0.031734999531688124,32822.34765625,809.1715756350932,40.7872839829581,0
562,31421.5390625,32218.40625,31100.673828125,31841.55078125,23699476918,32806.17103794643,33702.831938244046,-0.011302175908234458,31780.73046875,972.0093267665635,37.313703234382096,1
563,31533.068359375,31935.9453125,31223.990234375,31397.30859375,18895018942,32522.249441964286,33671.72674851191,0.003549453661488622,31421.5390625,1017.7613619747788,32.765752331998925,2
564,31796.810546875,32398.99609375,31215.4921875,31533.884765625,18787986667,32173.19559151786,33535.87751116072,0.008363987433579023,31533.068359375,699.6557993343504,30.03141790823004,0
565,30817.83203125,31885.859375,30563.734375,31800.01171875,20434789545,31839.193359375,33363.66303943453,-0.030788575922789052,31796.810546875,710.3534669324808,32.098048393721996,0
566,29807.34765625,31006.1875,29360.955078125,30838.28515625,23148267245,31425.66796875,33075.07114955357,-0.03278895069501786,30817.83203125,932.2470518603341,24.55158274553895,2
567,32110.693359375,32752.326171875,29526.18359375,29796.28515625,28203024559,31324.003069196428,32935.54055059524,0.07727442675168827,29807.34765625,781.0999475025491,41.78850948595185,2
568,32313.10546875,32576.400390625,31745.298828125,32138.873046875,19555230518,31400.056640625,32875.587611607145,0.006303573302191001,32110.693359375,855.3690613940925,47.13500532728913,2
569,33581.55078125,33581.55078125,32057.892578125,32305.958984375,22552046192,31708.629743303572,32860.56398809524,0.03925482537500802,32313.10546875,1188.968114262391,48.93843725335438,2
570,34292.4453125,34490.390625,33424.859375,33593.73046875,21664706865,32102.82645089286,32842.654389880954,0.021169199000986128,33581.55078125,1529.673976515431,53.63129559263954,2
571,35350.1875,35364.92578125,33881.8359375,34290.29296875,20856685287,32610.451729910714,32845.62611607143,0.030844758309330533,34292.4453125,1944.536745561424,55.06069774085154,2
572,37337.53515625,40499.67578125,35287.3125,35384.03125,51022126212,33541.837890625,33016.65141369047,0.05621887171744144,35350.1875,2440.8608454800606,67.6147074000358,2
573,39406.94140625,39406.94140625,36441.7265625,37276.03515625,35097370560,34913.20842633928,33262.92503720238,0.055424286615063156,37337.53515625,2678.159564475912,74.85979907466883,2
574,39995.90625,40816.0703125,38862.4375,39503.1875,38702404695,36039.66741071428,33555.33351934524,0.014945713184850051,39406.94140625,2947.6710998824096,75.70412205192805,1
575,40008.421875,40593.0703125,39352.05859375,39995.453125,27167146027,37138.998325892855,33894.90736607143,0.00031292265067750513,39995.90625,2754.8937771872775,81.82859344777563,2
576,42235.546875,42235.546875,38397.35546875,40027.484375,33072782960,38375.283482142855,34296.69475446428,0.055666404612466414,40008.421875,2833.0550503264926,86.55126193856812,0
577,41626.1953125,42231.44921875,41110.83203125,42196.3046875,25802845343,39422.96205357143,34682.67931547619,-0.014427457617713135,42235.546875,2393.4860557748316,83.00401577903929,0
578,39974.89453125,42541.6796875,39540.94140625,41460.84375,26688438115,40083.634486607145,34955.76060267857,-0.039669750474507826,41626.1953125,1582.9494329897416,74.51711774400164,0
579,39201.9453125,40419.1796875,38746.34765625,39907.26171875,25595265436,40349.978794642855,35243.670014880954,-0.019335866368471732,39974.89453125,1138.281795734533,75.44915050256053,0
580,38152.98046875,39750.03125,37782.05078125,39178.40234375,26189830450,40170.841517857145,35503.23930431547,-0.02675797936526192,39201.9453125,1383.6523924944472,75.27330652632894,2
581,39747.50390625,39952.296875,37589.1640625,38213.33203125,25372562724,40135.35546875,35833.00864955357,0.041792893187100555,38152.98046875,1392.04652863006,74.16414985548035,2
582,40869.5546875,41341.93359375,37458.00390625,39744.515625,35185031017,40258.37444196428,36265.80980282738,0.02822946527400849,39747.50390625,1416.7899108208146,75.5850469254624,2
583,42816.5,43271.66015625,39932.1796875,40865.8671875,38226483046,40341.36774553572,36808.42699032738,0.04763803587748594,40869.5546875,1561.5346207111538,76.53708529121967,2
584,44555.80078125,44689.859375,42618.56640625,42832.796875,40030862141,40759.8828125,37428.55710565476,0.04062220829002827,42816.5,2217.9165199511285,77.84643892682291,0
585,43798.1171875,45282.3515625,43331.91015625,44574.4375,36302664750,41306.05747767857,38000.04789806547,-0.017005273846830926,44555.80078125,2450.899028873008,73.30022465576556,2
586,46365.40234375,46456.83203125,42848.6875,43791.92578125,38734079049,42329.408482142855,38740.40838913691,0.058616336068955555,43798.1171875,2883.296372216126,74.12788646122996,0
587,45585.03125,46637.98828125,44705.5546875,46280.84765625,33546019517,43391.13002232143,39491.726655505954,-0.016830892309838696,46365.40234375,2420.2667922356145,67.7334292516688,1
588,45593.63671875,46735.6328125,45351.7109375,45599.703125,34319709073,44226.29185267857,40133.771577380954,0.00018877838873909702,45585.03125,1907.8218630804718,66.62135387657491,0
589,44428.2890625,46228.91015625,43861.4453125,45576.87890625,33723620826,44734.68247767857,40710.68508184524,-0.02555943636254754,45593.63671875,1211.238818390509,62.28300124492445,2
590,47793.3203125,47831.9765625,44282.41796875,44439.69140625,31744259539,45445.65680803572,41387.43601190476,0.07574073458615982,44428.2890625,1350.3114917798587,64.52654840331405,0
591,47096.9453125,48098.68359375,46177.6328125,47810.6875,31211354442,45808.677455357145,41997.174107142855,-0.01457055076832292,47793.3203125,1411.4099801790237,64.23433839809216,1
592,47047.00390625,47357.10546875,45579.58984375,47096.66796875,30988958446,46272.80412946428,42554.165364583336,-0.0010603958689597848,47096.9453125,1150.0488115629687,70.07368385572263,0
593,46004.484375,47998.09765625,45700.3203125,47019.9609375,32776876610,46221.244419642855,42966.877232142855,-0.02215910567498447,47047.00390625,1153.2913660095594,69.01750031560238,0
594,44695.359375,47139.5703125,44512.41796875,45936.45703125,33451362600,46094.1484375,43218.70665922619,-0.028456465011732934,46004.484375,1277.4303699858374,68.02794400263329,1
595,44801.1875,45952.0625,44364.02734375,44686.75,32194123075,45980.94140625,43447.529575892855,0.002367765389513554,44695.359375,1361.524591698382,65.17038649487657,2
596,46717.578125,46970.76171875,43998.31640625,44741.8828125,37204312299,46307.982700892855,43767.01320684524,0.04277544261522093,44801.1875,1190.637614812842,66.75579398449923,2
597,49339.17578125,49342.15234375,46650.70703125,46723.12109375,34706867452,46528.81919642857,44105.28125,0.056115872471717454,46717.578125,1588.8271326395666,67.99318894429715,0
598,48905.4921875,49717.01953125,48312.19921875,49327.07421875,40585205312,46787.18303571428,44451.91443452381,-0.008789842693618932,49339.17578125,1825.9597500603522,62.93028230100108,2
599,49321.65234375,49471.609375,48199.94140625,48869.10546875,25370975378,47112.1328125,44896.998139880954,0.00850947690403503,48905.4921875,2066.464587147989,66.76006623309355,1
600,49546.1484375,50482.078125,49074.60546875,49291.67578125,34305053719,47618.08482142857,45389.57924107143,0.004551674225862445,49321.65234375,2180.492692561942,61.25093645999744,0
601,47706.1171875,49878.76953125,47687.1171875,49562.34765625,35361168834,48048.193080357145,45844.490513392855,-0.037137725293038826,49546.1484375,1765.3028142210812,56.979491274189876,2
602,48960.7890625,49202.87890625,47163.61328125,47727.2578125,32646349931,48642.421875,46283.21837797619,0.02630002081428562,47706.1171875,1042.0968701337335,60.23998401500423,0
603,46942.21875,49347.58203125,46405.78125,49002.640625,32666549568,48674.513392857145,46572.392857142855,-0.04122830434622349,48960.7890625,974.1879923105367,57.26803620748381,2
604,49058.66796875,49112.78515625,46394.28125,46894.5546875,34511076995,48634.44084821428,46869.638950892855,0.04508626296557394,46942.21875,947.6999746727556,53.942915012774684,1
605,48902.40234375,49283.50390625,48499.23828125,49072.5859375,28568103401,48633.99944196428,47076.61997767857,-0.003185280633781984,49058.66796875,947.5533953867072,55.821902537544716,1
606,48829.83203125,49644.11328125,47925.85546875,48911.25,25889650240,48563.73939732143,47316.22544642857,-0.0014839825657210204,48902.40234375,905.3611797907674,55.74055533474541,0
607,47054.984375,48925.60546875,46950.2734375,48834.8515625,31847007016,48207.85881696428,47349.06268601191,-0.0363476092875793,48829.83203125,943.6392741280048,53.23018322564775,1
608,47166.6875,48189.55078125,46750.09375,47024.33984375,34730363427,48130.79743303572,47424.37965029762,0.0023738850726162664,47054.984375,1011.0600318759296,58.20316187247744,2
609,48847.02734375,49111.08984375,46562.4375,47099.7734375,39139399125,48114.54575892857,47579.303013392855,0.03562556399047523,47166.6875,996.3018861422607,62.15859474543883,2
610,49327.72265625,50343.421875,48652.3203125,48807.84765625,39508070319,48455.33203125,47812.609375,0.009840830417728652,48847.02734375,934.5413558260944,58.584825834660286,2
611,50025.375,50982.2734375,48386.0859375,49288.25,43206179619,48593.43303571428,47918.89769345238,0.014143210068944922,49327.72265625,1096.0324457408224,52.583943942153496,1
612,49944.625,50545.58203125,49548.78125,50009.32421875,37471327794,48742.321986607145,48054.50148809524,-0.0016141808032423821,50025.375,1209.8763701205212,54.01979296747029,2
613,51753.41015625,51868.6796875,49538.59765625,49937.859375,30322676319,49159.97600446428,48278.61607142857,0.03621581213694158,49944.625,1664.3694898709832,58.49206245273321,2
614,52633.53515625,52700.94140625,51053.6796875,51769.00390625,38884105426,49956.911830357145,48594.28515625,0.017006125728580734,51753.41015625,1817.0319773181104,60.30953210172689,0
615,46811.12890625,52853.765625,43285.20703125,52660.48046875,65210059683,49906.11774553572,48695.03608630953,-0.1106216071695616,52633.53515625,1910.5919396047814,47.63927988026442,0
616,46091.390625,47334.0546875,44561.39453125,46827.76171875,49007762488,49512.455357142855,48756.474330357145,-0.015375366885328479,46811.12890625,2389.136850791041,42.211567619148596,2
617,46391.421875,47261.94921875,45669.73828125,45774.7421875,38672657013,49092.98381696428,48740.943080357145,0.006509485739778498,46091.390625,2668.422710316135,48.351140510650154,0
618,44883.91015625,47031.7421875,44344.484375,46396.6640625,39154666597,48358.48883928572,48528.78757440476,-0.032495484247323514,46391.421875,3049.411042126442,37.02961419601759,2
619,45201.45703125,45969.29296875,44818.265625,44869.83984375,34499835245,47680.89341517857,48352.404947916664,0.0070748487352050304,44883.91015625,3163.0818102045973,38.61577082017609,2
620,46063.26953125,46364.87890625,44790.4609375,45206.62890625,27881980161,46868.01618303572,48197.243861607145,0.019066033632592516,45201.45703125,2627.941142481394,41.884031398613416,0
621,44963.07421875,46598.6796875,43591.3203125,46057.21484375,40969943253,45772.236049107145,47979.002232142855,-0.023884438158555232,46063.26953125,754.8624635757072,43.61026111438171,2
622,47092.4921875,47218.125,44752.33203125,44960.05078125,38652152880,45812.43080357143,47949.78199404762,0.0473592610325122,44963.07421875,823.7488095924602,49.798239840716334,2
623,48176.34765625,48450.46875,46773.328125,47098.0,30484496466,46110.28180803572,47912.427641369046,0.023015462091804384,47092.4921875,1222.064534998976,48.11506477070175,0
624,47783.359375,48486.828125,47079.55859375,48158.90625,31764293754,46309.13002232143,47952.48195684524,-0.008157286726135138,48176.34765625,1378.6475793186903,45.6380859242692,0
625,47267.51953125,48160.921875,46832.5234375,47771.00390625,28727713711,46649.64564732143,47867.189174107145,-0.010795386730801604,47783.359375,1256.9551461013116,42.12985887250949,2
626,48278.36328125,48791.78125,47087.28515625,47273.52734375,28575630451,47089.20368303572,47837.47302827381,0.021385589090024082,47267.51953125,1202.9553491220022,45.484654220055084,0
627,47260.21875,48328.3671875,46919.8046875,48268.85546875,26967722648,47260.19642857143,47762.72953869047,-0.021089044077959085,48278.36328125,1114.648305373723,37.27894924151922,0
628,42843.80078125,47328.19921875,42598.9140625,47261.40625,43909845642,46957.443080357145,47562.196986607145,-0.09344895316951951,47260.21875,1872.6455442268075,26.907463703162037,0
629,40693.67578125,43607.609375,39787.609375,43012.234375,48701090088,46043.326450892855,47253.958333333336,-0.050185206746199196,42843.80078125,3011.31438733036,32.545966978314254,2
630,43574.5078125,43978.62109375,40625.6328125,40677.953125,38139709246,45385.92075892857,47002.88597470238,0.07079311406361999,40693.67578125,2970.075653807502,43.607287542583556,2
631,44895.09765625,44942.17578125,43109.33984375,43560.296875,34244064430,44973.31194196428,46791.80859375,0.0303064775724482,43574.5078125,2775.7752516332025,46.38675874642293,0
632,42839.75,45080.4921875,40936.55859375,44894.30078125,42839345714,44340.7734375,46449.63597470238,-0.04578111561282838,44895.09765625,2668.2557619016784,45.19110687660552,1
633,42716.59375,42996.2578125,41759.921875,42840.890625,31604717236,43546.23493303572,46105.444010416664,-0.002874812528084303,42839.75,2058.795711885918,44.1003930629062,2
634,43208.5390625,43919.30078125,40848.4609375,42721.62890625,30661222077,42967.423549107145,45698.54538690476,0.011516492054097771,42716.59375,1252.134383151834,43.10108272100228,0
635,42235.73046875,44313.24609375,42190.6328125,43234.18359375,30980029059,42880.556361607145,45203.411830357145,-0.02251426719942695,43208.5390625,1282.8557919791608,43.3681006209783,0
636,41034.54296875,42775.14453125,40931.6640625,42200.8984375,30214940550,42929.251674107145,44928.33630952381,-0.02844007873591181,42235.73046875,1189.0496231399345,34.57287381934117,2
637,41564.36328125,42545.2578125,40829.66796875,41064.984375,30602359905,42642.088169642855,44712.763578869046,0.012911568502261384,41034.54296875,1248.4896695931127,32.673039489060486,2
638,43790.89453125,44092.6015625,41444.58203125,41551.26953125,31141681925,42484.34486607143,44588.92894345238,0.05356827518164842,41564.36328125,950.6035268414272,40.45485525541388,2
639,48116.94140625,48436.01171875,43320.0234375,43816.7421875,42850641582,43238.22935267857,44742.8828125,0.09878873042688929,43790.89453125,2346.7467067069933,51.717822467347055,0
640,47711.48828125,48282.0625,47465.49609375,48137.46875,30614346492,43951.78571428572,44862.408110119046,-0.008426411013467638,48116.94140625,2864.062487806811,48.82480833492055,2
641,48199.953125,49130.69140625,47157.2890625,47680.02734375,26638115879,44664.84486607143,44964.154947916664,0.010237887379882071,47711.48828125,3244.2888509610157,51.99191417245459,2
642,49112.90234375,49456.77734375,47045.00390625,48208.90625,33383173002,45647.29799107143,45161.76581101191,0.018940873580984396,48199.953125,3422.488871677112,65.60622627058947,2
643,51514.8125,51839.984375,49072.83984375,49174.9609375,35873904236,47144.47935267857,45372.35249255953,0.048905889117254686,49112.90234375,3360.057883188208,76.60449883342876,2
644,55361.44921875,55568.46484375,50488.19140625,51486.6640625,49034730168,49115.49162946428,45714.50018601191,0.0746704982911468,51514.8125,3580.656515987028,77.66517790590277,0
645,53805.984375,55338.625,53525.46875,55338.625,36807860413,50546.21875,46001.29185267857,-0.02809653406297008,55361.44921875,3061.7841693049613,70.68669668787885,1
646,53967.84765625,55922.98046875,53688.0546875,53802.14453125,34800873924,51382.0625,46320.35509672619,0.0030082765538104184,53805.984375,3086.6067219188876,78.32407522482438,2
647,54968.22265625,55397.9453125,53735.14453125,53929.78125,32491211414,52418.73883928572,46638.919828869046,0.01853649985027972,53967.84765625,2858.536661727713,79.85077737802258,1
648,54771.578125,56401.3046875,54264.2578125,54952.8203125,39527792364,53357.54241071428,46996.603608630954,-0.003577422040362044,54968.22265625,2258.1565438759544,78.58437094912682,2
649,57484.7890625,57793.0390625,54519.765625,54734.125,42637331698,54553.52622767857,47693.79352678572,0.04953684064585273,54771.578125,1807.4005483665237,84.70971233083527,0
650,56041.05859375,57627.87890625,54477.97265625,57526.83203125,41083758949,55200.1328125,48424.62127976191,-0.025114999851183484,57484.7890625,1268.3618927577866,83.78460759155259,2
651,57401.09765625,57688.66015625,54370.97265625,56038.2578125,41684252783,55491.51116071428,49083.03031994047,0.02426861834211813,56041.05859375,1520.7654439920605,84.3689270347263,1
652,57321.5234375,58478.734375,56957.07421875,57372.83203125,36615791366,55993.73102678572,49674.76488095238,-0.001386283921372633,57401.09765625,1450.2146993078202,82.38175768844962,2
653,61593.94921875,62757.12890625,56868.14453125,57345.90234375,51780081801,57083.174107142855,50567.821986607145,0.07453440740995654,57321.5234375,2293.7877275283945,82.3364234060732,0
654,60892.1796875,62274.4765625,60206.12109375,61609.52734375,34250964237,57929.45368303572,51433.326078869046,-0.01139348166745524,61593.94921875,2469.5125315637956,81.18205551166004,2
655,61553.6171875,61645.5234375,59164.46875,60887.65234375,29032367511,58898.31640625,52306.90122767857,0.01086243756414218,60892.1796875,2351.6827696111604,81.3348143379037,2
656,62026.078125,62614.66015625,60012.7578125,61548.8046875,38055562075,59547.071986607145,53249.298735119046,0.007675599893030238,61553.6171875,2517.3106777456514,80.94081512276748,2
657,64261.9921875,64434.53515625,61622.93359375,62043.1640625,40471196346,60721.49107142857,54355.36774553572,0.036047967727284025,62026.078125,2526.6789656285437,80.78798836741518,2
658,65992.8359375,66930.390625,63610.67578125,64284.5859375,40788955582,61948.88225446428,55518.62834821428,0.026934175102288238,64261.9921875,2724.006853400538,78.60090253098338,0
659,62210.171875,66600.546875,62117.41015625,66002.234375,45908121370,62647.26060267857,56395.73679315476,-0.057319313661295834,65992.8359375,1814.8910182303823,70.18980067250787,0
660,60692.265625,63715.0234375,60122.796875,62237.890625,38434082775,62518.44866071428,56994.56175595238,-0.024399647264276236,62210.171875,1930.4304064468147,65.16626630342947,2
661,61393.6171875,61743.87890625,59826.5234375,60694.62890625,26882546034,62590.08258928572,57646.091703869046,0.011555863919028075,60692.265625,1868.3301125444634,64.68999214640937,0
662,60930.8359375,61505.8046875,59643.34375,61368.34375,27316183882,62501.11383928572,58252.32421875,-0.007537937512081094,61393.6171875,1939.3888775277362,63.91224109927854,2
663,63039.82421875,63729.32421875,60691.80078125,60893.92578125,31064911614,62645.93470982143,58915.51097470238,0.0346128236844363,60930.8359375,1935.8509610748436,62.89955503855746,0
664,60363.79296875,63229.02734375,59991.16015625,63032.76171875,34878965587,62089.049107142855,59336.89099702381,-0.04244985266320056,63039.82421875,1954.089378493689,59.49459403064572,0
665,58482.38671875,61435.18359375,58208.1875,60352.0,43657076893,61016.12779017857,59485.50706845238,-0.03116779376295975,60363.79296875,1450.3524109133966,52.321802243947516,2
666,60622.13671875,62128.6328125,58206.91796875,58470.73046875,45257083247,60789.265625,59810.08575148809,0.03658793903693369,58482.38671875,1353.4126796728547,56.51118200226955,2
667,62227.96484375,62927.609375,60329.96484375,60624.87109375,36856881767,61008.65122767857,60203.42466517857,0.02648913766352501,60622.13671875,1455.6723207501639,51.39779512347701,0
668,61888.83203125,62330.14453125,60918.38671875,62239.36328125,32157938616,61079.396205357145,60532.97749255953,-0.005449845794435637,62227.96484375,1489.1483542658566,52.23299468600074,0
669,61318.95703125,62406.171875,60074.328125,61850.48828125,32241199927,61134.842075892855,60844.75744047619,-0.009208042570786446,61888.83203125,1489.9203809978524,49.472079060978636,0
670,61004.40625,62419.00390625,59695.18359375,61320.44921875,36150572843,60844.068080357145,61012.35825892857,-0.005129747739996526,61318.95703125,1232.5709158090222,47.6850709433158,2
671,63226.40234375,64242.79296875,60673.0546875,60963.25390625,37746665647,61253.01227678572,61354.517485119046,0.03642353446805324,61004.40625,1493.8535874346326,47.65205438930706,1
672,62970.046875,63516.9375,61184.23828125,63254.3359375,36124731509,61894.10658482143,61619.70554315476,-0.004054563588107407,63226.40234375,981.8706372872932,42.655509758118924,0
673,61452.23046875,63123.2890625,60799.6640625,62941.8046875,32615846901,62012.69140625,61816.40587797619,-0.024103783966732184,62970.046875,842.944277799511,47.93067886718604,0
674,61125.67578125,62541.46875,60844.609375,61460.078125,30605102446,61855.22154017857,61794.107142857145,-0.005313959884109654,61452.23046875,897.2371563032452,51.26562193797924,2
675,61527.48046875,61590.68359375,60163.78125,61068.875,29094934221,61803.599888392855,61824.35956101191,0.006573419146120196,61125.67578125,905.3395374265466,50.39786098491753,2
676,63326.98828125,63326.98828125,61432.48828125,61554.921875,24726754302,62090.46149553572,61908.80580357143,0.029247220896912562,61527.48046875,1035.0237109289276,56.59748191867378,2
677,67566.828125,67673.7421875,63344.06640625,63344.06640625,41125608330,63027.95033482143,62172.651041666664,0.06695154718111462,63326.98828125,2201.761517912728,61.155504388899104,0
678,66971.828125,68530.3359375,66382.0625,67549.734375,42357991721,63563.01116071428,62301.69084821428,-0.008806096371717143,67566.828125,2664.4974792866115,68.14455346016646,0
679,64995.23046875,68789.625,63208.11328125,66953.3359375,48730828378,63852.32310267857,62254.185825892855,-0.029513867421399387,66971.828125,2699.1053025828114,67.79017409378615,1
680,64949.9609375,65579.015625,64180.48828125,64978.890625,35880633236,64351.99888392857,62384.65197172619,-0.0006965054346836919,64995.23046875,2496.9197546511396,63.34913572797486,0
681,64155.94140625,65460.81640625,62333.9140625,64863.98046875,36084893887,64784.89397321428,62549.58891369047,-0.01222509636324598,64949.9609375,2070.633567710822,56.26034698386847,1
682,64469.52734375,64915.67578125,63303.734375,64158.12109375,30474228777,65205.18638392857,62696.060825892855,0.0048878705639170406,64155.94140625,1526.2881788165214,58.393720635356246,2
683,65466.83984375,65495.1796875,63647.80859375,64455.37109375,25122092191,65510.87946428572,62912.06101190476,0.015469517787564335,64469.52734375,1282.1875989400464,63.12603619314813,0
684,63557.87109375,66281.5703125,63548.14453125,65521.2890625,30558763548,64938.17131696428,62936.72991071428,-0.02915932332393234,65466.83984375,1092.0458384064493,57.33980833253799,0
685,60161.24609375,63721.1953125,59016.3359375,63721.1953125,46844335592,63965.23102678572,62927.08482142857,-0.05344145330150951,63557.87109375,1789.4295923853506,41.746691545375946,1
686,60368.01171875,60823.609375,58515.41015625,60139.62109375,39178392930,63304.19977678572,63016.87648809524,0.003436857419438999,60161.24609375,2161.508011472105,42.974941125724655,0
687,56942.13671875,60948.5,56550.79296875,60360.13671875,41388338699,62160.224888392855,62841.638392857145,-0.05674983989800575,60368.01171875,3072.4384463956676,38.960852456583794,2
688,58119.578125,58351.11328125,55705.1796875,56896.12890625,38702407772,61297.88727678572,62646.00093005953,0.020677857806173483,56942.13671875,3260.3125308642925,42.936340313823756,2
689,59697.1953125,59859.87890625,57469.7265625,58115.08203125,30624264863,60616.12555803572,62541.63727678572,0.027144333086984274,58119.578125,2972.853498900487,45.92444453026643,0
690,58730.4765625,60004.42578125,58618.9296875,59730.5078125,26123447605,59653.78794642857,62418.376302083336,-0.01619370466132397,59697.1953125,2104.38965249963,39.37057407230424,0
691,56289.2890625,59266.359375,55679.83984375,58706.84765625,35036121783,58615.41908482143,62193.84691220238,-0.041565940596482776,58730.4765625,1586.4663630615844,21.55438644061384,2
692,57569.07421875,57875.515625,55632.76171875,56304.5546875,37485803899,58245.10881696428,61924.45033482143,0.022735855747423095,56289.2890625,1463.2499047561344,27.0751424431556,0
693,56280.42578125,57803.06640625,55964.22265625,57565.8515625,36635566789,57661.16796875,61605.89694940476,-0.02238438701660228,57569.07421875,1278.8638188859738,28.014925084856273,2
694,57274.6796875,59367.96875,57146.68359375,57165.41796875,34284016248,57708.674107142855,61406.96595982143,0.017666069374003168,56280.42578125,1253.6297582291268,31.522091989676525,0
695,53569.765625,59183.48046875,53569.765625,58960.28515625,41810748221,57058.700892857145,61047.16071428572,-0.06468677053655503,57274.6796875,1976.2755577494027,27.647148970398064,2
696,54815.078125,55329.2578125,53668.35546875,53736.4296875,30560857714,56361.255580357145,60727.52250744047,0.02324655494514305,53569.765625,1736.9115816782912,30.38624559064523,2
697,57248.45703125,57393.84375,53576.734375,54813.0234375,28116886357,56149.53850446428,60438.068638392855,0.044392510044424904,54815.078125,1469.7687213797255,34.22423403884552,2
698,57806.56640625,58872.87890625,56792.52734375,57291.90625,32370840356,56366.29241071428,59973.294270833336,0.009748898117819094,57248.45703125,1599.9299997072699,38.35609548239908,0
699,57005.42578125,59113.40234375,56057.28125,57830.11328125,36708594618,56285.771205357145,59498.70368303572,-0.013858989986877734,57806.56640625,1542.4589546016732,42.860506046949624,1
700,57229.828125,59041.68359375,56553.08203125,56907.96484375,36858195307,56421.400111607145,59128.92261904762,0.003936508510805847,57005.42578125,1583.1154017884066,42.90606701140805,0
701,56477.81640625,57349.234375,55895.1328125,57217.37109375,32379968686,56307.5625,58725.48716517857,-0.013140205787574133,57229.828125,1539.5838183974918,48.80606279756525,0
702,53598.24609375,57482.16796875,52496.5859375,56509.1640625,39789134215,56311.631138392855,58222.73976934524,-0.05098586481791345,56477.81640625,1531.1573937665282,39.30978111789746,0
703,49200.703125,53904.6796875,42874.6171875,53727.87890625,61385677469,55509.57756696428,57495.65290178572,-0.08204639683653359,53598.24609375,3106.156643307666,28.10217705156151,1
704,49368.84765625,49768.1484375,47857.49609375,49201.51953125,37198201161,54383.91908482143,56729.08184523809,0.003417522933012007,49200.703125,3735.0673236384755,29.796559194390397,2
705,50582.625,50929.51953125,47281.03515625,49413.48046875,37707308001,53351.927455357145,56111.212983630954,0.02458589579002135,49368.84765625,3628.237461038461,36.99542843429127,1
706,50700.0859375,51934.78125,50175.80859375,50581.828125,33676814852,52451.16462053572,55660.681547619046,0.002322159783127109,50582.625,3341.3879368823414,33.471057212183695,1
707,50504.796875,51171.375,48765.98828125,50667.6484375,28479699446,51490.44587053572,55191.00465029762,-0.00385184874717448,50700.0859375,2629.3566692319996,35.33010321188529,0
708,47672.12109375,50797.1640625,47358.3515625,50450.08203125,29603577251,50232.48939732143,54749.57533482143,-0.05608726213196957,50504.796875,1830.7401410905377,27.693089477003497,0
709,47243.3046875,50015.25390625,47023.69921875,47642.14453125,30966005122,49324.640625,54231.657552083336,-0.00899511908452133,47672.12109375,1411.1011138610206,32.664981802006,2
710,49362.5078125,49458.2109375,46942.34765625,47264.6328125,25775869261,49347.755580357145,53739.529575892855,0.044857216044006165,47243.3046875,1410.0574121345587,35.74232244014945,2
711,50098.3359375,50724.8671875,48725.8515625,49354.85546875,21939223599,49451.96819196428,53328.475260416664,0.014906619570362878,49362.5078125,1438.5453040618856,29.48194354177535,0
712,46737.48046875,50205.0,45894.84765625,50114.7421875,32166727776,48902.661830357145,52873.627232142855,-0.0670851717099511,50098.3359375,1652.9958651208642,22.63746514125036,1
713,46612.6328125,48431.3984375,46424.49609375,46709.82421875,34638619079,48318.739955357145,52351.891927083336,-0.00267125345649466,46737.48046875,1634.0704885655384,23.42054570822367,2
714,48896.72265625,49473.95703125,46671.96484375,48379.75390625,36541828520,48089.01506696428,52000.287016369046,0.04900151967252708,46612.6328125,1366.6822750605525,30.719431313716868,0
715,47665.42578125,49425.57421875,47529.87890625,48900.46484375,27268150947,48088.05859375,51542.70349702381,-0.025181582897818466,48896.72265625,1367.024965632218,30.052895849712982,0
716,46202.14453125,48004.89453125,45618.21484375,47653.73046875,32902725329,47939.32142857143,51191.86439732143,-0.030699007215741814,47665.42578125,1522.100906578564,32.111782440806635,2
717,46848.77734375,47313.828125,45598.44140625,46219.25390625,26098292690,47580.217075892855,50812.51674107143,0.013995731563123393,46202.14453125,1423.7206177005705,43.05076795620028,1
718,46707.015625,48089.6640625,46502.953125,46853.8671875,25154053861,47095.74274553572,50310.54334077381,-0.0030259427628138713,46848.77734375,907.4169308931134,42.1228073055252,1
719,46880.27734375,47401.71875,45579.80859375,46707.0625,30961902129,47116.142299107145,49790.243861607145,0.003709543768351198,46707.015625,899.5918895742359,38.32457451507863,2
720,48936.61328125,49300.91796875,46698.7734375,46886.078125,27055803928,47448.13950892857,49406.01469494047,0.04386356169401262,46880.27734375,1091.2249362637374,45.04480376633067,0
721,48628.51171875,49544.796875,48450.94140625,48937.09765625,24447979559,47409.82366071428,48996.42819940476,-0.006295931447672265,48936.61328125,1035.1521513435587,44.76102534166894,2
722,50784.5390625,51332.33984375,48065.8359375,48626.34375,28223878108,47855.41127232143,48725.31975446428,0.04433669194360079,48628.51171875,1651.4020921775457,59.03179506897241,1
723,50822.1953125,51814.02734375,50514.49609375,50806.05078125,24367912228,48515.41852678572,48593.126860119046,0.0007414904357732066,50784.5390625,1797.313866700213,60.62667746118497,0
724,50429.859375,51176.59765625,50236.70703125,50854.91796875,19030650914,49027.001674107145,48651.658110119046,-0.007719775485643066,50822.1953125,1752.9685547928366,53.53139720509353,2
725,50809.515625,51196.37890625,49623.10546875,50428.69140625,20964372926,49613.07310267857,48720.26134672619,0.0075284019171428795,50429.859375,1518.115894012299,52.409775379529485,1
726,50640.41796875,51956.328125,50499.46875,50802.609375,24324345758,50150.236049107145,48723.013392857145,-0.003328070621613999,50809.515625,948.2889681448355,66.87481970841235,0
727,47588.85546875,50679.859375,47414.2109375,50679.859375,33430376883,49957.69921875,48574.85956101191,-0.06025942562091624,50640.41796875,1305.3613190794335,53.36835303786996,0
728,46444.7109375,48119.7421875,46201.49609375,47623.87109375,30049226299,49645.72767857143,48381.522135416664,-0.02404227880624954,47588.85546875,1831.0685678480481,40.81722814773421,2
729,47178.125,47879.96484375,46060.3125,46490.60546875,26686491018,49130.525669642855,48357.99851190476,0.01579112126431248,46444.7109375,1960.060051888967,48.10437033135721,0
730,46306.4453125,48472.52734375,45819.953125,47169.37109375,36974172400,48485.41852678572,48313.38616071428,-0.018476352917798256,47178.125,2051.4853783191816,50.42531236988238,2
731,47686.8125,47827.3125,46288.484375,46311.74609375,24582667004,48093.5546875,48233.591145833336,0.029809396471367267,46306.4453125,1872.3236026739744,53.22435248283422,0
732,47345.21875,47881.40625,46856.9375,47680.92578125,27951569547,47598.65513392857,48102.490327380954,-0.007163274962024402,47686.8125,1443.5291200868323,52.41830916701698,0
733,46458.1171875,47510.7265625,45835.96484375,47343.54296875,33071628362,47001.18359375,48089.18731398809,-0.0187368774698079,47345.21875,584.8586578412302,48.482428989842795,0
734,45897.57421875,47406.546875,45752.46484375,46458.8515625,42494677905,46759.571986607145,48055.13690476191,-0.012065555013512697,46458.1171875,647.6007176352114,37.75892126628485,0
735,43569.00390625,46929.046875,42798.22265625,45899.359375,36851084859,46348.75669642857,47801.43601190476,-0.050734060615097554,45897.57421875,1379.343014719163,32.47334264311077,0
736,43160.9296875,43748.71875,42645.5390625,43565.51171875,30208048289,45774.87165178572,47586.936197916664,-0.009366159015892994,43569.00390625,1759.9480985794085,19.95218569980453,0
737,41557.90234375,43153.5703125,41077.4453125,43153.5703125,84196607520,45096.50837053572,47365.78180803572,-0.03714070469186992,43160.9296875,2340.3534724791675,17.496372967237605,1
738,41733.94140625,42228.94140625,40672.27734375,41561.46484375,28066355845,44246.09821428572,47122.21819196428,0.004235994902819673,41557.90234375,2323.72995153932,19.02031407818751,1
739,41911.6015625,42663.94921875,41338.16015625,41734.7265625,21294384372,43469.8671875,46893.865141369046,0.004256970472081845,41733.94140625,2001.0792754488182,17.837799219251238,1
740,41821.26171875,42199.484375,39796.5703125,41910.23046875,32104232331,42807.459263392855,46652.959635416664,-0.0021554853640055605,41911.6015625,1567.5182999164329,17.939940710934863,2
741,42735.85546875,43001.15625,41407.75390625,41819.5078125,26327648900,42355.78515625,46357.685453869046,0.021869109453241498,41821.26171875,792.7727602198617,29.112774420895832,2
742,43949.1015625,44135.3671875,42528.98828125,42742.1796875,33499938689,42410.08482142857,46134.85639880953,0.028389418684672707,42735.85546875,896.0143372814991,39.32245427318429,0
743,42591.5703125,44278.421875,42447.04296875,43946.7421875,47691135082,42328.747767857145,45744.71502976191,-0.030888714484173407,43949.1015625,840.6256709798437,31.371170259822918,2
744,43099.69921875,43346.6875,41982.6171875,42598.87109375,23577403399,42549.00446428572,45376.97712053572,0.011930269358978673,42591.5703125,806.2755420013425,36.57907686573143,1
745,43177.3984375,43724.671875,42669.03515625,43101.8984375,18371348298,42755.212611607145,45031.62183779762,0.001802778677309158,43099.69921875,745.3612205526812,28.81740334147797,1
746,43113.87890625,43436.80859375,42691.0234375,43172.0390625,17902097845,42926.966517857145,44665.16294642857,-0.0014711291913973579,43177.3984375,651.1331370739961,29.590442078369378,0
747,42250.55078125,43179.390625,41680.3203125,43118.12109375,21690904261,42988.29352678572,44265.64546130953,-0.020024366790964976,43113.87890625,540.4433835545402,29.65846045650656,1
748,42375.6328125,42534.40234375,41392.21484375,42250.07421875,22417209227,42936.83314732143,44017.396763392855,0.0029604828561313745,42250.55078125,583.8900136254629,32.224697977368066,0
749,41744.328125,42478.3046875,41242.9140625,42374.0390625,23091543258,42621.865513392855,43793.569010416664,-0.014897823244158781,42375.6328125,539.8323658021084,38.88690367715667,0
750,40680.41796875,43413.0234375,40672.82421875,41744.02734375,20382033940,42348.84375,43484.154389880954,-0.02548634039729203,41744.328125,912.4169811919537,36.010169439248834,0
751,36457.31640625,41060.52734375,35791.42578125,40699.60546875,43011992031,41399.931919642855,43015.14825148809,-0.10381165615712484,40680.41796875,2339.455184441617,27.795512270243293,0
752,35030.25,36688.8125,34349.25,36471.58984375,39714385405,40236.05357142857,42412.454799107145,-0.039143484680769114,36457.31640625,3182.490487791293,23.683173406180003,2
753,36276.8046875,36433.3125,34784.96875,35047.359375,26017975951,39259.32868303572,41885.38746279762,0.03558509252717301,35030.25,3201.1796456722973,29.59206425019184,2
754,36654.328125,37247.51953125,33184.05859375,36275.734375,41856658597,38459.86830357143,41418.540364583336,0.010406744495611076,36276.8046875,3023.518003953573,31.667906144158763,2
755,36954.00390625,37444.5703125,35779.4296875,36654.8046875,26428189594,37685.349888392855,40992.65606398809,0.008175727030871549,36654.328125,2502.8394270963854,28.550258471476553,1
756,36852.12109375,38825.41015625,36374.90625,36950.515625,31324598034,36986.463169642855,40672.80450148809,-0.002757016878562668,36954.00390625,1750.4808180623115,21.305178036973572,2
757,37138.234375,37148.32421875,35629.28125,36841.87890625,25041426629,36480.43694196428,40386.009486607145,0.007763821260712289,36852.12109375,703.6089356149564,25.859279569163604,2
758,37784.33203125,37952.87890625,36211.109375,37128.4453125,22238830523,36670.01060267857,40206.31566220238,0.017397102127314046,37138.234375,858.1408043457116,26.753990348543056,2
759,38138.1796875,38576.26171875,37406.47265625,37780.71484375,17194183075,37114.00055803572,40035.08891369047,0.00936493083845824,37784.33203125,646.1746287215902,28.481444240645388,0
760,37917.6015625,38266.33984375,37437.7109375,38151.91796875,14643548444,37348.400111607145,39844.8984375,-0.005783656346668664,38138.1796875,586.7318380307189,28.104465431724464,2
761,38483.125,38647.26171875,36733.57421875,37920.28125,20734730465,37609.65680803572,39685.939546130954,0.01491453610450133,37917.6015625,631.6123175779848,33.7165432765767,2
762,38743.2734375,39115.1328125,38113.6640625,38481.765625,20288500328,37865.26674107143,39495.81659226191,0.00676006528835682,38483.125,682.0869431640957,34.481511001811725,0
763,36952.984375,38834.6171875,36832.73046875,38743.71484375,19155189416,37879.67578125,39162.66815476191,-0.046209029430310355,38743.2734375,657.7483381324621,31.374485536718225,2
764,37154.6015625,37154.6015625,36375.5390625,36944.8046875,18591534769,37882.013950892855,38903.76488095238,0.005456046132945147,36952.984375,654.6953811288989,35.30912221822555,2
765,41500.875,41527.78515625,37093.62890625,37149.265625,29412210792,38412.94866071428,38827.63039434524,0.116978066100073,37154.6015625,1510.249875853693,70.80128253666703,1
766,41441.1640625,41847.1640625,41038.09765625,41501.48046875,19652846215,38884.80357142857,38744.95256696428,-0.001438787435204647,41500.875,1880.6554379927936,79.80202608031831,2
767,42412.43359375,42500.78515625,41244.90625,41441.12109375,16142097334,39526.92243303572,38711.55040922619,0.023437312952531153,41441.1640625,2230.2341685720507,79.27150029761228,2
768,43840.28515625,44401.86328125,41748.15625,42406.78125,28641855926,40292.23102678572,38787.252046130954,0.033665872045371525,42412.43359375,2685.124791486328,81.1596240393915,2
769,44118.4453125,45293.8671875,42807.8359375,43854.65234375,33079398868,41060.11272321428,38870.24311755953,0.0063448528050995545,43840.28515625,2926.1043762414192,81.1244038057329,1
770,44338.796875,44727.80078125,43232.96875,44096.703125,23245887300,42115.228794642855,38993.78924851191,0.004994545046617338,44118.4453125,2498.6962584886983,82.19291335276185,0
771,43565.11328125,45661.171875,43402.80859375,44347.80078125,32142048537,43031.01618303572,39131.15569196428,-0.01744935921313273,44338.796875,1230.4859918045538,76.52358842034432,0
772,42407.9375,43810.83203125,42114.5390625,43571.12890625,26954925781,43160.59654017857,39414.51860119047,-0.026561982607033352,43565.11328125,1081.1978063467466,68.30916176599341,1
773,42244.46875,42992.55078125,41852.57421875,42412.30078125,18152390304,43275.35435267857,39758.052827380954,-0.0038546734323026133,42407.9375,894.8546225157845,66.50955101107473,1
774,42197.515625,42693.0546875,41950.94140625,42236.56640625,14741589015,43244.65178571428,40039.99144345238,-0.001111462077505676,42244.46875,932.2995160706789,67.45126296750058,2
775,42586.91796875,42775.77734375,41681.95703125,42157.3984375,20827783012,43065.599330357145,40322.49572172619,0.009228086961576842,42197.515625,919.103776829224,66.97696621351491,2
776,44575.203125,44667.21875,42491.03515625,42586.46484375,22721659051,43130.85044642857,40685.40997023809,0.04668769779745485,42586.91796875,1017.277863805841,71.10801326731722,0
777,43961.859375,44578.27734375,43456.69140625,44578.27734375,19792547657,43077.002232142855,41023.96893601191,-0.013759752216496501,44575.203125,950.4621127755779,77.73036202882531,0
778,40538.01171875,44132.97265625,40249.37109375,43937.0703125,26246662813,42644.55915178572,41185.86309523809,-0.07788223029977337,43961.859375,1311.4521641757754,60.666638260162365,0
779,40030.9765625,40929.15234375,39637.6171875,40552.1328125,23310007704,42304.99330357143,41292.84616815476,-0.012507647384577658,40538.01171875,1647.5805524838108,43.88588802108891,1
780,40122.15625,40418.87890625,39713.05859375,40026.0234375,13736557863,42001.80580357143,41387.32124255953,0.0022777282826873524,40030.9765625,1844.1251684426943,44.52785032576911,0
781,38431.37890625,40119.890625,38112.8125,40118.1015625,18340576452,41463.78627232143,41411.786830357145,-0.04214073972532317,40122.15625,2276.260698461778,34.41432166552276,0
782,37075.28125,39394.4375,36950.4765625,38423.2109375,29280402798,40676.40959821428,41344.74665178572,-0.03528620868790788,38431.37890625,2730.8726913782184,23.365626631159103,2
783,38286.02734375,38359.85546875,36488.93359375,37068.76953125,25493150450,39777.95591517857,41322.97302827381,0.03265642371222732,37075.28125,2221.4408669870227,28.608167441812483,0
784,37296.5703125,39122.39453125,37201.81640625,38285.28125,21849073843,38825.771763392855,41339.334263392855,-0.025843815613622922,38286.02734375,1409.1629246241578,25.55029169148513,2
785,38332.609375,38968.83984375,34459.21875,37278.56640625,46383802093,38510.71428571428,41395.42987351191,0.027778400368163814,37296.5703125,1192.4104344930513,32.15844174179894,2
786,39214.21875,39630.32421875,38111.34375,38333.74609375,26545599159,38394.03459821428,41286.54148065476,0.022998939789759643,38332.609375,1050.3553335620911,38.90163680739754,1
787,39105.1484375,40005.34765625,38702.53515625,39213.08203125,17467554129,38248.747767857145,41175.302641369046,-0.002781397053842838,39214.21875,815.5773586832491,39.04927259131034,0
788,37709.78515625,39778.94140625,37268.9765625,39098.69921875,23450127612,38145.66294642857,40951.36700148809,-0.03568234201898368,39105.1484375,834.0403436602512,35.69169171862005,2
789,43193.234375,43760.45703125,37518.21484375,37706.0,35690014104,39019.65625,40920.55505952381,0.1454118392886461,37709.78515625,1964.6437360153002,51.45915389999837,2
790,44354.63671875,44793.6015625,42952.5859375,43194.50390625,32479047645,39886.60044642857,40931.80226934524,0.026888524570001016,43193.234375,2763.5004857545905,49.44718586127298,0
791,43924.1171875,45077.578125,43432.8515625,44357.6171875,29183112630,40833.392857142855,40912.05561755953,-0.009706302725009275,44354.63671875,2861.81713442893,49.90453037084348,0
792,42451.7890625,44021.578125,41914.75,43925.1953125,24967782593,41421.84709821428,40859.04017857143,-0.03351981142193561,43924.1171875,2679.5933572583153,55.37123034193085,0
793,39137.60546875,42479.61328125,38805.84765625,42458.140625,28516271427,41410.90234375,40703.31008184524,-0.07806935036049167,42451.7890625,2690.2484936638493,47.833960216991336,2
794,39400.5859375,39566.3359375,38777.03515625,39148.44921875,16975917450,41453.107700892855,40567.88709077381,0.00671938064683042,39137.60546875,2650.063636903007,48.26495744157256,0
795,38419.984375,39640.17578125,38211.6484375,39404.19921875,19745229902,41554.564732142855,40388.00465029762,-0.024887994408395286,39400.5859375,2491.7310719767697,49.97163259887989,0
796,38062.0390625,39430.2265625,37260.203125,38429.3046875,28546143503,40821.536830357145,40172.53422619047,-0.009316643885282638,38419.984375,2677.1729626431493,52.58507168940744,2
797,38737.26953125,39304.44140625,37957.38671875,38059.90234375,25776583476,40019.05580357143,39894.537388392855,0.017740259990833174,38062.0390625,2249.3360203903567,51.21627443804242,2
798,41982.92578125,42465.671875,38706.09375,38742.81640625,32284121034,39741.74274553572,39800.302455357145,0.08378639716414904,38737.26953125,1752.4287121796795,61.2618238134226,0
799,39437.4609375,42004.7265625,38832.94140625,41974.0703125,31078064711,39311.12444196428,39747.89527529762,-0.060630954045771346,41982.92578125,1282.9815445960837,52.475491200007845,0
800,38794.97265625,40081.6796875,38347.43359375,39439.96875,26364890465,39262.17689732143,39689.03794642857,-0.016291319622939393,39437.4609375,1297.162458316206,49.050477640879244,1
801,38904.01171875,39308.59765625,38772.53515625,38794.46484375,14616450657,39191.23772321428,39631.03106398809,0.002810649293818468,38794.97265625,1301.9012588881033,49.54445829100773,0
802,37849.6640625,39209.3515625,37728.14453125,38884.7265625,17300745310,39109.763392857145,39603.330357142855,-0.027101257933814904,38904.01171875,1374.0574358329611,50.32177319684713,2
803,39666.75390625,39742.5,37680.734375,37846.31640625,24322159070,39339.00837053572,39726.73381696428,0.0480080837903738,37849.6640625,1302.1035777322368,40.24177779315071,0
804,39338.78515625,39794.62890625,38310.2109375,39664.25,23934000868,39424.939174107145,39776.865141369046,-0.008268101563720931,39666.75390625,1275.347276951213,35.44935880351085,2
805,41143.9296875,41465.453125,39022.34765625,39335.5703125,39616916192,39305.08258928572,39960.07273065476,0.04588714481344902,39338.78515625,1005.8278312993586,42.53058174582519,1
806,40951.37890625,41287.53515625,40662.87109375,41140.84375,22009601093,39521.35658482143,40084.776041666664,-0.00467993171076464,41143.9296875,1185.7124585003476,45.671233994424185,2
807,41801.15625,42195.74609375,40302.3984375,40944.83984375,34421564942,39950.81138392857,40207.963541666664,0.020750884742987363,40951.37890625,1403.229438104955,58.95836032087077,2
808,42190.65234375,42316.5546875,41602.66796875,41794.6484375,19664853187,40420.33147321428,40354.892299107145,0.009317830622209256,41801.15625,1537.9787234311761,59.30468711936484,0
809,41247.82421875,42241.1640625,41004.7578125,42191.40625,20127946682,40905.782924107145,40523.37034970238,-0.022346848712323064,42190.65234375,1050.3208122243695,59.45447901481708,1
810,41077.99609375,41454.41015625,40668.04296875,41246.1328125,24615543271,41107.388950892855,40422.64471726191,-0.004117262624553253,41247.82421875,897.1243308484952,60.21187573885766,2
811,42358.80859375,43124.70703125,40948.28125,41074.10546875,32004652376,41538.82087053572,40327.60528273809,0.031180014163224357,41077.99609375,572.1523137968961,61.77928412103804,2
812,42892.95703125,42893.5078125,41877.5078125,42364.37890625,25242943069,41788.681919642855,40278.50241815476,0.012610091153007819,42358.80859375,730.8535545724578,53.59384082250713,2
813,43960.93359375,44131.85546875,42726.1640625,42886.65234375,31042992291,42218.61830357143,40350.36644345238,0.024898646221148013,42892.95703125,994.0292961169756,70.22387551410682,2
814,44348.73046875,44999.4921875,43706.28515625,43964.546875,30574413034,42582.55747767857,40598.51525297619,0.008821397620525806,43960.93359375,1249.3002482826237,75.40880714453705,1
815,44500.828125,44735.99609375,44166.2734375,44349.859375,16950455995,42912.58258928572,40841.38392857143,0.003429583093865096,44348.73046875,1421.7514600244847,75.50531419678958,2
816,46820.4921875,46827.546875,44437.29296875,44505.35546875,28160889722,43708.678013392855,41241.408110119046,0.052126312256127294,44500.828125,1834.494699276758,86.65398545288788,2
817,47128.00390625,48086.8359375,46690.203125,46821.8515625,36362175703,44572.96484375,41673.12072172619,0.0065678873583499,46820.4921875,1813.5869124184721,84.77594668542669,2
818,47465.73046875,48022.2890625,47100.4375,47100.4375,31397059069,45302.525111607145,42088.76171875,0.0071661546110000085,47128.00390625,1801.5910886440888,87.8442456318549,0
819,47062.6640625,47655.1484375,46746.2109375,47456.8984375,29333883962,45898.197544642855,42330.654017857145,-0.008491735032190584,47465.73046875,1542.8692947618931,81.70088943490589,0
820,45538.67578125,47512.02734375,45390.5390625,47062.1484375,33327427106,46123.58928571428,42621.18805803572,-0.03238210822970233,47062.6640625,1310.4279319263155,71.5028491071821,2
821,46281.64453125,46616.2421875,44403.140625,45554.1640625,38162644287,46399.71986607143,42977.69624255953,0.016315115388267687,45538.67578125,1052.3346384161773,71.21461364232428,0
822,45868.94921875,47028.28125,45782.51171875,46285.5,29336594194,46595.165736607145,43309.35993303572,-0.008917040798352427,46281.64453125,713.3235783809927,67.37814825805862,2
823,46453.56640625,47313.4765625,45634.10546875,45859.12890625,25414397610,46542.747767857145,43719.06956845238,0.012745379989237415,45868.94921875,707.4635469520744,75.45620486756057,1
824,46622.67578125,46791.08984375,45235.81640625,46445.2734375,32499785455,46470.55803571428,44050.30394345238,0.003640395949819908,46453.56640625,662.1193572418857,77.11552347949674,0
825,45555.9921875,47106.140625,45544.80859375,46624.5078125,29640604055,46197.73828125,44346.361421130954,-0.02287907280900814,46622.67578125,570.8853430813102,65.96986700476435,0
826,43206.73828125,45544.35546875,43193.953125,45544.35546875,39393395788,45646.89174107143,44444.59040178572,-0.05156849392240015,45555.9921875,1156.8219012170348,51.3267530820153,2
827,43503.84765625,43860.69921875,42899.90625,43207.5,26101973106,45356.20200892857,44566.13653273809,0.006876459247305178,43206.73828125,1415.3235837154755,47.932540324774955,0
828,42287.6640625,43903.01953125,42183.2890625,43505.13671875,27215995394,44785.63337053572,44589.30357142857,-0.02795577079433975,43503.84765625,1746.4004098171072,41.327431446449914,2
829,42782.13671875,42786.81640625,42183.25390625,42282.078125,16050772496,44344.66015625,44617.46949404762,0.011693070951357853,42287.6640625,1815.613318099332,42.9706164947551,0
830,42207.671875,43376.37890625,42021.20703125,42781.08984375,17654475582,43738.103794642855,44663.17652529762,-0.013427680050824398,42782.13671875,1699.14534052789,27.991957782083333,0
831,39521.90234375,42424.58984375,39373.05859375,42201.0390625,33949912166,42723.70758928572,44589.076822916664,-0.06363225953812457,42207.671875,1806.2470681829468,20.42293956027264,2
832,40127.18359375,40617.5859375,39388.328125,39533.71484375,30991500854,41948.16350446428,44482.80896577381,0.015315083892861292,39521.90234375,1532.1548686690119,22.045045339967928,2
833,41166.73046875,41430.0546875,39712.74609375,40123.5703125,27691105228,41656.73381696428,44400.607700892855,0.025906300465151855,40127.18359375,1444.362577446467,28.57916118973327,0
834,39935.515625,41451.48046875,39695.74609375,41160.21875,24342001973,41146.97209821428,44208.92113095238,-0.029908006531745968,41166.73046875,1306.9597666922707,29.20036460035631,2
835,40553.46484375,40617.72265625,39866.83203125,39939.40234375,21756855753,40899.22935267857,44028.19419642857,0.015473675726454417,39935.515625,1215.887907283569,28.537062439222595,1
836,40424.484375,40633.6796875,40078.42578125,40552.31640625,16833150693,40562.421875,43834.08258928572,-0.0031805042860567623,40553.46484375,890.3433910533189,29.156970058229007,0
837,39716.953125,40570.7265625,39620.89453125,40417.77734375,19087633042,40206.60491071428,43495.81882440476,-0.017502542356175654,40424.484375,559.4637289651961,24.450687098535724,2
838,40826.21484375,40986.3203125,38696.19140625,39721.203125,33705182072,40392.935267857145,43195.73363095238,0.027929174608607443,39716.953125,508.2754886417505,29.479670146705956,2
839,41502.75,41672.9609375,40618.6328125,40828.17578125,25303206547,40589.44475446428,42911.78218005953,0.016571096753378534,40826.21484375,637.8109402778209,35.24328813723231,1
840,41374.37890625,42126.30078125,40961.09765625,41501.74609375,27819532341,40619.10881696428,42640.911458333336,-0.003093074404708074,41502.75,672.9933015666699,42.04198905825239,0
841,40527.36328125,42893.58203125,40063.828125,41371.515625,35372786395,40703.658482142855,42402.27752976191,-0.020471984048854197,41374.37890625,606.712036825349,37.66232083989093,0
842,39740.3203125,40777.7578125,39315.41796875,40525.86328125,28011716745,40587.49497767857,42090.78590029762,-0.019420038833716236,40527.36328125,709.4130855225507,39.05162919386466,0
843,39486.73046875,39935.859375,39352.203125,39738.72265625,16138021249,40453.53013392857,41786.87072172619,-0.0063811726165236005,39740.3203125,824.5287085630717,35.537018077184456,1
844,39469.29296875,39845.92578125,39233.5390625,39478.375,17964398167,40418.150111607145,41454.28627232143,-0.0004416040475622163,39486.73046875,865.6885922825109,37.3638872415863,2
845,40458.30859375,40491.75390625,38338.37890625,39472.60546875,35445730570,40365.592075892855,41160.74497767857,0.025057850055308917,39469.29296875,847.7676451609673,55.123260010788506,0
846,38117.4609375,40713.890625,37884.984375,40448.421875,34569088416,39881.97935267857,40806.529203869046,-0.057858267871623625,40458.30859375,1035.700768381748,40.75933488778593,2
847,39241.12109375,39397.91796875,37997.3125,38120.30078125,30981015184,39577.228236607145,40617.69029017857,0.029478882606909007,38117.4609375,813.3661200087465,41.21404566394949,2
848,39773.828125,40269.46484375,38941.421875,39241.4296875,33903704907,39469.580357142855,40440.0703125,0.013575224570606004,39241.12109375,709.9489561996664,49.2120450203423,0
849,38609.82421875,39887.26953125,38235.53515625,39768.6171875,30882994649,39308.08091517857,40264.93508184524,-0.02926557389929385,39773.828125,764.5773481961486,41.00666007310753,0
850,37714.875,38771.2109375,37697.94140625,38605.859375,23895713731,39054.958705357145,40023.63690476191,-0.023179313474195662,38609.82421875,963.0995605926385,38.29235787989836,2
851,38469.09375,38627.859375,37585.7890625,37713.265625,27002760110,38912.07310267857,39845.609375,0.019997911964443782,37714.875,965.5754223611046,44.62993246314521,1
852,38529.328125,39074.97265625,38156.5625,38472.1875,32922642426,38636.50446428572,39798.34393601191,0.001565786170879102,38469.09375,685.3342712910604,39.134496872488064,0
853,37750.453125,38629.99609375,37585.62109375,38528.109375,27326943244,38584.07477678572,39685.166294642855,-0.020215120218891713,38529.328125,743.2515353351898,32.41984697059763,2
854,39698.37109375,39902.94921875,37732.05859375,37748.01171875,36754404490,38649.396205357145,39615.244419642855,0.051599856624237495,37750.453125,826.0967724605347,43.29141529813361,0
855,36575.140625,39789.28125,35856.515625,39695.74609375,43106256317,38192.44084821428,39455.2265625,-0.07867402068901796,39698.37109375,972.2094207352551,36.618720240685256,0
856,36040.921875,36624.359375,35482.1328125,36573.18359375,37795577489,37825.454799107145,39240.34356398809,-0.014606061408683924,36575.140625,1237.1486463520725,37.256554145845755,0
857,35501.953125,36129.92578125,34940.82421875,36042.50390625,24375896406,37509.32310267857,39005.93731398809,-0.014954355270636377,36040.921875,1520.4208863680358,36.53817375245884,0
858,34059.265625,35502.94140625,33878.96484375,35502.94140625,36763041910,36879.34765625,38736.52362351191,-0.040636848764922684,35501.953125,1918.0602828695924,33.32866284023278,0
859,30296.953125,34222.07421875,30296.953125,34060.015625,63355494961,35703.29408482143,38235.130208333336,-0.11046369999353145,34059.265625,2972.0223106501758,23.257946983171863,2
860,31022.90625,32596.30859375,29944.802734375,30273.654296875,59811038817,34742.21595982143,37736.09002976191,0.02396125848050934,30296.953125,3272.2818669877015,29.59451163610086,0
861,28936.35546875,32013.40234375,28170.4140625,31016.18359375,70388855818,33204.78515625,37143.80319940476,-0.06725839173272163,31022.90625,3078.031289150157,21.9167652446736,1
862,29047.751953125,30032.439453125,26350.490234375,28936.734375,66989173272,32129.443917410714,36597.15504092262,0.003849706798608521,28936.35546875,3018.6304098723244,20.081544019224523,2
863,29283.103515625,30924.802734375,28782.330078125,29030.91015625,42841124537,31164.04129464286,36099.19233630953,0.008102229834508146,29047.751953125,2612.4941980872372,22.563409268368076,2
864,30101.265625,30192.802734375,28702.91015625,29285.642578125,28579868620,30392.514508928572,35652.26543898809,0.027939733537411415,29283.103515625,1784.0026914566154,27.50125821301431,2
865,31305.11328125,31308.19140625,29527.740234375,30098.5859375,25835372065,29999.06417410714,35263.49497767857,0.03999325713567892,30101.265625,948.6959671904395,29.37794674411832,0
866,29862.91796875,31305.341796875,29251.884765625,31304.375,32613897286,29937.059151785714,34758.95256696428,-0.046069001557128786,31305.11328125,940.1267495749303,26.891628598872558,2
867,30425.857421875,30694.490234375,29570.302734375,29862.408203125,29101473475,29851.766462053572,34392.68573288691,0.018850785235190015,29862.91796875,847.7387332670768,30.241957705213593,0
868,28720.271484375,30618.716796875,28720.271484375,30424.478515625,31285268319,29820.897321428572,33891.69289434524,-0.05605711989808215,30425.857421875,889.5316211578164,19.994371262433376,2
869,30314.333984375,30430.751953125,28708.955078125,28720.359375,33773447707,30001.83761160714,33441.24079241072,0.05550304428240649,28720.271484375,833.0815576099644,31.326891434481922,0
870,29200.740234375,30664.9765625,28793.60546875,30311.119140625,30749382605,29990.071428571428,32993.189174107145,-0.036734890846488066,30314.333984375,845.4149371183956,30.28039532306967,2
871,29432.2265625,29588.869140625,29027.39453125,29199.859375,17274840442,29894.49441964286,32598.77734375,0.007927413013061102,29200.740234375,868.2588408466402,32.185718399870865,2
872,30323.72265625,30425.861328125,29275.18359375,29432.47265625,21631532270,29754.295758928572,32210.902529761905,0.030289794482822652,29432.2265625,655.7492080776203,38.66982706510182,0
873,29098.91015625,30590.5859375,28975.560546875,30309.396484375,31483454557,29645.151785714286,31761.835007440477,-0.04039123144227663,30323.72265625,696.9441391861312,45.70514904875813,2
874,29655.5859375,29774.35546875,28786.58984375,29101.125,26616506245,29535.11300223214,31376.365141369046,0.019130468401079792,29098.91015625,608.3083980698885,45.0380867813863,1
875,29562.361328125,30157.78515625,29384.94921875,29653.134765625,27525063551,29655.411551339286,30893.69800967262,-0.003143576713387941,29655.5859375,492.56272504007205,52.655981695217626,0
876,29267.224609375,29834.16015625,28261.90625,29564.77734375,36774325352,29505.82449776786,30545.702008928572,-0.009983529917456657,29562.361328125,411.4171750534899,50.91687081464017,0
877,28627.57421875,29346.943359375,28326.61328125,29251.140625,36582005748,29423.94363839286,30192.685453869046,-0.02185551924250806,29267.224609375,523.9116290741842,47.350940637032046,2
878,28814.900390625,28814.900390625,28554.56640625,28622.625,35519577634,29335.75418526786,29874.254371279763,0.006543557286537771,28627.57421875,572.0320188878429,44.52239142862988,2
879,29445.95703125,29498.009765625,28841.107421875,29019.8671875,18093886409,29210.35909598214,29654.57300967262,0.02190035821988534,28814.900390625,384.9933446364852,41.67733934500648,2
880,31726.390625,31949.630859375,29303.572265625,29443.365234375,39277993274,29585.713448660714,29722.641462053572,0.07744470968730455,29445.95703125,1018.2564191472707,57.75963226048866,1
881,31792.310546875,32249.86328125,31286.154296875,31723.865234375,33538210634,29890.959821428572,29759.279761904763,0.0020777630413166825,31726.390625,1318.6506969464042,55.93570115228064,0
882,29799.080078125,31957.28515625,29501.587890625,31792.5546875,41135817341,29924.776785714286,29800.361886160714,-0.06269536357891181,31792.310546875,1311.8369926212304,54.57195689853542,2
883,30467.48828125,30604.734375,29652.705078125,29794.890625,29083562061,30096.243024553572,29867.96837797619,0.02243049790035867,29799.080078125,1289.8225961092087,50.704322762429044,0
884,29704.390625,30633.03515625,29375.689453125,30467.806640625,26175547452,30250.07393973214,29888.02966889881,-0.02504629358369581,30467.48828125,1141.1081284761551,52.39333083483735,1
885,29832.9140625,29930.564453125,29500.005859375,29706.138671875,16588370958,30395.504464285714,29875.251023065477,0.004326748833952898,29704.390625,981.411869880856,51.92287071911195,1
886,29906.662109375,30117.744140625,29574.44921875,29835.1171875,17264085441,30461.319475446428,29808.658110119046,0.00247203631266113,29832.9140625,920.6900275128432,47.82809112669928,2
887,31370.671875,31693.291015625,29894.1875,29910.283203125,31947336829,30410.502511160714,29880.455915178572,0.048952630028413324,29906.662109375,846.0162514885193,61.54298686899923,0
888,31155.478515625,31489.68359375,29311.68359375,31371.7421875,40770974039,30319.526506696428,29915.199776785714,-0.006859698773187373,31370.671875,693.0753148878161,57.89503660660183,0
889,30214.35546875,31253.69140625,29944.404296875,31151.48046875,30242059107,30378.8515625,29986.346633184523,-0.03020730515832104,31155.478515625,657.9869019882278,53.150686793299066,1
890,30111.998046875,30609.310546875,30020.265625,30215.279296875,21692004719,30328.067243303572,29976.711588541668,-0.003387708269364409,30214.35546875,663.6994275128507,54.15977416709112,0
891,29083.8046875,30245.80859375,28978.146484375,30110.330078125,29867476527,30239.412109375,29971.143229166668,-0.03414563715680452,30111.998046875,790.2721297795968,52.163743080079335,0
892,28360.810546875,29401.916015625,28236.212890625,29084.666015625,27246574439,30029.11160714286,29920.12341889881,-0.024858994495164377,29083.8046875,1064.6986502041152,47.95054163513798,0
893,26762.6484375,28502.685546875,26762.6484375,28373.513671875,34163220274,29579.966796875,29750.54845610119,-0.056351073137826724,28360.810546875,1635.2456303500899,38.86168241817006,0
894,22487.388671875,26795.58984375,22141.2578125,26737.578125,68204556440,28310.926339285714,29435.71409970238,-0.15974726027617203,26762.6484375,2940.208712288144,17.098088596753215,0
895,22206.79296875,23018.951171875,20950.818359375,22487.986328125,50913575242,27032.54268973214,29081.009672619046,-0.012477914053041661,22487.388671875,3405.830233196691,16.378157889003873,2
896,22572.83984375,22642.671875,20178.376953125,22196.73046875,54912007015,25940.897600446428,28748.175316220237,0.01648355417709846,22206.79296875,3440.476502151696,21.387375144790198,0
897,20381.650390625,22868.921875,20265.2265625,22576.3046875,31183975654,24550.84793526786,28325.052734375,-0.09707194434960298,22572.83984375,3440.027991049308,14.362241380428827,1
898,20471.482421875,21243.3125,20326.51953125,20385.71875,27132421514,23320.516183035714,27936.667410714286,0.004407495444594733,20381.650390625,3068.666051278458,15.746265293265935,0
899,19017.642578125,20736.041015625,17708.623046875,20473.42578125,42009436760,21985.777901785714,27470.131324404763,-0.07101780974085614,20471.482421875,2487.962286532922,13.468202456212993,2
900,20553.271484375,20683.822265625,18067.15234375,19010.90234375,35329942625,21098.724051339286,27046.670107886905,0.0807475952890373,19017.642578125,1345.6887221211973,21.245862747325518,1
901,20599.537109375,20913.322265625,19689.169921875,20553.37109375,30818458597,20829.03097098214,26516.81994047619,0.002251010260589048,20553.271484375,1202.5616056719184,13.725447118930859,2
902,20710.59765625,21620.62890625,20415.0625,20594.294921875,28970212744,20615.28878348214,25989.119326636905,0.0053914098304885805,20599.537109375,1038.6629836109328,14.575729132235097,0
903,19987.029296875,20835.75,19848.078125,20719.4140625,28574793478,20245.887276785714,25521.878813244046,-0.034937106663198714,20710.59765625,588.844387770107,14.794043726082606,2
904,21085.876953125,21135.76171875,19950.1171875,19986.607421875,26188097173,20346.491071428572,25075.135416666668,0.05497803800296652,19987.029296875,670.4139824083333,20.9237825594564,2
905,21231.65625,21472.91796875,20777.51171875,21084.6484375,24957784918,20455.087332589286,24671.671875,0.006913598955313738,21085.876953125,750.785362909403,23.180850047577096,2
906,21502.337890625,21520.9140625,20964.5859375,21233.609375,18372538715,20810.043805803572,24274.97777157738,0.012748964915301864,21231.65625,505.0741844828931,25.827906746222965,0
907,21027.294921875,21783.724609375,21016.26953125,21496.494140625,18027170497,20877.76143973214,23852.15076264881,-0.02209261947079333,21502.337890625,496.6161944860212,28.048407263541463,0
908,20735.478515625,21478.08984375,20620.19921875,21028.23828125,20965695707,20897.181640625,23345.712983630954,-0.013877981325425726,21027.294921875,486.47739084590575,40.35312514787936,0
909,20280.634765625,21164.423828125,20228.8125,20731.544921875,21381535161,20835.758370535714,22827.86328125,-0.02193553187871977,20735.478515625,538.3413182967963,39.59333301676242,0
910,20104.0234375,20364.15625,19937.791015625,20281.169921875,23552740328,20852.471819196428,22346.418898809523,-0.008708372798288844,20280.634765625,508.59411552797076,36.38271219774528,0
911,19784.7265625,20141.16015625,18729.65625,20108.3125,26267239923,20666.593191964286,21854.644066220237,-0.01588223750298734,20104.0234375,631.8957949851587,45.85072803176866,0
912,19269.3671875,20632.671875,19073.708984375,19820.470703125,30767551159,20386.266183035714,21387.289899553572,-0.02604834458398897,19784.7265625,761.4257896396422,42.11069936640309,1
913,19242.255859375,19371.748046875,19027.08203125,19274.8359375,18100418740,20063.397321428572,20953.07300967262,-0.0014069651515379311,19269.3671875,684.5982824940194,51.81376290903585,1
914,19297.076171875,19558.26953125,18966.951171875,19242.095703125,16390821947,19816.223214285714,20597.56956845238,0.002848954556089245,19242.255859375,583.4570957914152,36.66772246097362,2
915,20231.26171875,20258.748046875,19063.06640625,19297.314453125,21594638208,19744.192243303572,20490.134951636905,0.04841073013105235,19297.076171875,471.4234687729011,46.711254504742556,1
916,20190.115234375,20635.466796875,19341.232421875,20225.353515625,26715546990,19731.260881696428,20394.102678571428,-0.0020338071321012174,20231.26171875,455.21912578443175,45.293254277342406,2
917,20548.24609375,20595.529296875,19823.51171875,20194.619140625,24598943708,19794.721261160714,20297.693452380954,0.017737930428710857,20190.115234375,539.0839591771129,55.43427814725843,2
918,21637.587890625,21771.81640625,20296.103515625,20547.814453125,25814972520,20059.41573660714,20357.5,0.053013857820514154,20548.24609375,880.2731065717846,55.35208534961466,1
919,21731.1171875,22314.94140625,21257.453125,21637.154296875,49899834488,20411.094308035714,20417.482607886905,0.004322538045727464,21637.587890625,996.155004728855,54.894835045950096,0
920,21592.20703125,21877.138671875,21445.95703125,21716.828125,29641127858,20746.801618303572,20540.080915178572,-0.006392223420980114,21731.1171875,930.4028625079853,50.90408945599016,0
921,20860.44921875,21591.080078125,20727.123046875,21591.080078125,28688807249,20970.140625,20554.708426339286,-0.03388990349346599,21592.20703125,677.734786262059,48.40395896647164,0
922,19970.556640625,20856.353515625,19924.5390625,20856.353515625,24150249025,20932.897042410714,20524.756975446428,-0.04265931997884009,20860.44921875,730.2354820726516,43.43407654588569,0
923,19323.9140625,20043.4453125,19308.53125,19970.474609375,25810220018,20809.15401785714,20458.724423363095,-0.03237979740682695,19970.556640625,924.6060618880812,42.04950449089113,2
924,20212.07421875,20223.052734375,18999.953125,19325.97265625,33042430345,20761.129464285714,20469.440848214286,0.04596171114078618,19323.9140625,948.8295469946888,50.80295928859101,2
925,20569.919921875,20789.89453125,19689.2578125,20211.466796875,31158743333,20608.60546875,20444.87146577381,0.017704551212910147,20212.07421875,866.718119018456,55.80177791555147,2
926,20836.328125,21138.244140625,20397.0,20573.15625,25905575359,20480.778459821428,20426.046316964286,0.012951348577769028,20569.919921875,728.5429096223951,62.02047491936248,2
927,21190.31640625,21514.404296875,20518.8984375,20834.103515625,24302954056,20423.36551339286,20411.188151041668,0.01698899533192111,20836.328125,636.3627804532849,64.23030620196735,0
928,20779.34375,21600.640625,20778.1796875,21195.041015625,22927802083,20411.77901785714,20399.380952380954,-0.01939436147960416,21190.31640625,627.7584648805379,60.29222101041345,2
929,22485.689453125,22633.033203125,20781.912109375,20781.912109375,39974475562,20771.08370535714,20482.72433035714,0.08211740099467768,20779.34375,963.2594354154521,64.137760572513,2
930,23389.43359375,23666.962890625,21683.40625,22467.849609375,48765202697,21351.872209821428,20630.762369791668,0.0401919693193753,22485.689453125,1152.349888554989,68.10456019556737,0
931,23231.732421875,24196.818359375,23009.94921875,23393.19140625,42932549127,21783.251953125,20779.70089285714,-0.006742410894342465,23389.43359375,1217.8927956241594,65.5379946318264,1
932,23164.62890625,23388.322265625,22431.1484375,23233.201171875,33631012204,22153.924665178572,20940.648623511905,-0.0028884421706671937,23231.732421875,1181.3704627916345,60.02916474360142,0
933,22714.978515625,23671.927734375,22603.416015625,23163.751953125,31421555646,22422.303292410714,21104.72535342262,-0.01941107679491816,23164.62890625,1036.6892968857135,56.172958569831664,0
934,22465.478515625,22977.2109375,22002.91015625,22706.984375,24021799169,22604.469308035714,21258.21214657738,-0.010983941711781742,22714.978515625,885.073386896179,55.404099726045146,2
935,22609.1640625,22974.001953125,22306.83984375,22465.509765625,23565495303,22865.872209821428,21415.930617559523,0.006395837363315726,22465.478515625,385.3024352898384,61.67110738010074,0
936,21361.701171875,22649.12109375,21361.642578125,22607.15625,35574561406,22705.30245535714,21469.761067708332,-0.05517510011323534,22609.1640625,686.5688676804544,58.86168394713242,0
937,21239.75390625,21361.12109375,20776.81640625,21361.12109375,28624673855,22398.20535714286,21519.74386160714,-0.005708686992848544,21361.701171875,800.8222442754222,63.07826989412696,2
938,22930.548828125,22986.529296875,21070.806640625,21244.169921875,31758955233,22355.179129464286,21633.186848958332,0.0796052030234431,21239.75390625,755.3763974708819,66.72464811596738,2
939,23843.88671875,24110.470703125,22722.265625,22933.640625,40212386158,22452.215959821428,21738.248697916668,0.0398306162434614,22930.548828125,905.417889823502,68.85351589344131,1
940,23804.6328125,24294.787109375,23481.173828125,23845.212890625,35887249746,22607.880859375,21836.98753720238,-0.0016462880701044735,23843.88671875,1041.5577746241543,67.5525326791724,0
941,23656.20703125,24572.580078125,23580.5078125,23796.818359375,28148218301,22777.984933035714,21935.273251488095,-0.006235163651508224,23804.6328125,1109.4455936248048,64.94492611439213,0
942,23336.896484375,24121.642578125,23275.703125,23652.0703125,23553591896,22881.946707589286,22053.199311755954,-0.013497960448739299,23656.20703125,1124.9772170429903,65.67461433731279,1
943,23314.19921875,23464.787109375,22890.796875,23336.71875,25849159141,23160.875,22212.420386904763,-0.0009725914343493569,23336.896484375,905.9554101969032,56.39813900620904,0
944,22978.1171875,23415.041015625,22710.083984375,23308.43359375,28389250717,23409.21261160714,22386.43005952381,-0.014415336683737068,23314.19921875,373.1676136799864,46.51837082886958,0
945,22846.5078125,23578.650390625,22747.8359375,22981.302734375,26288169966,23397.20675223214,22511.87927827381,-0.0057275961266136655,22978.1171875,392.0104369578136,46.72476030396536,0
946,22630.95703125,23198.009765625,22485.701171875,22848.21484375,25120229769,23223.931082589286,22610.023902529763,-0.009434736504108754,22846.5078125,428.0727225384057,45.57435262516496,2
947,23289.314453125,23422.828125,22612.177734375,22626.833984375,28881249043,23150.31417410714,22726.83277529762,0.029091011085651708,22630.95703125,348.47330749252524,54.603514739513024,0
948,22961.279296875,23326.5625,22961.279296875,23291.423828125,15978259885,23051.03878348214,22811.16434151786,-0.014085221654344782,23289.314453125,270.62250948028674,53.924616443532216,2
949,23175.890625,23359.009765625,22894.556640625,22963.505859375,15886817043,23028.037946428572,22925.285621279763,0.009346662498644243,22961.279296875,248.1898948583989,54.43623203118407,2
950,23809.486328125,24203.689453125,23176.546875,23179.52734375,28575544847,23098.79324776786,22988.323567708332,0.02733856978257987,23175.890625,379.3236204669676,71.1980495844508,0
951,23164.318359375,23898.615234375,22982.0,23811.484375,23555719219,23125.393415178572,22977.60379464286,-0.02709709734425869,23809.486328125,375.96460397454626,65.28201038655052,2
952,23947.642578125,24127.4140625,22771.51953125,23162.8984375,32837431722,23282.698381696428,23011.694754464286,0.033815983988709775,23164.318359375,460.65150236682473,59.43612848233933,1
953,23957.529296875,24822.62890625,23900.99609375,23948.345703125,37127036580,23472.20870535714,23049.45191592262,0.00041284726535173455,23947.642578125,418.81373675696625,51.26666187736336,2
954,24402.818359375,24412.56640625,23657.265625,23957.203125,27265804688,23631.280691964286,23129.825241815477,0.018586602023192844,23957.529296875,533.5238855583546,56.113986844600596,1
955,24424.068359375,24860.05078125,24346.115234375,24402.1875,22987346289,23840.250558035714,23223.09142485119,0.0008708010561344626,24402.818359375,513.4552886187354,58.0576997254834,1
956,24319.333984375,24974.9140625,24206.259765625,24429.056640625,22994133555,24003.599609375,23304.52808779762,-0.004288162539464846,24424.068359375,444.06914274299254,60.79556234327368,0
957,24136.97265625,25135.58984375,23839.775390625,24318.31640625,35123501685,24050.383370535714,23436.68387276786,-0.007498615226969818,24319.333984375,437.4112829545486,58.7345932689349,0
958,23883.291015625,24228.416015625,23733.5,24126.13671875,27753685646,24153.09375,23562.566592261905,-0.010510085263709001,24136.97265625,229.8312712455848,59.78047126166558,0
959,23335.998046875,24407.05859375,23243.353515625,23881.31640625,30931623076,24065.715959821428,23581.873697916668,-0.02291530796119967,23883.291015625,384.9081137057798,54.85303167553998,0
960,23212.73828125,23563.83203125,23177.6015625,23341.0390625,23747613147,23959.317243303572,23551.819010416668,-0.005281958173694035,23335.998046875,504.23990552519035,55.875572128194584,0
961,20877.552734375,23213.3125,20868.84765625,23213.3125,40509610260,23455.707868303572,23412.434244791668,-0.10059931398792521,23212.73828125,1228.1944555840325,31.805373419344193,2
962,21166.060546875,21350.806640625,20856.73046875,20872.841796875,27595671000,22990.278180803572,23293.85584077381,0.013819043648011897,20877.552734375,1404.7039416532205,36.375392365315086,2
963,21534.12109375,21668.845703125,21103.197265625,21160.392578125,23102307723,22592.390625,23208.00939360119,0.01738918520335342,21166.060546875,1359.2253655362279,37.82358711567466,0
964,21398.908203125,21531.462890625,20939.18359375,21531.462890625,31666498758,22201.23856026786,23116.80505952381,-0.006279006699941081,21534.12109375,1228.320577167404,30.694416375777948,2
965,21528.087890625,21646.203125,20955.138671875,21401.044921875,31878280659,21864.78097098214,23047.756045386905,0.006036741981122917,21398.908203125,990.2890182087485,35.71533314690656,0
966,21395.01953125,21783.076171875,21195.005859375,21526.455078125,31962253368,21587.49832589286,22978.637555803572,-0.006181150878381003,21528.087890625,752.9974000060851,24.860766428061154,2
967,21600.904296875,21789.63671875,21362.44140625,21395.458984375,31028679593,21357.236328125,22929.587425595237,0.009623023027591993,21395.01953125,254.84021162023487,27.65371736746971,0
968,20260.01953125,21804.908203125,20199.482421875,21596.0859375,42326789564,21269.01729910714,22785.335286458332,-0.06207539958496022,21600.904296875,467.0780395925299,16.420073425460814,0
969,20041.73828125,20340.775390625,19890.5234375,20262.48046875,30116729776,21108.399832589286,22646.309523809523,-0.010773990107132536,20260.01953125,661.3117357955416,15.578004930680521,0
970,19616.814453125,20139.0546875,19616.814453125,20041.03515625,24366810591,20834.498883928572,22476.82970610119,-0.021201944769558057,20041.73828125,830.9066850627789,14.831957493773231,2
971,20297.994140625,20357.462890625,19600.78515625,19615.154296875,32637854078,20677.225446428572,22309.615792410714,0.03472427641744291,19616.814453125,810.2026944621182,23.28329595867031,0
972,19796.80859375,20542.64453125,19617.640625,20298.611328125,34483360283,20429.899832589286,22149.25818452381,-0.024691382971281484,20297.994140625,770.4487499061481,22.507916059937372,2
973,20049.763671875,20420.990234375,19799.58203125,19799.58203125,33225232872,20237.72042410714,21963.64490327381,0.012777568511970205,19796.80859375,647.5678407214006,26.979962993954373,1
974,20127.140625,20198.390625,19653.96875,20050.498046875,30182031010,20027.182756696428,21781.245442708332,0.0038592451457939436,20049.763671875,244.86033611850695,28.24557992380157,0
975,19969.771484375,20401.568359375,19814.765625,20126.072265625,29123998928,19985.71875,21570.147972470237,-0.007818752974256604,20127.140625,222.4064405805299,40.763448706758815,0
976,19832.087890625,20037.009765625,19698.35546875,19969.71875,23613051457,19955.768694196428,21351.482235863095,-0.006894600364241943,19969.771484375,227.65945365925072,35.99723140485702,2
977,19986.712890625,19999.689453125,19636.81640625,19832.470703125,25245861652,20008.611328125,21145.166945684523,0.007796708085036963,19832.087890625,171.99521266172803,32.994806188272776,0
978,19812.37109375,20031.16015625,19673.046875,19988.7890625,28813460025,19939.23660714286,20939.233537946428,-0.008722884940063236,19986.712890625,128.17434292725423,32.71346652553248,0
979,18837.66796875,20155.26953125,18800.171875,19817.724609375,43403978910,19802.21651785714,20698.965773809523,-0.04919669232863699,19812.37109375,439.75716123135845,25.246680527377904,2
980,19290.32421875,19427.171875,18644.466796875,18837.68359375,35239757134,19693.725167410714,20506.314639136905,0.024029314602578067,18837.66796875,461.641940197629,31.711185801850192,1
981,19329.833984375,19417.3515625,19076.71484375,19289.94140625,32194477850,19579.82421875,20321.41443452381,0.0020481649337233954,19290.32421875,434.4409313837912,29.677862483353096,2
982,21381.15234375,21439.41015625,19310.962890625,19328.140625,48469528171,19781.450055803572,20345.395368303572,0.10612188190716765,19329.833984375,810.4100643032988,58.90055051243056,2
983,21680.5390625,21760.275390625,21168.72265625,21376.912109375,36913738894,20045.514508928572,20369.894345238095,0.014002365912589188,21381.15234375,1084.470028105503,62.84484706496134,1
984,21769.255859375,21770.552734375,21406.9453125,21678.54296875,34493951963,20300.163504464286,20381.091238839286,0.004092001431295067,21680.5390625,1262.9565370977257,67.809354819943,2
985,22370.44921875,22439.181640625,21603.896484375,21770.1484375,50212088965,20665.60323660714,20427.35509672619,0.027616624254801714,21769.255859375,1453.9413907038972,67.37755836999318,0
986,20296.70703125,22673.8203125,20062.669921875,22371.48046875,51091116622,20874.03738839286,20368.717912946428,-0.09270006906083372,22370.44921875,1236.5474046074453,53.31692160314509,1
987,20241.08984375,20467.201171875,19793.396484375,20184.5546875,37872380889,21009.86104910714,20313.768880208332,-0.0027402074343571003,20296.70703125,1075.3011691264974,51.30362434156052,0
988,19701.2109375,20318.166015625,19636.734375,20242.2890625,36389011503,21062.914899553572,20223.307291666668,-0.026672422800232853,20241.08984375,983.870488173742,47.2699412615987,1
989,19772.583984375,19870.62890625,19400.076171875,19704.005859375,30123362273,20833.11941964286,20200.09607514881,0.003622774615297697,19701.2109375,1080.2811275049742,48.722009139356196,2
990,20127.576171875,20162.53125,19777.033203125,19777.033203125,24957448100,20611.267578125,20204.18359375,0.017953757980268437,19772.583984375,1035.7917610003396,51.86262130615196,0
991,19419.505859375,20127.234375,19387.4921875,20127.234375,31254779144,20275.589006696428,20194.787946428572,-0.035179114785287124,20127.576171875,977.0521859560001,46.65778662866065,2
992,19544.12890625,19639.48046875,18390.318359375,19418.572265625,40177002624,19871.828962053572,20158.889601934523,0.006417415961943007,19419.505859375,349.5771730339093,48.41009279668081,0
993,18890.7890625,19602.45703125,18813.455078125,19545.591796875,36791346508,19670.983537946428,20115.74581473214,-0.033428956945789956,19544.12890625,453.27896479923527,50.32732534825404,0
994,18547.400390625,19674.630859375,18290.314453125,18891.283203125,46363793975,19429.027901785714,20044.20470610119,-0.018177571658806957,18890.7890625,541.6627332444266,45.35971348523912,2
995,19413.55078125,19456.91015625,18415.591796875,18534.650390625,41135767926,19387.93359375,20010.22423735119,0.04669928789927913,18547.400390625,528.319007288498,50.473951414423695,0
996,19297.638671875,19464.671875,18617.552734375,19412.400390625,38896078052,19320.08426339286,19978.217912946428,-0.005970680514919002,19413.55078125,500.44952613839615,34.89416018186613,0
997,18937.01171875,19310.197265625,18861.974609375,19296.990234375,26149643168,19150.00362723214,19935.595238095237,-0.01868762076318642,19297.638671875,363.98438654472244,30.284024047358116,0
998,18802.09765625,19134.732421875,18696.46875,18936.310546875,23359966112,19061.80245535714,19879.184988839286,-0.007124358610731463,18937.01171875,362.59683450635976,28.81757924035341,2
999,19222.671875,19274.873046875,18721.28515625,18803.900390625,44148798321,19015.880022321428,19851.104073660714,0.022368473265013344,18802.09765625,307.4998271864228,26.93328715206613,0
1000,19110.546875,20338.455078125,18915.66796875,19221.83984375,58571439619,19047.273995535714,19864.098307291668,-0.005832956039052206,19222.671875,303.79594472986025,37.80068714716615,2
1001,19426.720703125,19688.34375,18553.296875,19104.62109375,53071298734,19172.891183035714,19870.59337797619,0.016544467837213528,19110.546875,237.13578903654684,42.050503005296015,2
1002,19573.05078125,19589.265625,18924.353515625,19427.779296875,41037843771,19195.676897321428,19882.175130208332,0.007532412719634118,19426.720703125,269.5603318534658,48.644838581766514,0
1003,19431.7890625,20109.849609375,19265.662109375,19573.431640625,43975248085,19214.841238839286,19789.348307291668,-0.0072171538473359,19573.05078125,282.4766899610817,46.44893018341167,0
1004,19312.095703125,19471.154296875,19231.08203125,19431.10546875,18719537670,19268.424665178572,19676.565290178572,-0.0061596674907298254,19431.7890625,255.2545741577996,41.06456652470734,0
1005,19044.107421875,19370.30859375,18970.62109375,19311.849609375,20765955327,19302.997488839286,19546.796316964286,-0.013876706359042923,19312.095703125,189.48164871863986,45.44762078001808,2
1006,19623.580078125,19653.54296875,19025.2265625,19044.068359375,30484729489,19360.270089285714,19415.993024553572,0.030427924155919772,19044.107421875,219.38539460198578,50.867759057404484,2
1007,20336.84375,20380.34375,19523.83984375,19623.583984375,35887278685,19535.45535714286,19417.904296875,0.036347275524413414,19623.580078125,401.0995289443973,65.58962550198098,0
1008,20160.716796875,20343.748046875,19801.80078125,20335.900390625,33223790572,19640.311941964286,19414.077008928572,-0.008660486125090072,20336.84375,459.61021748237215,68.0435692460399,0
1009,19955.443359375,20408.392578125,19900.087890625,20161.0390625,34711412966,19694.939453125,19426.18331473214,-0.01018185214187517,20160.716796875,472.81848239300155,57.1119433400749,0
1010,19546.849609375,20041.0859375,19395.79296875,19957.55859375,29227315390,19711.37667410714,19415.434058779763,-0.02047530303595302,19955.443359375,464.06448938608895,53.03736649213164,0
1011,19416.568359375,19601.6953125,19299.4140625,19546.328125,16437423167,19726.301339285714,19381.57654389881,-0.006665076603316944,19546.849609375,450.56677845556334,56.19250633417083,1
1012,19446.42578125,19542.5390625,19349.259765625,19417.478515625,16837262532,19783.775390625,19382.858444940477,0.0015377290838616275,19416.568359375,366.94265039629147,58.552235896287264,0
1013,19141.484375,19515.466796875,19102.978515625,19446.416015625,27425022774,19714.90457589286,19363.684895833332,-0.01568110303046133,19446.42578125,439.9913519664616,48.88826365011543,1
1014,19051.41796875,19241.9609375,18925.603515625,19139.0,28711532910,19531.272321428572,19371.333891369046,-0.00470529894576166,19141.484375,403.92137152400744,49.18540060509715,2
1015,19157.4453125,19203.19921875,19029.7578125,19052.646484375,24950173846,19387.947823660714,19400.383649553572,0.005565325579645286,19051.41796875,310.55534921453466,46.06227854261835,2
1016,19382.904296875,19453.328125,18319.822265625,19156.966796875,44219840004,19306.15652901786,19398.924293154763,0.011768739552548313,19157.4453125,186.9996847171404,47.28230678570491,0
1017,19185.65625,19889.146484375,19115.408203125,19382.533203125,38452356727,19254.557477678572,19393.591796875,-0.010176392755898878,19382.904296875,156.9305664530322,46.53752779154609,0
1018,19067.634765625,19212.541015625,19019.25,19185.4375,16192235532,19204.709821428572,19399.811941964286,-0.0061515479500473536,19185.65625,152.2400893225817,46.55942850294292,2
1019,19268.09375,19389.603515625,19068.9140625,19068.9140625,17988916650,19179.233816964286,19422.00223214286,0.010513049302600663,19067.634765625,115.54941102271856,53.21349251583334,2
1020,19550.7578125,19635.802734375,19173.333984375,19268.5625,27472552998,19237.70145089286,19437.62537202381,0.014670058500208416,19268.09375,179.25113095690043,48.857970559929825,0
1021,19334.416015625,19666.994140625,19144.76953125,19550.466796875,30580012344,19278.129743303572,19448.285807291668,-0.011065647631146036,19550.7578125,161.24352763098997,31.37693880231673,0
1022,19139.53515625,19348.416015625,19127.6875,19335.02734375,22425387184,19275.571149553572,19434.610305059523,-0.010079479991405349,19334.416015625,163.6025438502508,31.159811441366585,1
1023,19053.740234375,19315.19921875,18971.458984375,19138.0859375,24493974420,19228.547712053572,19409.88123139881,-0.004482602172654282,19139.53515625,174.54936208250183,32.59688210095551,2
1024,19172.46875,19237.384765625,18770.970703125,19053.203125,32459287866,19226.66378348214,19397.532645089286,0.006231244583192241,19053.740234375,175.1595496399052,41.86401470294865,1
1025,19208.189453125,19248.068359375,19132.244140625,19172.380859375,16104440957,19246.743024553572,19392.58472842262,0.0018631248583989013,19172.46875,161.40737689040046,45.27744825510367,2
1026,19567.0078125,19646.65234375,19124.197265625,19207.734375,22128794335,19289.44503348214,19417.48474702381,0.018680488353712166,19208.189453125,202.34603111311762,52.37818256898263,0
1027,19345.572265625,19589.125,19206.32421875,19567.76953125,30202235805,19260.1328125,19404.246279761905,-0.011316781236911488,19567.0078125,170.54566908456704,54.162228650319896,2
1028,20095.857421875,20348.412109375,19261.447265625,19344.96484375,47761524910,19368.91015625,19392.77074032738,0.03878330120960949,19345.572265625,361.6178937120407,66.78146094389894,2
1029,20770.44140625,20938.134765625,20076.1171875,20092.236328125,58895950537,19601.89676339286,19421.805245535714,0.03356831063305088,20095.857421875,621.3295752741919,71.91307937970245,0
1030,20285.8359375,20854.044921875,20255.373046875,20772.802734375,49625110402,19777.91043526786,19437.538225446428,-0.0233314959115013,20770.44140625,614.6454494838888,61.45972200256907,2
1031,20595.3515625,20724.98046875,20086.068359375,20287.95703125,43994715910,19981.17940848214,19487.466889880954,0.015257721000682789,20285.8359375,616.327375853262,67.39567617073583,2
1032,20818.4765625,20988.39453125,20566.484375,20595.103515625,40369840645,20211.22042410714,19554.224423363095,0.01083375534148523,20595.3515625,579.1196733422156,71.05916612908607,0
1033,20635.603515625,20917.005859375,20547.462890625,20817.982421875,31486345556,20363.876953125,19610.85193452381,-0.008784170461560437,20818.4765625,518.6907532049818,66.51831992597762,0
1034,20495.7734375,20795.3203125,20287.458984375,20633.6953125,45668466815,20528.19140625,19675.341889880954,-0.006776156462742766,20635.603515625,260.03145778533104,61.82292491354824,1
1035,20485.2734375,20647.2890625,20359.845703125,20494.8984375,39819303159,20583.822265625,19743.62072172619,-0.0005123007449325812,20495.7734375,182.10065193927636,65.18002284581343,0
1036,20159.50390625,20742.810546875,20087.134765625,20482.958984375,55552169483,20496.545479910714,19791.337797619046,-0.015902620594443806,20485.2734375,220.17515368564844,63.0045441596293,1
1037,20209.98828125,20382.095703125,20086.240234375,20162.689453125,43228750179,20485.710100446428,19830.722749255954,0.0025042468919260763,20159.50390625,233.72250943779073,64.87604364920018,2
1038,21147.23046875,21209.560546875,20188.01953125,20208.76953125,64072727950,20564.549944196428,19924.131045386905,0.0463751969796804,20209.98828125,343.9561913114768,70.98671898481102,2
1039,21282.69140625,21446.88671875,21097.634765625,21144.83203125,37846047609,20630.866350446428,20029.609933035714,0.006405611254872046,21147.23046875,434.03120877054965,71.58902386623299,0
1040,20926.486328125,21345.376953125,20920.19140625,21285.056640625,35082693210,20672.421037946428,20108.581008184523,-0.01673684363155281,21282.69140625,448.25211046484895,64.15558405437933,0
1041,20602.81640625,21053.24609375,20489.97265625,20924.62109375,53510852236,20687.712890625,20158.679036458332,-0.015466997985227438,20926.486328125,443.01679274395883,62.818164620607945,0
1042,18541.271484375,20664.607421875,17603.544921875,20600.671875,118992465607,20409.99832589286,20120.910249255954,-0.10006131594948431,20602.81640625,931.3014723091545,37.49410016057619,0
1043,15880.7802734375,18590.458984375,15682.6923828125,18543.76171875,102905151606,19798.752092633928,19965.7314453125,-0.14349022466876316,18541.271484375,1959.57689322014,20.18978229607501,2
1044,17586.771484375,18054.3125,15834.0185546875,15883.158203125,83202283721,19424.0068359375,19895.875790550595,0.10742489862358795,15880.7802734375,2112.674235782084,35.67786537833325,0
1045,17034.29296875,17650.943359375,16543.482421875,17583.251953125,55871616488,18836.4443359375,19794.05789620536,-0.03141443647663533,17586.771484375,2125.4403229184204,31.578824532146143,0
1046,16799.185546875,17066.67578125,16651.775390625,17036.875,29717699419,18195.943498883928,19679.343424479168,-0.013802006476365758,17034.29296875,1932.1658308083915,29.234154652432835,0
1047,16353.365234375,16920.765625,16320.634765625,16799.72265625,27209183682,17542.640485491072,19526.312825520832,-0.026538209918333333,16799.185546875,1599.5408462964385,28.460856828208975,2
1048,16618.19921875,17109.32421875,15872.94140625,16352.0283203125,49630243054,16973.40945870536,19396.437918526786,0.016194463988263186,16353.365234375,873.0151555095999,30.738483700769976,2
1049,16884.61328125,17051.962890625,16542.55078125,16617.484375,36599436183,16736.744001116072,19243.521530877977,0.016031463998783302,16618.19921875,537.0525158025065,32.5574994583333,0
1050,16669.439453125,16960.294921875,16430.111328125,16884.341796875,33925512989,16849.409598214286,19048.23572358631,-0.0127437818409466,16884.61328125,390.2037224474836,32.91013372252051,1
1051,16687.517578125,16726.439453125,16460.68359375,16670.42578125,27868914022,16720.944754464286,18876.887230282737,0.0010845070736082985,16669.439453125,216.23198673312734,32.69653363646377,1
1052,16697.77734375,16947.05859375,16564.611328125,16687.912109375,26862218609,16672.87109375,18691.28845796131,0.0006148167681003791,16687.517578125,166.68819197390457,25.952877723129816,1
1053,16711.546875,16797.876953125,16570.41015625,16696.220703125,16106223492,16660.35128348214,18495.720377604168,0.0008246325823211276,16697.77734375,158.72039120426055,24.96590527667587,0
1054,16291.83203125,16746.779296875,16248.6923828125,16712.919921875,21313378652,16651.56082589286,18288.874116443454,-0.025115259939095247,16711.546875,178.96837495822209,24.79343504580629,0
1055,15787.2841796875,16291.2236328125,15599.046875,16291.2236328125,37429485518,16532.85867745536,18064.660342261905,-0.030969374751391165,16291.83203125,374.03382187759826,24.31503977359796,2
1056,16189.76953125,16253.0478515625,15656.6064453125,15782.30078125,30726828760,16433.595284598214,17860.11253720238,0.025494274188105903,15787.2841796875,356.93466075104334,34.76052266171159,2
1057,16610.70703125,16638.193359375,16170.5029296875,16195.5888671875,32958875628,16425.204938616072,17691.122209821428,0.02600021570334854,16189.76953125,351.10953321976984,56.66525236992795,1
1058,16604.46484375,16771.474609375,16501.767578125,16611.63671875,26129037414,16413.340262276786,17519.430617559523,-0.0003757930043709612,16610.70703125,342.0546313180733,36.99229067028339,1
1059,16521.841796875,16603.31640625,16388.404296875,16602.26953125,18678255976,16388.206612723214,17299.174014136905,-0.004975953615638518,16604.46484375,323.6393188285508,42.24969811115653,1
1060,16464.28125,16666.86328125,16416.228515625,16521.576171875,18000008764,16352.88295200893,17069.725911458332,-0.0034839061881034583,16521.841796875,294.6632400822484,44.64745918894823,1
1061,16444.626953125,16594.40625,16437.025390625,16463.8828125,20443898509,16374.71079799107,16856.304036458332,-0.0011937537130568554,16464.28125,295.0460735569808,51.68859657047866,0
1062,16217.322265625,16482.93359375,16054.5302734375,16440.22265625,27743025156,16436.14481026786,16647.47098214286,-0.013822428939733733,16444.626953125,171.07272639931256,42.47819490457064,2
1063,16444.982421875,16522.2578125,16139.396484375,16217.6396484375,23581685468,16472.60379464286,16547.64769345238,0.014038085481754337,16217.322265625,132.70756621381676,41.62930507438354,2
1064,17168.56640625,17190.9375,16445.4765625,16445.4765625,29523576583,16552.297991071428,16608.970842633928,0.044000289316970864,16444.982421875,296.22657065307317,57.9620257423867,0
1065,16967.1328125,17197.498046875,16888.388671875,17168.001953125,22895392882,16604.10770089286,16579.46423921131,-0.011732697360023692,17168.56640625,335.92606163016364,54.21389390252087,2
1066,17088.66015625,17088.66015625,16877.880859375,16968.68359375,19539705127,16685.08175223214,16582.053152901786,0.007162515027905547,16967.1328125,378.41858159777104,55.69958722334651,0
1067,16908.236328125,17116.041015625,16888.140625,17090.09765625,16217776704,16748.50390625,16587.246047247023,-0.010558102652595158,17088.66015625,372.400378849818,52.735065437333446,2
1068,17130.486328125,17157.767578125,16903.439453125,16908.169921875,16824520830,16846.483816964286,16624.251813616072,0.013144481522908036,16908.236328125,369.3375106549674,62.3395593759627,0
1069,16974.826171875,17378.15234375,16922.431640625,17128.89453125,22209086834,16954.698660714286,16641.234049479168,-0.00908673304822849,17130.486328125,243.96567934389958,69.47207249503688,2
1070,17089.50390625,17091.86328125,16939.921875,16975.23828125,19889922369,17046.77315848214,16650.990745907737,0.006755753090715411,16974.826171875,96.72412168934741,66.2904517125584,0
1071,16848.126953125,17109.376953125,16750.55859375,17089.505859375,19675404389,17000.99609375,16659.499674479168,-0.01412428087141393,17089.50390625,104.9533836297181,54.59763550390212,2
1072,17233.474609375,17267.916015625,16788.783203125,16847.349609375,20496603770,17039.044921875,16685.497628348214,0.022871839541696026,16848.126953125,134.69522484133861,60.621275332684725,0
1073,17133.15234375,17280.546875,17100.8359375,17232.1484375,20328426366,17045.400948660714,16706.22977120536,-0.005821360340788395,17233.474609375,138.42480714857533,60.2610781851073,1
1074,17128.724609375,17216.826171875,17120.68359375,17134.220703125,12706781969,17076.899274553572,16726.095377604168,-0.00025843080632004245,17133.15234375,126.59137080549203,61.3554811864082,1
1075,17104.193359375,17245.634765625,17091.8203125,17129.7109375,14122486832,17073.143136160714,16764.779250372023,-0.0014321702613265819,17128.724609375,125.11786822890177,61.25337403277727,2
1076,17206.4375,17212.564453125,16899.39453125,17102.5,19617581341,17106.23046875,16832.357979910714,0.005977723618808328,17104.193359375,125.40909497900553,67.62835396014617,2
1077,17781.318359375,17930.0859375,17111.763671875,17206.44140625,26634741631,17205.061104910714,16908.146019345237,0.033410801008343594,17206.4375,283.27138527351735,71.19359970659953,1
1078,17815.650390625,18318.53125,17739.513671875,17782.06640625,25534481470,17343.278738839286,16965.524274553572,0.0019307922256450727,17781.318359375,314.41600709492707,63.13377135431573,0
1079,17364.865234375,17846.744140625,17322.58984375,17813.64453125,20964448341,17362.048828125,17001.733816964286,-0.02530276169357326,17815.650390625,310.6679280959698,57.33069728362565,0
1080,16647.484375,17505.525390625,16584.701171875,17364.546875,24031608960,17292.66768973214,17007.716796875,-0.04131220425223303,17364.865234375,408.9824629170976,43.33297521168531,2
1081,16795.091796875,16800.58984375,16614.029296875,16646.982421875,14463581825,17245.005859375,17023.469680059523,0.008866650272798315,16647.484375,448.7766361430152,48.2730372007999,1
1082,16757.9765625,16815.38671875,16697.8203125,16795.609375,10924354698,17195.546316964286,17038.391090029763,-0.0022098857704312413,16795.091796875,484.5355966278424,43.973678506451776,0
1083,16439.6796875,16807.52734375,16398.13671875,16759.041015625,17221074814,17086.00948660714,17048.979538690477,-0.01899375344110854,16757.9765625,562.1203888898305,41.775394533119055,2
1084,16906.3046875,17012.984375,16427.8671875,16441.787109375,22722096615,16961.00753348214,17070.947265625,0.028384068842582266,16439.6796875,471.75858195883694,47.45928815212092,0
1085,16817.53515625,16916.80078125,16755.912109375,16904.52734375,14882945045,16818.41964285714,17054.231491815477,-0.005250676176186131,16906.3046875,283.7803498611713,49.556982970021465,1
1086,16830.341796875,16866.673828125,16592.408203125,16818.380859375,16441573050,16742.059151785714,17047.717633928572,0.0007615052090579333,16817.53515625,154.87123839628467,43.455901749117324,1
1087,16796.953125,16905.21875,16794.458984375,16829.64453125,15329265213,16763.41183035714,17033.826822916668,-0.001983838015767403,16830.341796875,149.88217851052073,44.4212103809162,1
1088,16847.755859375,16864.703125,16793.52734375,16796.9765625,9744636213,16770.93526785714,17030.946800595237,0.003024520816182319,16796.953125,153.02618772617376,45.408356729469176,1
1089,16841.986328125,16860.5546875,16755.25390625,16847.505859375,11656379938,16782.936662946428,17017.20870535714,-0.000342451024228807,16847.755859375,155.12047764671456,45.688525601005075,1
1090,16919.8046875,16920.123046875,16812.369140625,16842.25,11886957804,16851.525948660714,17014.58863467262,0.004620497716771643,16841.986328125,45.36931720351543,45.24872667843402,0
1091,16717.173828125,16959.845703125,16642.072265625,16919.291015625,15748580239,16824.507254464286,16996.85863095238,-0.011975957353969946,16919.8046875,60.95074906858993,29.877219133782532,0
1092,16552.572265625,16768.169921875,16497.556640625,16716.400390625,17005713920,16786.655412946428,16982.784598214286,-0.009846255365429935,16717.173828125,119.83367468397503,27.236901017393976,2
1093,16642.341796875,16651.755859375,16508.68359375,16552.322265625,14472237479,16759.798270089286,16954.635416666668,0.0054232979508825885,16552.572265625,129.1184432444999,35.030898667262306,1
1094,16602.5859375,16643.427734375,16408.474609375,16641.330078125,15929162910,16732.03152901786,16929.37034970238,-0.002388838052975517,16642.341796875,140.21871321969869,48.706661805677456,1
1095,16547.49609375,16628.986328125,16517.51953125,16603.673828125,11239186456,16689.137276785714,16901.692801339286,-0.0033181483870876605,16602.5859375,144.7696522830486,42.46623537004702,1
1096,16625.080078125,16630.439453125,16521.234375,16547.9140625,9244361700,16658.15066964286,16878.877883184523,0.0046885633896178724,16547.49609375,128.9501304007896,46.05346037800197,1
1097,16688.470703125,16759.34375,16572.228515625,16625.509765625,12097775227,16625.102957589286,16854.212797619046,0.0038129515588565255,16625.080078125,64.00551701223789,58.706275878378285,1
1098,16679.857421875,16760.447265625,16622.37109375,16688.84765625,13903079207,16619.772042410714,16801.762276785714,-0.000516121662866742,16688.470703125,56.128294720735205,38.336971501574304,2
1099,16863.23828125,16964.5859375,16667.763671875,16680.205078125,18421743322,16664.152901785714,16756.409319196428,0.010994150293785143,16679.857421875,99.89551834458888,52.14487631213266,1
1100,16836.736328125,16884.021484375,16790.283203125,16863.47265625,13692758566,16691.92354910714,16731.260323660714,-0.0015715814888571655,16863.23828125,118.17045618725953,50.296290665305584,2
1101,16951.96875,16991.994140625,16716.421875,16836.47265625,14413662913,16741.835379464286,16745.759579613095,0.006844106816741524,16836.736328125,144.90773057683433,56.676289783681746,1
1102,16955.078125,16975.017578125,16914.19140625,16952.1171875,7714767174,16800.061383928572,16753.377976190477,0.00018342264818071996,16951.96875,135.3774597598154,54.82023148058803,2
1103,17091.14453125,17091.14453125,16924.05078125,16954.146484375,9768827914,16866.642020089286,16769.243117559523,0.008025112314249405,16955.078125,148.908480371334,60.01806202341781,2
1104,17196.5546875,17389.95703125,17093.9921875,17093.9921875,18624736866,16939.225446428572,16805.28478422619,0.006167530562816603,17091.14453125,169.93198964792808,60.8859257984518,2
1105,17446.29296875,17484.720703125,17162.990234375,17192.94921875,15808338949,17048.716238839286,16830.998511904763,0.014522576515372032,17196.5546875,215.71174875572743,77.65493576475573,2
1106,17934.896484375,17934.896484375,17337.994140625,17446.359375,18372283782,17201.81026785714,16884.206194196428,0.02800615102017323,17446.29296875,379.9206570867458,92.08639082811032,2
1107,18869.587890625,19030.087890625,17995.203125,18117.59375,34971338710,17492.217633928572,16981.313151041668,0.052115795988246116,17934.896484375,698.0790766741292,94.77474223161069,2
1108,19909.57421875,19964.322265625,18753.1640625,18868.90625,29225029694,17914.73270089286,17129.533203125,0.05511441660269112,18869.587890625,1097.4210307695566,97.41339913572752,2
1109,20976.298828125,21075.142578125,19907.828125,19910.537109375,38967784639,18489.192801339286,17326.13048735119,0.05357847423830919,19909.57421875,1492.6607624195042,99.2194937714483,1
1110,20880.798828125,20993.748046875,20606.986328125,20977.484375,19298407543,19030.57198660714,17518.454892113095,-0.004552757413617381,20976.298828125,1585.4451202617006,97.10833068849188,2
1111,21169.6328125,21360.875,20715.74609375,20882.224609375,26792494050,19598.15457589286,17720.827659970237,0.013832516023570829,20880.798828125,1529.636621880786,97.24579455995519,1
1112,21161.51953125,21438.66015625,20978.533203125,21175.833984375,24999983362,20128.901227678572,17932.46316964286,-0.00038325091993141047,21169.6328125,1283.2567110457967,97.25604846100396,0
1113,20688.78125,21564.501953125,20541.544921875,21161.05078125,30005625418,20522.313337053572,18129.42550223214,-0.022339524368838015,21161.51953125,846.2548798284109,88.01781832298137,2
1114,21086.79296875,21163.01171875,20685.380859375,20686.74609375,21152848261,20839.05691964286,18341.06603422619,0.019238045679950355,20688.78125,443.79693241909484,89.33227484651398,2
1115,22676.552734375,22692.357421875,20919.126953125,21085.373046875,28799154319,21234.33956473214,18630.302548363095,0.07539125404137925,21086.79296875,658.337362184117,91.61949249269632,1
1116,22777.625,23282.34765625,22511.833984375,22677.427734375,32442278429,21491.671875,18926.97535342262,0.004457126566322689,22676.552734375,861.3994410542921,91.73719131930756,1
1117,22720.416015625,23056.73046875,22387.900390625,22777.986328125,24746386230,21754.47433035714,19217.229445684523,-0.002511630794474806,22777.625,922.4283488182742,90.81316007321536,2
1118,22934.431640625,23126.486328125,22654.3046875,22721.087890625,26518700512,22006.588448660714,19514.656156994046,0.009419529327844067,22720.416015625,975.5830141280381,90.95559281194036,0
1119,22636.46875,23134.01171875,22549.744140625,22929.626953125,26405069715,22217.295479910714,19798.30431547619,-0.012991945703908492,22934.431640625,920.3621436193068,86.79293873312565,2
1120,23117.859375,23722.099609375,22406.076171875,22639.267578125,30685366709,22564.306640625,20096.143415178572,0.021266153759075257,22636.46875,672.5748051235792,86.77941886988896,1
1121,23032.77734375,23237.078125,22911.373046875,23108.955078125,26357839322,22842.30440848214,20391.19298735119,-0.003680359408276712,23117.859375,186.8957140119293,83.59361234486883,1
1122,23078.728515625,23417.720703125,22654.59375,23030.716796875,25383335641,22899.75809151786,20682.943452380954,0.0019950339114214177,23032.77734375,189.25129176334968,80.4587832082087,1
1123,23031.08984375,23165.896484375,22908.845703125,23079.96484375,14712928379,22935.967354910714,20972.27734375,-0.0020641809553220147,23078.728515625,186.21227600826376,74.55957240483528,2
1124,23774.56640625,23919.890625,22985.0703125,23031.44921875,27423687259,23086.56026785714,21290.53552827381,0.03228143207915801,23031.08984375,343.04724685494455,79.94839915701914,0
1125,22840.138671875,23789.34765625,22657.58203125,23774.6484375,27205595568,23073.08984375,21559.27762276786,-0.03930367092328346,23774.56640625,351.7572076759782,65.25060918703619,2
1126,23139.283203125,23225.021484375,22765.568359375,22840.796875,22837828665,23144.920479910714,21830.372395833332,0.013097316769725253,22840.138671875,294.3990767057391,67.14463006513373,2
1127,23723.76953125,23764.5390625,22877.75,23137.8359375,26683255504,23231.479073660714,22106.033017113095,0.025259482888651652,23139.283203125,365.58448361601364,75.80935233874905,0
1128,23471.87109375,24167.2109375,23468.595703125,23720.82421875,32066936882,23294.20675223214,22325.189360119046,-0.01061797692681965,23723.76953125,363.4727642719848,70.79943860796577,1
1129,23449.322265625,23678.103515625,23279.955078125,23469.412109375,27083066007,23347.14871651786,22493.74879092262,-0.0009606745041729203,23471.87109375,353.7147375055946,59.27404005722997,0
1130,23331.84765625,23556.94921875,23291.794921875,23446.3203125,15639298538,23390.114118303572,22605.917782738095,-0.005009723012217249,23449.322265625,326.11435221092125,56.62516705221368,0
1131,22955.666015625,23423.435546875,22841.759765625,23332.248046875,19564262605,23273.128348214286,22704.72098214286,-0.01612309690031044,23331.84765625,311.78125977939607,52.61291358260372,0
1132,22760.109375,23119.279296875,22692.025390625,22954.021484375,23825006542,23261.69559151786,22780.457961309523,-0.008518883333286542,22955.666015625,331.1693361608845,48.05583667224447,2
1133,23264.291015625,23310.974609375,22756.2578125,22757.267578125,27187964471,23279.553850446428,22880.589936755954,0.022151986720186922,22760.109375,326.80990825197347,56.69400119034083,0
1134,22939.3984375,23367.958984375,22731.09765625,23263.416015625,25371367758,23167.500837053572,22987.762183779763,-0.013965290320121615,23264.291015625,280.2722741674631,48.03151065162745,0
1135,21819.0390625,22996.4375,21773.974609375,22946.56640625,32572572185,22931.381975446428,23022.631045386905,-0.04883996317743455,22939.3984375,548.7498477791958,39.101197925728044,0
1136,21651.18359375,21941.185546875,21539.392578125,21819.005859375,27078406594,22674.505022321428,22973.80394345238,-0.007693073387383564,21819.0390625,672.7436041572018,37.45593979150412,2
1137,21870.875,21891.41015625,21618.44921875,21651.841796875,16356226232,22465.79464285714,22930.62537202381,0.010146854341645195,21651.18359375,661.3503179770186,40.104230177974934,1
1138,21788.203125,22060.994140625,21682.828125,21870.90234375,17821046406,22299.014229910714,22886.234281994046,-0.003779998514005456,21870.875,664.423536953428,30.905387777111045,1
1139,21808.1015625,21898.4140625,21460.087890625,21787.0,23918742607,22163.013113839286,22832.599516369046,0.0009132665684197239,21788.203125,651.621593659091,37.96273389273044,2
1140,22220.8046875,22293.140625,21632.39453125,21801.822265625,26792596581,22013.94363839286,22812.805989583332,0.018924303145655852,21808.1015625,443.96679631709503,39.56369382225073,2
1141,24307.841796875,24307.841796875,22082.76953125,22220.5859375,32483312909,22209.435546875,22869.471819196428,0.09392266116037784,22220.8046875,941.6848083546674,54.94729033511111,0
1142,23623.474609375,25134.1171875,23602.5234375,24307.349609375,39316664596,22467.212053571428,22897.600260416668,-0.028154173176657027,24307.841796875,1056.9277516420768,51.196475667710224,2
1143,24565.6015625,24924.041015625,23460.755859375,23621.283203125,41358451255,22883.557477678572,22968.403738839286,0.03988096453648349,23623.474609375,1240.0610960664646,57.69317434451842,1
1144,24641.27734375,24798.8359375,24468.373046875,24565.296875,19625427158,23279.329241071428,23045.07933407738,0.0030805588480080637,24565.6015625,1303.464322357714,59.076622229539055,0
1145,24327.642578125,25093.0546875,24327.642578125,24640.02734375,25555105670,23642.106305803572,23071.41629464286,-0.012728023845912761,24641.27734375,1165.358943680817,59.593366426904886,2
1146,24829.1484375,25020.458984375,23927.91015625,24336.623046875,28987376573,24073.684430803572,23166.131045386905,0.020614650916729094,24327.642578125,902.7778135486486,63.873874345824014,0
1147,24436.353515625,25126.8515625,24200.36328125,24833.048828125,31252098714,24390.19140625,23227.896298363095,-0.01581991113645098,24829.1484375,384.52905118055173,57.97840856212191,0
1148,24188.84375,24472.33984375,23644.318359375,24437.41796875,30199996781,24373.19168526786,23250.04268973214,-0.01012875204423358,24436.353515625,391.34640114391175,58.59572226716078,0
1149,23947.4921875,24572.08984375,23693.919921875,24190.71875,30476264066,24419.479910714286,23272.691313244046,-0.00997780485063493,24188.84375,295.2564433221191,66.65762785234715,0
1150,23198.126953125,24103.705078125,23007.072265625,23946.0078125,26811744928,24224.126395089286,23260.729631696428,-0.03129201289670536,23947.4921875,536.3874130640911,61.0966229368829,1
1151,23175.375,23210.2109375,22861.55859375,23200.125,16100721565,24014.711774553572,23253.27855282738,-0.0009807668166905703,23198.126953125,625.1868964605533,59.629588192312646,2
1152,23561.212890625,23654.3671875,23084.220703125,23174.150390625,16644534842,23905.221819196428,23282.114118303572,0.016648614774302573,23175.375,628.353818941167,62.52734117005442,1
1153,23522.87109375,23857.890625,23205.87890625,23561.451171875,22660763494,23718.610770089286,23318.436104910714,-0.0016273269569350157,23561.212890625,486.0996170822618,62.0843452231186,0
1154,23147.353515625,23585.384765625,23077.650390625,23521.837890625,20535363434,23534.467912946428,23312.867652529763,-0.01596393470118429,23522.87109375,406.52533449484935,56.56398890525605,2
1155,23646.55078125,23880.6328125,23088.626953125,23150.9296875,24662841200,23456.997488839286,23346.541573660714,0.02156606219747892,23147.353515625,298.3064007820078,43.95526862001358,0
1156,23475.466796875,23739.138671875,23245.021484375,23647.01953125,20386398516,23389.565290178572,23425.419084821428,-0.007235050302163204,23646.55078125,208.90452703592146,48.506991017515766,0
1157,22362.6796875,23479.34765625,22213.23828125,23476.6328125,26062404610,23270.215680803572,23459.299851190477,-0.047402129167592566,23475.466796875,443.4677191907615,28.517952495918422,1
1158,22353.349609375,22405.177734375,22198.98046875,22362.923828125,11166012913,23152.78348214286,23482.274832589286,-0.0004172164631153219,22362.6796875,564.9628449451451,27.39652914804782,1
1159,22435.513671875,22613.685546875,22307.142578125,22354.14453125,13317001733,22991.969308035714,23513.099144345237,0.0036756935285233716,22353.349609375,589.029018224531,30.41087480851077,1
1160,22429.7578125,22584.29296875,22331.314453125,22436.81640625,17353192895,22835.81026785714,23542.701822916668,-0.00025655126328649747,22435.513671875,569.3939240828431,22.31763486412187,0
1161,22219.76953125,22527.41796875,22011.26171875,22428.322265625,22765452204,22703.298270089286,23542.652529761905,-0.00936203961743065,22429.7578125,592.2819756047315,23.30048938904241,0
1162,21718.080078125,22268.896484375,21708.05078125,22216.44140625,22536575684,22427.80245535714,23419.330543154763,-0.022578517406286358,22219.76953125,525.1081809461305,21.956041451723678,0
1163,20363.021484375,21802.716796875,20210.306640625,21720.080078125,30364664171,21983.167410714286,23264.070870535714,-0.06239311158608585,21718.080078125,756.7748713399171,17.525315315602256,0
1164,20187.244140625,20370.595703125,19628.25390625,20367.001953125,39578257695,21672.39090401786,23055.577659970237,-0.008632183779056501,20363.021484375,986.7020657528218,19.558022483554396,2
1165,20632.41015625,20792.525390625,20068.66015625,20187.876953125,30180288176,21426.542410714286,22864.679222470237,0.022051846825845045,20187.244140625,1003.0163362805498,26.312321250536712,2
1166,22163.94921875,22185.03125,20448.806640625,20628.029296875,29279035521,21387.747488839286,22761.64620535714,0.07422977009964415,20632.41015625,961.8957928677532,39.27392432483652,2
1167,24197.533203125,24550.837890625,21918.19921875,22156.40625,49466362688,21640.28683035714,22731.569289434523,0.09175187888693825,22163.94921875,1409.1450428367784,53.96457139263107,2
1168,24746.07421875,26514.716796875,24081.18359375,24201.765625,54622230164,22001.1875,22746.317894345237,0.022669294883089997,24197.533203125,1839.9505681011406,59.207457529351444,0
1169,24375.9609375,25240.615234375,23964.91015625,24770.92578125,43655701450,22380.884765625,22755.22823660714,-0.014956444322371198,24746.07421875,2035.6292037437902,54.26427064207613,2
1170,25052.7890625,25190.326171875,24225.111328125,24373.45703125,33866061747,23050.8515625,22807.861421130954,0.027766213062754286,24375.9609375,2032.5693640580885,58.70648128523041,2
1171,27423.9296875,27787.8125,24955.169921875,25055.123046875,50730261335,24084.66378348214,23009.09012276786,0.0946457745317153,25052.7890625,2169.109655335451,74.5294613658333,0
1172,26965.87890625,27725.953125,26636.26171875,27448.1171875,35723036817,24989.44503348214,23189.590308779763,-0.01670259464889101,27423.9296875,1774.0331585441488,71.42294203269554,2
1173,28038.67578125,28440.560546875,26907.716796875,26969.50390625,37769448859,25828.69168526786,23402.802827380954,0.039783493752593824,26965.87890625,1595.1592836879029,73.83101457081447,0
1174,27767.236328125,28527.724609375,27242.880859375,28041.6015625,44774027664,26338.649274553572,23604.915457589286,-0.00968089417783835,28038.67578125,1556.9242638616658,72.19932618665088,2
1175,28175.81640625,28439.5625,27439.646484375,27768.392578125,36102192830,26828.612444196428,23844.366071428572,0.014714466837708162,27767.236328125,1511.2091951248742,74.36946961352103,0
1176,27307.4375,28803.3359375,26759.99609375,28158.720703125,33382021890,27247.39481026786,24018.694010416668,-0.030820008681536337,28175.81640625,1055.8284834209767,72.20290785643229,2
1177,28333.97265625,28729.84375,27183.36328125,27301.95703125,24220433689,27716.135323660714,24250.051432291668,0.03759177902540278,27307.4375,502.48981140437195,82.5120129782706,0
1178,27493.28515625,28388.4375,27039.265625,28324.111328125,25980310960,27726.04324776786,24494.36597842262,-0.02967065403073854,28333.97265625,496.41497391821207,78.26675579372477,1
1179,27494.70703125,27791.826171875,27196.234375,27487.337890625,13383005987,27801.59012276786,24739.192522321428,5.17171735541222e-05,27493.28515625,390.3592927639425,77.49397690675465,2
1180,27994.330078125,28178.14453125,27445.046875,27495.5234375,13878363192,27795.255022321428,25003.89806547619,0.018171608313816145,27494.70703125,386.2081500806893,75.46524767058399,0
1181,27139.888671875,28037.92578125,26606.689453125,27994.068359375,18188895178,27705.633928571428,25228.190011160714,-0.03052194511765327,27994.330078125,459.60795505351433,64.32698584425485,1
1182,27268.130859375,27460.71875,26677.818359375,27132.888671875,17783600385,27575.96456473214,25468.58816964286,0.004725228944394866,27139.888671875,432.06388414634205,62.80455480900753,2
1183,28348.44140625,28619.54296875,27259.662109375,27267.03125,20684945906,27724.67940848214,25784.319661458332,0.0396180637553154,27268.130859375,498.30983548197185,68.8118070122865,0
1184,28033.5625,29159.90234375,27720.16015625,28350.140625,22435349951,27681.763671875,26149.583519345237,-0.0111074503792854,28348.44140625,447.4286408912595,64.6166108176382,2
1185,28478.484375,28639.896484375,27583.71484375,28032.26171875,19001327598,27822.506417410714,26544.404482886905,0.015871042968584437,28033.5625,526.2658417454237,56.375546181535135,1
1186,28411.03515625,28802.45703125,28297.171875,28473.33203125,10876469901,27953.41043526786,26914.81519717262,-0.0023684272611504964,28478.484375,544.7777869251787,59.17011409351057,0
1187,28199.30859375,28518.958984375,27884.087890625,28462.845703125,12284641999,27982.69308035714,27202.21326264881,-0.00745226498561502,28411.03515625,552.7938429487009,51.1443305796899,0
1188,27790.220703125,28475.623046875,27276.720703125,28183.080078125,19556501327,28075.59765625,27373.293619791668,-0.014507018470504951,28199.30859375,428.13427027425644,50.160588730732215,2
1189,28168.08984375,28433.7421875,27681.3046875,27795.2734375,15284538859,28204.163225446428,27536.246744791668,0.0135971982612757,27790.220703125,238.2723084739404,49.94578287824391,1
1190,28177.984375,28739.23828125,27843.763671875,28169.7265625,17052315986,28179.81222098214,27717.295479910714,0.000351267384649967,28168.08984375,229.62305950505333,56.94538371640047,1
1191,28044.140625,28178.384765625,27738.759765625,28175.2265625,13837809380,28181.323381696428,27859.740792410714,-0.004749940528704033,28177.984375,228.53238740596646,47.303586302536765,1
1192,27925.859375,28111.59375,27794.03125,28038.966796875,10861680497,28102.376953125,27883.64220610119,-0.004217681389550476,28044.140625,202.7690579813004,54.64934377912688,1
1193,27947.794921875,28159.86328125,27883.38671875,27920.513671875,9373255556,28036.199776785714,27930.40011160714,0.0007854922772632111,27925.859375,155.274773975609,54.84844646813996,2
1194,28333.05078125,28532.830078125,27828.48046875,27952.3671875,12175322951,28055.305803571428,27944.41796875,0.013784839213681899,27947.794921875,184.22010542748245,53.71555943673898,2
1195,29652.98046875,29771.46484375,28189.271484375,28336.02734375,19282400094,28321.41434151786,28034.215308779763,0.04658621825410658,28333.05078125,604.1826753227909,75.01272308159452,2
1196,30235.05859375,30509.083984375,29609.30078125,29653.6796875,20121259843,28616.69559151786,28132.274460565477,0.019629666758571807,29652.98046875,932.5957535498917,77.08304733066353,1
1197,30139.052734375,30462.48046875,29725.57421875,30231.58203125,18651929926,28896.848214285714,28267.11328125,-0.003175315803583212,30235.05859375,1064.1204765626442,69.92597686499917,2
1198,30399.06640625,30539.845703125,29878.623046875,29892.740234375,17487721001,29233.266183035714,28365.451078869046,0.00862713483952482,30139.052734375,1120.373765564973,76.64880307480266,1
1199,30485.69921875,31005.607421875,30044.498046875,30409.5625,22659995079,29598.957589285714,28507.94698660714,0.002849851088919886,30399.06640625,1037.1908183817307,74.59819757372321,0
1200,30318.49609375,30601.740234375,30245.8828125,30490.75,11940685378,29937.62918526786,28642.413132440477,-0.005484641300179338,30485.69921875,757.5285603078477,72.81784044754387,1
1201,30315.35546875,30555.537109375,30157.83203125,30315.9765625,12854816417,30220.815569196428,28752.938151041668,-0.00010358775680330279,30318.49609375,273.7823686761436,76.64259998819618,0
1202,29445.044921875,30319.197265625,29275.37109375,30317.146484375,17872186762,30191.110491071428,28862.707496279763,-0.028708571396173888,30315.35546875,347.11846360887773,68.6673840413222,2
1203,30397.552734375,30470.302734375,29154.849609375,29449.091796875,19480529496,30214.32393973214,29011.727585565477,0.032348662229154,29445.044921875,355.87036061119056,72.26331242654376,0
1204,28822.6796875,30411.0546875,28669.8984375,30394.1875,24571565421,30026.270647321428,29034.310360863095,-0.0518092051895368,30397.552734375,638.1381729007256,54.904855165281276,0
1205,28245.98828125,29076.400390625,28037.2578125,28823.68359375,21340360360,29718.688058035714,29044.425874255954,-0.020008250880993006,28822.6796875,895.4981152712531,51.43871491543621,0
1206,27276.91015625,28349.96875,27177.365234375,28249.23046875,20759504330,29260.289620535714,28987.208054315477,-0.034308522518338824,28245.98828125,1205.1673849994004,45.874792909046846,2
1207,27817.5,27872.142578125,27169.5703125,27265.89453125,13125734602,28903.004464285714,28958.944475446428,0.01981858797984626,27276.91015625,1209.8789694451898,49.22298368395023,0
1208,27591.384765625,27820.244140625,27400.314453125,27816.14453125,12785446832,28513.865792410714,28929.99572172619,-0.008128524647254443,27817.5,1114.1851474431512,45.491485144565075,1
1209,27525.33984375,27979.982421875,27070.849609375,27591.73046875,17703288330,28239.622209821428,28917.382347470237,-0.002393679129772508,27591.384765625,1082.5951412064808,34.7399684755938,2
1210,28307.59765625,28371.078125,27207.931640625,27514.873046875,17733373139,27941.057198660714,28924.025576636905,0.02841955147295372,27525.33984375,540.9932978442719,36.56159529820606,1
1211,28422.701171875,29995.837890625,27324.548828125,28300.05859375,31854242019,27883.917410714286,28935.678757440477,0.004066170397882152,28307.59765625,444.9551487537889,38.06524828551313,2
1212,29473.787109375,29871.546875,28402.88671875,28428.46484375,27153445027,28059.317243303572,29003.757161458332,0.036980508331842854,28422.701171875,749.3491777244278,44.20369808914361,1
1213,29340.26171875,29572.791015625,28929.609375,29481.013671875,17544464887,28354.08175223214,29071.10965401786,-0.00453030993708059,29473.787109375,794.7326835877462,42.86645326747443,1
1214,29248.48828125,29452.455078125,29088.04296875,29336.56640625,10662634333,28558.508649553572,29133.047433035714,-0.0031279011203009244,29340.26171875,817.4259189734489,43.27301223530729,1
1215,29268.806640625,29952.029296875,29114.021484375,29245.515625,14652199272,28798.14034598214,29177.607235863095,0.000694680667924441,29248.48828125,727.5921451129014,43.434675862292046,0
1216,28091.568359375,29329.935546875,27680.79296875,29227.103515625,18655599976,28879.030133928572,29103.25427827381,-0.04022160164248023,29268.806640625,578.7576820220792,41.8240706307422,2
1217,28680.537109375,28881.298828125,27924.123046875,28087.17578125,16432924527,28932.307198660714,29029.229445684523,0.020966033026897257,28091.568359375,532.7222559431066,39.151576239277595,2
1218,29006.30859375,29259.533203125,28178.388671875,28680.494140625,19122972518,29015.6796875,28975.289248511905,0.01135862564681589,28680.537109375,483.02503602034534,51.377651618166986,0
1219,28847.7109375,29353.185546875,28694.0390625,29031.3046875,15548678514,28926.240234375,28901.415178571428,-0.005467695268338013,29006.30859375,440.12011487532646,54.81650257395429,2
1220,29534.384765625,29668.908203125,28845.509765625,28851.48046875,17936566518,28953.972098214286,28856.11449032738,0.023803407820215394,28847.7109375,475.26779829348646,68.92563894235036,0
1221,28904.623046875,29820.126953125,28468.966796875,29538.859375,15913866714,28904.848493303572,28788.787202380954,-0.021323001096775096,29534.384765625,457.1798565573164,58.97968448566866,0
1222,28454.978515625,29157.517578125,28441.3671875,28901.623046875,11301355486,28788.587332589286,28700.197823660714,-0.015556145829018653,28904.623046875,452.65538562851975,56.87928944296052,0
1223,27694.2734375,28663.271484375,27310.134765625,28450.45703125,19122903752,28731.830915178572,28616.82775297619,-0.026733637409259936,28454.978515625,565.4673294975734,51.211614374525475,1
1224,27658.775390625,27821.400390625,27375.6015625,27695.068359375,14128593256,28585.86495535714,28486.40978422619,-0.0012817829272578907,27694.2734375,697.3992733302846,44.788296560840834,1
1225,27621.755859375,28322.6875,26883.669921875,27654.63671875,20656025026,28388.071707589286,28429.22293526786,-0.0013384371045779275,27658.775390625,752.4485356158015,43.48462846157513,0
1226,27000.7890625,27621.94140625,26781.826171875,27621.0859375,16724343943,28124.225725446428,28369.927734375,-0.022481076150133283,27621.755859375,877.7864956947705,28.369508433871616,0
1227,26804.990234375,27055.646484375,25878.4296875,26987.662109375,19313599897,27734.31222098214,28347.45535714286,-0.007251596524522896,27000.7890625,742.8167974792893,28.06378989783734,1
1228,26784.078125,27030.482421875,26710.873046875,26807.76953125,9999171605,27431.37723214286,28298.244791666668,-0.0007801573211611013,26804.990234375,605.7489748825876,28.412192311061474,2
1229,26930.638671875,27150.9765625,26661.35546875,26788.974609375,10014858959,27213.614397321428,28266.780691964286,0.005471927993601522,26784.078125,422.813173086801,29.9612529744887,2
1230,27192.693359375,27646.34765625,26766.09765625,26931.384765625,14413231792,27141.960100446428,28250.940383184523,0.009730726801279843,26930.638671875,366.53560198002947,40.863111049698745,0
1231,27036.650390625,27299.3046875,26878.947265625,27171.513671875,12732238816,27053.085100446428,28190.419084821428,-0.005738415341494774,27192.693359375,287.16743564178387,31.677620866269947,2
1232,27398.802734375,27465.927734375,26600.14453125,27035.470703125,15140006925,27021.23465401786,28141.662016369046,0.013394867282656264,27036.650390625,217.49479317267165,32.227247854964645,0
1233,26832.208984375,27466.52734375,26415.1015625,27401.650390625,15222938600,26997.151785714286,28015.872581845237,-0.02067950762275983,27398.802734375,229.15667860463893,29.560398945157132,1
1234,26890.12890625,27128.619140625,26700.2109375,26826.75390625,11258983301,27009.314453125,27899.19959077381,0.0021585968530852817,26832.208984375,219.30535092292445,19.264495887506328,2
1235,27129.5859375,27155.158203125,26843.27734375,26888.841796875,7044911360,27058.672712053572,27798.299479166668,0.008905016115201336,26890.12890625,198.0105990580168,27.309011938985293,0
1236,26753.826171875,27265.91796875,26706.921875,27118.423828125,8647416921,27033.41378348214,27678.538504464286,-0.013850552916312875,27129.5859375,226.31901795998883,27.83481018134438,1
1237,26851.27734375,27045.734375,26549.734375,26749.892578125,11056770492,26984.640066964286,27619.477027529763,0.0036425134576618667,26753.826171875,223.03712649212002,36.72107281390907,2
1238,27225.7265625,27434.68359375,26816.1796875,26855.9609375,13697203143,27011.650948660714,27550.200334821428,0.013945303754316907,26851.27734375,241.10297565405855,43.83672452795783,0
1239,26334.818359375,27224.603515625,26106.576171875,27224.603515625,16299104428,26859.653180803572,27422.986514136905,-0.03272302765106416,27225.7265625,287.3083326085927,35.26529148206687,2
1240,26476.20703125,26591.51953125,25890.59375,26329.4609375,13851122697,26808.795758928572,27310.057756696428,0.005368887301425707,26334.818359375,322.34786905076476,43.25287609263384,2
1241,26719.291015625,26916.669921875,26343.94921875,26474.181640625,12711619225,26784.39034598214,27176.005673363095,0.009181223884829448,26476.20703125,321.63010354609656,48.910991053239776,2
1242,26868.353515625,26888.8828125,26621.140625,26720.181640625,7892015141,26747.071428571428,27079.040457589286,0.005578834405180588,26719.291015625,288.33326993792684,51.03713734804924,2
1243,28085.646484375,28193.44921875,26802.751953125,26871.158203125,14545229578,26937.331473214286,27061.453218005954,0.0453058267244435,26868.353515625,582.6894268059333,61.249454042973476,0
1244,27745.884765625,28432.0390625,27563.876953125,28075.591796875,15181308984,27065.13253348214,27063.91090029762,-0.0120973437068298,28085.646484375,654.3677795016898,55.307589616662625,1
1245,27702.349609375,28044.759765625,27588.501953125,27745.123046875,13251081851,27133.221540178572,27065.985863095237,-0.0015690671469931194,27745.884765625,697.2547973926949,56.52797792379818,0
1246,27219.658203125,27831.677734375,26866.453125,27700.529296875,15656371534,27259.62723214286,27046.838355654763,-0.01742420455507676,27702.349609375,602.1019265567465,48.28384431446951,0
1247,26819.97265625,27346.10546875,26671.720703125,27218.412109375,14678970415,27308.73660714286,27038.228050595237,-0.014683709247646393,27219.658203125,538.1801432801692,49.878906918947465,2
1248,27249.58984375,27303.861328125,26574.64453125,26824.556640625,14837415000,27384.493582589286,27059.399460565477,0.01601855426947596,26819.97265625,474.9922102317197,53.313526542563956,0
1249,27075.12890625,27317.052734375,26958.00390625,27252.32421875,8385597470,27414.03292410714,27073.25902157738,-0.0064023326039167605,27249.58984375,442.88891083512664,49.491924585733216,1
1250,27119.06640625,27407.01953125,26968.224609375,27075.123046875,9360912318,27275.950055803572,27082.231770833332,0.001622799291266075,27075.12890625,336.4956281867585,53.63254960875932,0
1251,25760.09765625,27129.982421875,25445.16796875,27123.109375,21513292646,26992.266183035714,27014.01292782738,-0.05011119223804861,27119.06640625,604.5673294169535,41.324480851507886,2
1252,27238.783203125,27313.8203125,25434.8671875,25732.109375,21929670693,26926.042410714286,27023.63829985119,0.057402171630208665,25760.09765625,535.2356159485056,50.08830311918055,0
1253,26345.998046875,27332.181640625,26146.98828125,27235.650390625,19530045082,26801.233816964286,26973.504743303572,-0.03277624957004588,27238.783203125,556.7860035403182,50.07558994225901,2
1254,26508.216796875,26797.513671875,26246.6640625,26347.654296875,11904824295,26756.697265625,26958.07654389881,0.0061572444403654725,26345.998046875,567.4045032071082,50.215821767486645,1
1255,26480.375,26770.2890625,26339.314453125,26505.923828125,11015551640,26646.809430803572,26938.564453125,-0.0010503081775867784,26508.216796875,529.2401422126229,48.340986562703186,0
1256,25851.240234375,26531.044921875,25501.8359375,26481.76171875,19872933189,26471.968191964286,26877.690848214286,-0.02375852931180167,26480.375,565.1043163939823,43.37870084903252,1
1257,25940.16796875,26203.439453125,25668.986328125,25854.03125,10732609603,26303.554129464286,26838.945219494046,0.0034399794195076883,25851.240234375,513.4182235740045,33.627930282795774,1
1258,25902.5,26087.919921875,25675.197265625,25934.28515625,11677889997,26323.897321428572,26793.76534598214,-0.001452109670044499,25940.16796875,490.6105366537534,35.253295150966494,1
1259,25918.728515625,26376.3515625,25728.365234375,25902.94140625,14143474486,26135.31808035714,26731.52734375,0.0006265231396582749,25902.5,295.0714223091691,35.66878001318226,0
1260,25124.67578125,26041.80078125,24902.15234375,25920.2578125,14265717766,25960.84347098214,26673.901506696428,-0.030636253390914137,25918.728515625,463.01996875908,33.96912943500212,2
1261,25576.39453125,25735.30859375,24797.16796875,25121.673828125,15837384409,25827.726004464286,26631.053292410714,0.017979087727655774,25124.67578125,410.379206534463,40.55927984394563,2
1262,26327.462890625,26463.173828125,25245.357421875,25575.283203125,16324646965,25805.881417410714,26612.39481026786,0.029365685552642073,25576.39453125,372.1362879972352,43.325366488527145,2
1263,26510.67578125,26769.39453125,26174.4921875,26328.6796875,11090276850,25900.086495535714,26595.36253720238,0.006959002900740696,26327.462890625,458.8877852804663,45.91948767967668,0
1264,26336.212890625,26675.92578125,26325.890625,26510.45703125,9565695129,25956.66434151786,26512.056175595237,-0.006580854145875503,26510.67578125,488.135967445613,44.445463769774875,2
1265,26851.029296875,26984.611328125,26312.83203125,26335.44140625,12826986222,26092.168526785714,26469.444010416668,0.019547852547670663,26336.212890625,591.338248408871,58.79383282244567,2
1266,28327.48828125,28388.96875,26668.791015625,26841.6640625,22211859147,26436.27706473214,26499.21251860119,0.05498705349618893,26851.029296875,1019.4593101411846,58.77903616241509,2
1267,30027.296875,30737.330078125,28283.41015625,28311.310546875,33346760979,27136.651506696428,26632.909598214286,0.06000562340273241,28327.48828125,1526.2829875445925,76.26640199938626,1
1268,29912.28125,30495.998046875,29679.158203125,29995.935546875,20653160491,27756.063895089286,26780.16238839286,-0.0038303689299371557,30027.296875,1661.3877353299654,74.45302439885367,2
1269,30695.46875,31389.5390625,29845.21484375,29896.3828125,24115570085,28380.06473214286,26944.251860119046,0.02618280743799839,29912.28125,1845.4816896608468,77.31482583085051,1
1270,30548.6953125,30804.1484375,30290.146484375,30708.73828125,12147822496,28956.924665178572,27109.65978422619,-0.0047815994828226405,30695.46875,1794.1473308690454,82.47058661520545,1
1271,30480.26171875,31041.271484375,30327.943359375,30545.150390625,12703464114,29548.931640625,27269.716703869046,-0.002240147837737516,30548.6953125,1432.5331659829487,81.47201414131786,0
1272,30271.130859375,30636.029296875,29955.744140625,30480.5234375,16493186997,30037.517578125,27484.527808779763,-0.006861189753050945,30480.26171875,804.651969978235,79.5802578133658,2
1273,30688.1640625,31006.787109375,30236.650390625,30274.3203125,16428827944,30374.756975446428,27648.784040178572,0.013776598074988877,30271.130859375,313.0006737101371,80.63152893031601,0
1274,30086.24609375,30703.279296875,29921.822265625,30696.560546875,14571500779,30383.178292410714,27826.891090029763,-0.01961401038928634,30688.1640625,302.7182705247902,82.67183450302446,2
1275,30445.3515625,30796.25,30057.203125,30086.1875,13180860821,30459.331194196428,28014.373697916668,0.011935868224670187,30086.24609375,220.36210641687947,82.45787088128851,1
1276,30477.251953125,31256.86328125,29600.275390625,30441.353515625,26387306197,30428.157366071428,28204.701171875,0.0010477918298796851,30445.3515625,195.41166081156723,80.59748779091268,1
1277,30590.078125,30641.2890625,30328.865234375,30471.84765625,9086606733,30434.069196428572,28430.36011904762,0.0037019798257575953,30477.251953125,200.23261079820782,80.39398527226405,1
1278,30620.76953125,30766.140625,30264.01953125,30587.26953125,10533418042,30454.141741071428,28653.245907738095,0.0010033124506771962,30590.078125,212.31325407180438,82.62137698131221,2
1279,31156.439453125,31375.61328125,30586.513671875,30624.515625,15271884873,30580.614397321428,28903.433500744046,0.01749367929268808,30620.76953125,320.99409942948586,82.67638729783766,0
1280,30777.58203125,31325.197265625,30659.35546875,31156.865234375,12810828427,30593.38839285714,29134.807477678572,-0.012159843310882601,31156.439453125,327.69659870400915,72.31272189138616,0
1281,30514.166015625,30877.330078125,30225.61328125,30778.724609375,12481622280,30654.51981026786,29391.449869791668,-0.0085586975402272,30777.58203125,247.39775226721542,56.00486021814132,0
1282,29909.337890625,31460.052734375,29892.2265625,30507.150390625,21129219509,30577.946428571428,29597.78050595238,-0.019821224171432172,30514.166015625,373.6607741786062,49.96761105410867,2
1283,30342.265625,30434.64453125,29777.28515625,29907.998046875,13384770155,30558.662667410714,29788.961588541668,0.014474667943441766,29909.337890625,383.08773247426416,45.78869514754471,1
1284,30292.541015625,30374.4375,30080.16015625,30346.921875,7509378699,30516.157366071428,29969.05040922619,-0.0016387902600796256,30342.265625,395.3319623459139,46.873469823671236,1
1285,30171.234375,30427.58984375,30085.591796875,30291.611328125,7903327692,30451.938058035714,30151.670479910714,-0.004004505286051452,30292.541015625,411.68019357826023,46.27618312418214,2
1286,30414.470703125,31026.083984375,29985.39453125,30172.423828125,14828209155,30345.942522321428,30321.35816592262,0.008061862007427312,30171.234375,271.8209283607792,51.71318096550668,2
1287,30620.951171875,30788.314453125,30358.09765625,30417.6328125,12151839152,30323.56668526786,30430.57068452381,0.006788889103658935,30414.470703125,234.2121714897725,49.1541055365984,0
1288,30391.646484375,30959.96484375,30228.8359375,30622.24609375,14805659717,30306.063895089286,30447.92066592262,-0.007488490028050299,30620.951171875,221.84618106146996,54.24134763996461,2
1289,31476.048828125,31814.515625,30268.3515625,30387.48828125,23686079548,30529.879743303572,30522.385788690477,0.03568093437476372,30391.646484375,438.9595372086682,61.913998915425296,0
1290,30334.068359375,31582.25390625,29966.38671875,31474.720703125,20917902660,30528.70870535714,30505.176246279763,-0.036280934592069825,31476.048828125,439.5539961557208,48.6829217111849,1
1291,30295.806640625,30407.78125,30263.462890625,30331.783203125,8011667756,30529.175223214286,30493.133928571428,-0.001261344778969442,30334.068359375,439.26320200791577,47.255487222196116,1
1292,30249.1328125,30437.560546875,30089.669921875,30297.47265625,8516564470,30540.303571428572,30482.127790178572,-0.001540603578530031,30295.806640625,429.5633798540763,46.54424531248865,1
1293,30145.888671875,30336.400390625,29685.783203125,30249.626953125,13240156074,30501.934709821428,30476.163876488095,-0.0034131272874816654,30249.1328125,453.97727537236193,39.781360673519096,0
1294,29856.5625,30233.65625,29556.427734375,30147.0703125,13138897269,30392.736328125,30436.563802083332,-0.009597533349379406,30145.888671875,509.15658435318977,40.514953226664225,1
1295,29913.923828125,30184.181640625,29794.26953125,29862.046875,12128602812,30324.490234375,30428.357979910714,0.0019212301525000086,29856.5625,540.3856773257912,43.544475990182825,1
1296,29792.015625,30195.53125,29638.095703125,29915.25,14655207121,30083.9140625,30397.246744791668,-0.0040752996439197275,29913.923828125,225.24203094463735,48.59195438671995,1
1297,29908.744140625,30045.998046875,29733.8515625,29805.111328125,10972789818,30023.153459821428,30370.174944196428,0.0039181140710413676,29792.015625,202.75938467552632,44.36976230855903,1
1298,29771.802734375,29991.615234375,29664.12109375,29908.697265625,7873300598,29948.295758928572,30331.209449404763,-0.004578641136054662,29908.744140625,180.86823516183793,43.386873060346545,2
1299,30084.5390625,30330.640625,29741.52734375,29790.111328125,9220145050,29924.782366071428,30305.674665178572,0.010504447141318263,29771.802734375,141.69748198437603,48.950060458805694,0
1300,29176.916015625,30093.39453125,28934.294921875,30081.662109375,15395817395,29786.35770089286,30211.411644345237,-0.03016908602087709,30084.5390625,287.73698133294795,37.089904572204915,1
1301,29227.390625,29353.16015625,29062.43359375,29178.970703125,10266772793,29696.476004464286,30137.59300595238,0.0017299501204297574,29176.916015625,353.0155485725665,34.97336073428254,1
1302,29354.97265625,29675.552734375,29113.912109375,29225.759765625,13497554655,29616.625837053572,30082.39332217262,0.004365152978824893,29227.390625,358.8008968267455,38.57091486168442,1
1303,29210.689453125,29560.966796875,29099.3515625,29353.798828125,10770779217,29533.579241071428,30049.124348958332,-0.004915119656712763,29354.97265625,378.19177492677625,18.494010987100594,1
1304,29319.24609375,29521.513671875,29125.845703125,29212.1640625,11218474952,29449.365234375,30000.409133184523,0.0037163327075591113,29210.689453125,344.89614752129063,30.192415166008303,1
1305,29356.91796875,29396.84375,29264.166015625,29319.4453125,6481775959,29390.09598214286,29955.855654761905,0.001284885528077373,29319.24609375,314.5660400044091,31.67028778553012,1
1306,29275.30859375,29443.169921875,29059.501953125,29357.09375,8678454527,29274.491629464286,29913.192522321428,-0.002779902682116475,29356.91796875,71.97817877060926,31.244094085358142,1
1307,29230.111328125,29489.873046875,29131.578125,29278.314453125,11656781982,29282.090959821428,29856.794456845237,-0.0015438698273756435,29275.30859375,62.08799037457396,31.958681171197796,2
1308,29675.732421875,29675.732421875,28657.0234375,29230.873046875,18272392391,29346.139787946428,29811.784040178572,0.015245275282999904,29230.111328125,156.19177241527083,46.64420407994613,0
1309,29151.958984375,29987.998046875,28946.509765625,29704.146484375,19212655598,29317.137834821428,29752.751302083332,-0.01764989082843693,29675.732421875,172.29605844739788,37.946291190286985,1
1310,29178.6796875,29375.70703125,28959.48828125,29161.8125,12780357746,29312.565011160714,29643.35277157738,0.0009166006009861949,29151.958984375,175.97756302027213,39.996215466128426,1
1311,29074.091796875,29302.078125,28885.3359375,29174.3828125,12036639988,29277.54296875,29583.35388764881,-0.0035843942133476636,29178.6796875,197.5042822338202,36.33231627359546,1
1312,29042.126953125,29102.46484375,28957.796875,29075.388671875,6598366353,29232.572823660714,29523.654854910714,-0.0010994270766331304,29074.091796875,211.74346158596848,37.62591233864739,1
1313,29041.85546875,29160.822265625,28963.833984375,29043.701171875,7269806994,29199.22237723214,29466.165457589286,-9.347950838400898e-06,29042.126953125,222.0258087950425,30.22176941315945,1
1314,29180.578125,29244.28125,28724.140625,29038.513671875,13618163710,29192.14620535714,29420.198288690477,0.004776645775930843,29041.85546875,221.66631604800196,50.09807275272173,2
1315,29765.4921875,30176.796875,29113.814453125,29180.01953125,17570561357,29204.96902901786,29415.86160714286,0.020044635853149417,29180.578125,254.47159199952202,61.20355640572695,0
1316,29561.494140625,30093.435546875,29376.80078125,29766.6953125,18379521213,29263.474051339286,29399.079241071428,-0.006853508270246889,29765.4921875,285.4455504774613,54.16728082157769,1
1317,29429.591796875,29688.564453125,29354.447265625,29563.97265625,11865344789,29299.31863839286,29381.820963541668,-0.004461964714047806,29561.494140625,288.75772832946916,54.439288243598014,1
1318,29397.71484375,29517.7734375,29253.517578125,29424.90234375,10195168197,29345.55050223214,29357.486235119046,-0.001083159880198692,29429.591796875,272.11490847011316,51.642408276795834,1
1319,29415.96484375,29465.11328125,29357.587890625,29399.787109375,6194358008,29398.955915178572,29340.541573660714,0.0006207965516027425,29397.71484375,237.06767770863112,51.2460247721199,1
1320,29282.9140625,29441.43359375,29265.806640625,29416.59375,7329897180,29433.39285714286,29302.368954613095,-0.004523080645381872,29415.96484375,189.2309721018315,50.15708250906028,1
1321,29408.443359375,29660.25390625,29124.10546875,29283.263671875,14013695304,29465.94503348214,29313.394066220237,0.004286776125049352,29282.9140625,154.99453978289864,53.56495284263857,0
1322,29170.34765625,29439.12109375,29088.853515625,29408.048828125,12640195779,29380.924386160714,29310.677734375,-0.008096168172366025,29408.443359375,123.28123865419771,38.982997446253385,0
1323,28701.779296875,29221.9765625,28701.779296875,29169.07421875,14949271904,29258.107979910714,29279.573288690477,-0.016063173634291772,29170.34765625,262.75308795809366,39.944402175051124,0
1324,26664.55078125,28745.947265625,25409.111328125,28699.802734375,31120851211,28863.102120535714,29158.328590029763,-0.07097917151940503,28701.779296875,1001.5953900360672,20.414779716364478,0
1325,26049.556640625,26808.1953125,25668.921875,26636.078125,24026236529,28384.793805803572,29002.629092261905,-0.02306411031148714,26664.55078125,1417.0353705394289,18.22544849876641,1
1326,26096.205078125,26249.44921875,25802.408203125,26047.83203125,10631443812,27910.542410714286,28847.35704985119,0.0017907574452629138,26049.556640625,1562.4691678508764,19.146517182325994,1
1327,26189.583984375,26260.681640625,26004.314453125,26096.861328125,9036580420,27468.638113839286,28700.417782738095,0.00357825614760654,26096.205078125,1546.996956703238,20.698800353934715,1
1328,26124.140625,26220.201171875,25846.087890625,26188.69140625,13371557893,26999.452008928572,28552.51441592262,-0.002498831574187843,26189.583984375,1345.5530092303145,18.121456968644083,1
1329,26031.65625,26135.5078125,25520.728515625,26130.748046875,14503820706,26551.067522321428,28378.986979166668,-0.0035401882238949023,26124.140625,972.9317883356191,6.597930748267075,2
1330,26431.640625,26786.8984375,25804.998046875,26040.474609375,16985265785,26226.76199776786,28249.44800967262,0.015365306423789304,26031.65625,235.25189419435767,15.204020346664564,0
1331,26162.373046875,26554.91015625,25914.92578125,26431.51953125,12871532023,26155.022321428572,28105.814360119046,-0.01018731988472621,26431.640625,134.48765262879107,14.753406843100223,1
1332,26047.66796875,26248.103515625,25786.8125,26163.6796875,12406045118,26154.752511160714,27961.69893973214,-0.004384352975912553,26162.373046875,134.73616805088858,14.494379045352659,1
1333,26008.462890625,26107.384765625,25983.87890625,26047.234375,6034817316,26142.217912946428,27817.238746279763,-0.0015051281432193475,26047.66796875,144.79643640923052,14.045145508015779,1
1334,26089.693359375,26165.373046875,25965.09765625,26008.2421875,6913768611,26127.947823660714,27676.659598214286,0.0031232321991347956,26008.462890625,144.27166726273273,15.933627907383794,1
1335,26106.150390625,26198.578125,25880.599609375,26089.615234375,11002805166,26125.377790178572,27530.258277529763,0.0006307866874213364,26089.693359375,144.5108310065487,13.930585575937656,2
1336,27727.392578125,28089.337890625,25912.62890625,26102.486328125,29368391712,26367.625837053572,27433.205915178572,0.062101924766441385,26106.150390625,615.3832304442045,37.89637375984985,0
1337,27297.265625,27760.16015625,27069.20703125,27726.083984375,16343655235,26491.286551339286,27325.38550967262,-0.015512708305083889,27727.392578125,710.07834759335,38.14235355923473,0
1338,25931.47265625,27456.078125,25752.9296875,27301.9296875,20181001451,26458.30078125,27158.808407738095,-0.0500340578984273,27297.265625,732.9004746942993,43.01958123736281,0
1339,25800.724609375,26125.869140625,25362.609375,25934.021484375,17202862221,26423.02315848214,26987.52315848214,-0.005042060225742162,25931.47265625,761.3512303006434,47.38990017856572,1
1340,25868.798828125,25970.28515625,25753.09375,25800.91015625,10100387473,26403.071149553572,26818.610491071428,0.0026384615075991658,25800.724609375,775.7203092753906,47.62531776100457,1
1341,25969.56640625,26087.1484375,25817.03125,25869.47265625,8962524523,26385.91015625,26660.83203125,0.0038953327054152,25868.798828125,785.080804183575,47.70601361701227,0
1342,25812.416015625,26081.525390625,25657.025390625,25968.169921875,10680635106,26343.948102678572,26489.592633928572,-0.006051329012069284,25969.56640625,809.9810203408356,46.81082938857396,1
1343,25779.982421875,25858.375,25589.98828125,25814.95703125,11094740040,26065.746651785714,26328.146670386905,-0.0012565113521479931,25812.416015625,547.5371922531718,47.3931618571413,1
1344,25753.236328125,25953.015625,25404.359375,25783.931640625,12752705327,25845.171037946428,26187.73986235119,-0.0010374752516241204,25779.982421875,80.86034510865255,42.38423519165978,2
1345,26240.1953125,26409.302734375,25608.201171875,25748.3125,11088307100,25889.274274553572,26167.53245907738,0.018908652030005024,25753.236328125,170.39704236319187,50.83292256840751,0
1346,25905.654296875,26414.005859375,25677.48046875,26245.208984375,10817356400,25904.264229910714,26160.67996651786,-0.012749181613965876,26240.1953125,165.86404215174542,48.54835521784355,1
1347,25895.677734375,25921.9765625,25810.494140625,25905.42578125,5481314132,25908.104073660714,26151.131045386905,-0.0003851113886439439,25905.654296875,165.21602285850346,48.84019490092268,1
1348,25832.2265625,25978.130859375,25640.26171875,25895.2109375,7899553047,25888.48409598214,26134.11402529762,-0.0024502611024840304,25895.677734375,164.85507724410334,47.34267146756911,0
1349,25162.654296875,25883.947265625,24930.296875,25831.71484375,14600006467,25795.660993303572,26088.328962053572,-0.02592003689674205,25832.2265625,322.43677019571686,41.418990308949745,2
1350,25833.34375,26451.939453125,25133.078125,25160.658203125,18657279324,25803.284040178572,26078.88550967262,0.026654161568650414,25162.654296875,322.63504182746715,29.17267841855883,2
1351,26228.32421875,26376.11328125,25781.123046875,25837.5546875,13072077070,25871.153738839286,26069.203776041668,0.01528956036711282,25833.34375,358.3458592929139,38.15415370177015,2
1352,26539.673828125,26774.623046875,26171.451171875,26228.27734375,13811359124,25913.936383928572,26087.170479910714,0.011870739692642074,26228.32421875,421.976593520903,58.79554335109583,1
1353,26608.693359375,26840.498046875,26240.701171875,26533.818359375,11479735788,26014.370535714286,26113.88597470238,0.0026006171627044328,26539.673828125,496.72175358849427,61.896901191990814,1
1354,26568.28125,26754.76953125,26473.890625,26606.19921875,7402031417,26110.45675223214,26140.543991815477,-0.001518755875352329,26608.693359375,533.6191173183895,60.38408968471522,1
1355,26534.1875,26617.998046875,26445.07421875,26567.927734375,6774210670,26210.736886160714,26161.710379464286,-0.0012832501161511578,26568.28125,538.553486280051,58.55130201431221,2
1356,26754.28125,27414.734375,26415.515625,26532.994140625,15615339655,26438.112165178572,26192.573753720237,0.008294723552398242,26534.1875,309.6519240601568,63.997861286676404,2
1357,27211.1171875,27488.763671875,26681.60546875,26760.8515625,13807690550,26634.936941964286,26167.989211309523,0.017075246134672373,26754.28125,298.8639221240849,68.88678102406145,1
1358,27132.0078125,27379.505859375,26864.08203125,27210.228515625,13281116604,26764.034598214286,26160.119791666668,-0.00290724465500225,27211.1171875,288.9636578634904,67.94768729326998,0
1359,26567.6328125,27152.939453125,26389.30078125,27129.83984375,13371443708,26768.028738839286,26190.413132440477,-0.02080107760178318,27132.0078125,285.51830284486397,54.17809748628302,1
1360,26579.568359375,26726.078125,26495.533203125,26564.056640625,10578746709,26763.868024553572,26227.500930059523,0.0004492514240630463,26567.6328125,288.4246228022412,59.370603846183094,1
1361,26579.390625,26634.185546875,26520.51953125,26578.556640625,7404700301,26765.455078125,26261.33863467262,-6.686879658768241e-06,26579.568359375,287.1969915186553,59.53283106791041,0
1362,26256.826171875,26716.05859375,26221.05078125,26579.373046875,8192867686,26725.83203125,26275.017671130954,-0.01213588594546644,26579.390625,338.90053661308997,55.521151270325745,1
1363,26298.48046875,26421.5078125,26011.46875,26253.775390625,11997833257,26660.717633928572,26298.163597470237,0.0015864178176880905,26256.826171875,374.4467583546402,67.65190289530508,1
1364,26217.25,26389.884765625,26090.712890625,26294.7578125,9985498161,26518.73660714286,26318.985863095237,-0.0030887894396227633,26298.48046875,314.6097686167276,57.30461927236241,2
1365,26352.716796875,26817.841796875,26111.46484375,26209.498046875,11718380997,26407.409319196428,26347.532552083332,0.005167086436411061,26217.25,162.57331158844354,52.6261794076922,2
1366,27021.546875,27259.5,26327.322265625,26355.8125,14079002707,26472.25418526786,26384.739769345237,0.02537992888096885,26352.716796875,283.03117110319187,58.83911611346731,1
1367,26911.720703125,27225.9375,26721.763671875,27024.841796875,10396435377,26519.704520089286,26432.64769345238,-0.004064392478456136,27021.546875,328.2513293516656,55.47651891772831,1
1368,26967.916015625,27091.794921875,26888.96875,26911.689453125,5331172801,26575.208147321428,26483.70665922619,0.0020881352448591795,26911.720703125,370.1936782474635,57.181505043932155,2
1369,27983.75,28047.23828125,26965.09375,26967.396484375,9503917434,26821.911551339286,26586.16015625,0.037668241913332734,26967.916015625,616.2852745910342,69.25495295329992,0
1370,27530.78515625,28494.458984375,27347.787109375,27976.798828125,19793041322,26997.955078125,26698.928292410714,-0.016186709920936293,27983.75,617.8494509618326,59.713584016137105,1
1371,27429.978515625,27667.19140625,27216.001953125,27508.251953125,11407814187,27171.202008928572,26774.958519345237,-0.003661597010505724,27530.78515625,525.5901449216046,53.005535418578816,2
1372,27799.39453125,27826.658203125,27248.10546875,27429.07421875,11143355314,27377.870256696428,26849.771391369046,0.013467601347721292,27429.978515625,424.8912513680275,58.48816631839803,0
1373,27415.912109375,28091.861328125,27375.6015625,27798.646484375,11877253670,27434.208147321428,26891.497023809523,-0.01379463216164356,27799.39453125,394.8541033735718,61.30923025085447,2
1374,27946.59765625,28252.537109375,27215.552734375,27412.123046875,13492391599,27582.047712053572,26955.20675223214,0.01935684447622399,27415.912109375,358.70431159047916,66.0106130624207,1
1375,27968.83984375,28028.091796875,27870.423828125,27946.78125,6553044316,27725.03683035714,27021.90001860119,0.0007958817661306572,27946.59765625,258.6316221427342,66.1895212494322,1
1376,27935.08984375,28102.169921875,27740.662109375,27971.677734375,7916875290,27718.085379464286,27088.60965401786,-0.001206700034343422,27968.83984375,251.06221056252264,70.96579627087561,0
1377,27583.677734375,27989.470703125,27302.5625,27934.47265625,12007668568,27725.641462053572,27128.10472470238,-0.012579594744121514,27935.08984375,245.21343838545388,64.90207295260431,0
1378,27391.01953125,27715.84765625,27301.654296875,27589.201171875,9973350678,27720.07589285714,27136.67150297619,-0.006984500217130485,27583.677734375,253.3496305995011,63.26721910504277,0
1379,26873.3203125,27474.115234375,26561.099609375,27392.076171875,13648094333,27587.77957589286,27124.353050595237,-0.018900326735168282,27391.01953125,402.7620410040742,55.41640537907664,1
1380,26756.798828125,26921.439453125,26558.3203125,26873.29296875,9392909295,27493.620535714286,27133.36095610119,-0.0043359541366684295,26873.3203125,511.89723467779817,46.88787573084445,1
1381,26862.375,27092.697265625,26686.322265625,26752.87890625,15165312851,27338.731584821428,27146.827938988095,0.003945769916393171,26756.798828125,516.007302612106,49.419359049610385,1
1382,26861.70703125,26969.0,26814.5859375,26866.203125,5388116782,27180.569754464286,27160.271577380954,-2.4866332556272575e-05,26862.375,456.9812309713631,48.733712962518794,2
1383,27159.65234375,27289.169921875,26817.89453125,26858.01171875,7098201980,27069.79296875,27203.26329985119,0.011091823470242623,26861.70703125,315.76034475624556,38.14530485091233,2
1384,28519.466796875,29448.138671875,27130.47265625,27162.62890625,27833876539,27203.477120535714,27309.024553571428,0.05006744695824206,27159.65234375,620.5648046285529,61.279424367326804,1
1385,28415.748046875,28618.751953125,28110.185546875,28522.09765625,14872527508,27349.86690848214,27413.714936755954,-0.0036367703063566736,28519.466796875,774.0610347800006,61.23873374359029,1
1386,28328.341796875,28889.009765625,28174.251953125,28413.53125,12724128586,27557.727120535714,27507.792317708332,-0.0030759792019486865,28415.748046875,818.8302925695072,56.44494874664034,2
1387,28719.806640625,28892.474609375,28177.98828125,28332.416015625,14448058195,27838.156808035714,27588.66183035714,0.013818840741083749,28328.341796875,834.8009046258193,65.85643573763016,2
1388,29682.94921875,30104.0859375,28601.669921875,28732.8125,21536125230,28241.09598214286,27720.625093005954,0.033535830870205396,28719.806640625,957.0740443063346,69.10589897951377,2
1389,29918.412109375,30287.482421875,29481.751953125,29683.380859375,11541146996,28677.768136160714,27861.124906994046,0.007932597562652743,29682.94921875,919.4057754763071,70.4905803530556,1
1390,29993.896484375,30199.43359375,29720.3125,29918.654296875,10446520040,29082.66015625,27956.846168154763,0.002523007395046406,29918.412109375,747.4174775137348,71.45048482443556,2
1391,33086.234375,34370.4375,30097.828125,30140.685546875,38363572311,29735.055524553572,28221.39136904762,0.10309890521346299,29993.896484375,1637.268002042136,86.48958444773884,2
1392,33901.52734375,35150.43359375,32880.76171875,33077.3046875,44934999645,30518.73828125,28529.560360863095,0.02464145540134477,33086.234375,2137.119697964334,89.88042739096166,2
1393,34502.8203125,35133.7578125,33709.109375,33916.04296875,25254318008,31400.806640625,28848.77111235119,0.017736456610143003,33901.52734375,2346.360456794622,96.26110073429341,0
1394,34156.6484375,34832.91015625,33762.32421875,34504.2890625,19427195376,32177.49832589286,29169.75855654762,-0.010033147199696724,34502.8203125,2206.67916225985,93.65291585697204,0
1395,33909.80078125,34238.2109375,33416.88671875,34156.5,16418032871,32781.334263392855,29453.720610119046,-0.007226928505637331,34156.6484375,1976.6288314486796,90.89233056734807,2
1396,34089.57421875,34399.390625,33874.8046875,33907.72265625,10160330825,33377.214564732145,29745.184151785714,0.005301518539129857,33909.80078125,1553.062802445684,91.08537287238389,2
1397,34538.48046875,34743.26171875,33947.56640625,34089.37109375,11160323986,34026.44084821428,30059.631324404763,0.013168432293093613,34089.57421875,487.0418029385335,91.23578561879656,1
1398,34502.36328125,34843.93359375,34110.97265625,34531.7421875,17184860315,34228.74497767857,30389.09254092262,-0.0010457086417764438,34538.48046875,282.6315420184349,89.24023958858278,1
1399,34667.78125,34719.25390625,34083.30859375,34500.078125,15758270810,34338.20982142857,30735.605003720237,0.004794395311462418,34502.36328125,283.1628317187793,90.6762282322701,2
1400,35437.25390625,35527.9296875,34170.69140625,34657.2734375,22446272005,34471.70033482143,31143.41136532738,0.022195613001625203,34667.78125,506.15386363750537,92.48090394045377,0
1401,34938.2421875,35919.84375,34401.57421875,35441.578125,20998158544,34583.35658482143,31533.00390625,-0.014081557224217889,35437.25390625,511.25404272201115,86.68809371977314,0
1402,34732.32421875,34942.47265625,34133.44140625,34942.47265625,17158456701,34700.85993303572,31907.76339285714,-0.005893770145759425,34938.2421875,416.36299362059555,82.71376668917367,2
1403,35082.1953125,35256.03125,34616.69140625,34736.32421875,9561294264,34842.66294642857,32299.21521577381,0.010073356782761111,34732.32421875,334.4494579730065,82.96628304506226,1
1404,35049.35546875,35340.33984375,34594.2421875,35090.01171875,12412743996,34915.64508928572,32674.915364583332,-0.0009360829177728069,35082.1953125,311.99591515901017,82.45142369550265,1
1405,35037.37109375,35286.02734375,34765.36328125,35044.7890625,12693436420,34992.07477678572,32985.29175967262,-0.0003419285416157436,35049.35546875,254.02545602282942,70.71746345655642,2
1406,35443.5625,35892.41796875,34545.81640625,35047.79296875,18834737789,35102.900669642855,33319.94959077381,0.011593090279608864,35037.37109375,258.1575154986882,67.93140695505713,2
1407,35655.27734375,35994.41796875,35147.80078125,35419.4765625,17295394918,35134.046875,33668.851283482145,0.005973294692089626,35443.5625,312.6257393331809,64.73640413138186,2
1408,36693.125,37926.2578125,35592.1015625,35633.6328125,37762672382,35384.744419642855,34048.533110119046,0.029107827327892632,35655.27734375,650.4933293712212,77.55893013267237,2
1409,37313.96875,37493.80078125,36362.75390625,36702.25,22711265155,35753.55078125,34411.91499255953,0.01691989303173269,36693.125,902.1249822054041,84.2064854655202,1
1410,37138.05078125,37407.09375,36773.66796875,37310.0703125,13924272142,36047.244419642855,34755.707310267855,-0.0047145338500075296,37313.96875,978.545460796043,80.65610450910793,1
1411,37054.51953125,37227.69140625,36779.1171875,37133.9921875,11545715999,36333.69642857143,35091.927455357145,-0.002249209321512735,37138.05078125,930.0308983471181,77.30859570426776,0
1412,36502.35546875,37405.1171875,36399.60546875,37070.3046875,19057712790,36542.97991071428,35254.599888392855,-0.014901395821212304,37054.51953125,733.8408431137535,69.52077827206887,0
1413,35537.640625,36753.3515625,34948.5,36491.7890625,23857403554,36556.419642857145,35332.510044642855,-0.026428838121854925,36502.35546875,710.8514084942717,57.34427501157623,2
1414,37880.58203125,37964.89453125,35383.78125,35548.11328125,27365821679,36874.3203125,35493.35584077381,0.06592844558740318,35537.640625,737.7647645680075,66.2986503346282,0
1415,36154.76953125,37934.625,35545.47265625,37879.98046875,26007385366,36797.412388392855,35588.50446428572,-0.04555929205565723,37880.58203125,786.2674344670828,56.97366706271242,2
1416,36596.68359375,36704.484375,35901.234375,36164.82421875,22445028430,36694.943080357145,35716.451264880954,0.012222842746045792,36154.76953125,753.7971358039412,60.40577816808978,1
1417,36585.703125,36839.28125,36233.3125,36625.37109375,11886022717,36616.03627232143,35835.314546130954,-0.000300039994658885,36596.68359375,728.1558526456259,58.72165165238656,2
1418,37386.546875,37509.35546875,36414.59765625,36585.765625,12915986553,36663.46875,35970.93675595238,0.021889527372586093,36585.703125,771.0313239811646,62.448552435840085,1
1419,37476.95703125,37756.8203125,36882.53125,37374.07421875,20888209068,36802.697544642855,36112.584077380954,0.0024182537251242753,37386.546875,823.3112927778309,62.886278439056284,0
1420,35813.8125,37631.140625,35813.8125,37469.16015625,25172163756,36842.150669642855,36167.15699404762,-0.04437779006078835,37476.95703125,756.4916486616827,51.72646439094335,2
1421,37432.33984375,37856.98046875,35670.97265625,35756.5546875,24397247860,36778.11607142857,36262.16108630953,0.045192824521265385,35813.8125,667.7023097975524,57.325317469927626,1
1422,37289.62109375,37643.91796875,36923.86328125,37420.43359375,14214948217,36940.23772321428,36374.131510416664,-0.003812712499291715,37432.33984375,627.7009261207916,52.65475971506486,2
1423,37720.28125,38415.33984375,37261.60546875,37296.31640625,22922957823,37100.751674107145,36516.41517857143,0.011549062275727495,37289.62109375,667.5996905215982,51.83947008774337,1
1424,37796.79296875,37892.4296875,37617.41796875,37721.4140625,9099571165,37273.76450892857,36645.681733630954,0.0020283973558654633,37720.28125,668.804962791523,53.00936368620016,0
1425,37479.12109375,37820.30078125,37162.75,37796.828125,13744796068,37286.98939732143,36761.384858630954,-0.008404730932136117,37796.79296875,672.3128798718221,51.89910085441892,0
1426,37254.16796875,37559.35546875,36750.12890625,37454.19140625,19002925720,37255.162388392855,36866.946614583336,-0.006002091789647501,37479.12109375,667.0740195561647,53.463997563769276,2
1427,37831.0859375,38368.48046875,36891.08984375,37247.9921875,21696137014,37543.34430803572,36980.63820684524,0.01548599794884531,37254.16796875,239.0199389813512,60.958732799111246,1
1428,37858.4921875,38366.11328125,37612.6328125,37826.10546875,20728546658,37604.22321428572,37085.55319940476,0.0007244373065387055,37831.0859375,259.4339009073548,49.86445408433041,1
1429,37712.74609375,38141.75390625,37531.140625,37861.1171875,18115982627,37664.669642857145,37134.10658482143,-0.0038497596002547985,37858.4921875,220.2506222739818,61.85962395748589,2
1430,38688.75,38954.109375,37629.359375,37718.0078125,23512784002,37803.02232142857,37199.572358630954,0.025879947957747618,37712.74609375,447.7200950434278,64.72768431432831,2
1431,39476.33203125,39678.9375,38652.59375,38689.27734375,15534035612,38042.95647321428,37310.91908482143,0.020356874575942596,38688.75,774.5608972002922,68.34365451706924,2
1432,39978.390625,40135.60546875,39298.1640625,39472.20703125,15769696322,38399.99497767857,37450.151041666664,0.012717964611113297,39476.33203125,1011.2143743953604,67.09588984622995,2
1433,41980.09765625,42371.75,39978.62890625,39978.62890625,39856129827,39075.12779017857,37710.99590773809,0.05006972516793251,39978.390625,1551.8221826307038,73.72169169151043,2
1434,44080.6484375,44408.6640625,41421.1484375,41986.265625,36312154535,39967.92243303572,38117.80580357143,0.05003682455553493,41980.09765625,2322.962670756654,91.62968540750987,0
1435,43746.4453125,44265.76953125,43478.08203125,44080.0234375,29909761586,40809.05859375,38397.13262648809,-0.007581629055975703,44080.6484375,2491.7163536472876,86.52013225240744,0
1436,43292.6640625,44042.58984375,42880.6484375,43769.1328125,27635760671,41606.189732142855,38737.03236607143,-0.010372985662227885,43746.4453125,2213.0341534637046,83.51500628305912,2
1437,44166.6015625,44705.515625,43125.296875,43293.13671875,24421116687,42388.739955357145,39097.50465029762,0.02018673414826888,43292.6640625,1963.9535455198313,84.29247196353347,0
1438,43725.984375,44361.2578125,43627.59765625,44180.01953125,17368210171,42995.83314732143,39437.51804315476,-0.009976252913108663,44166.6015625,1520.3535164076277,80.36519705220891,1
1439,43779.69921875,44034.625,43593.28515625,43728.3828125,13000481418,43538.877232142855,39741.95386904762,0.0012284421841561866,43725.984375,743.1977512889042,83.16380115059278,0
1440,41243.83203125,43808.375,40234.578125,43792.01953125,40632672038,43433.69642857143,39921.32886904762,-0.05792335792051162,43779.69921875,1006.1523313235017,66.89090767166857,2
1441,41450.22265625,42048.3046875,40667.5625,41238.734375,24779520132,43057.92131696428,40189.72935267857,0.005004157345118276,41243.83203125,1197.304461771852,65.81850478516688,2
1442,42890.7421875,43429.78125,40676.8671875,41468.46484375,26797884674,42935.678013392855,40449.65327380953,0.03475299863154757,41450.22265625,1158.3398635616525,69.57665686204786,1
1443,43023.97265625,43390.859375,41767.08984375,42884.26171875,25578530178,42897.29352678572,40722.71763392857,0.0031062756659134827,42890.7421875,1148.9524765419742,70.6820821628423,0
1444,41929.7578125,43087.82421875,41692.96875,43028.25,19639442462,42577.744419642855,40923.16889880953,-0.025432678020983368,43023.97265625,1043.2922094560595,62.50545617216665,2
1445,42240.1171875,42664.9453125,41723.11328125,41937.7421875,14386729590,42365.47767857143,41134.755766369046,0.007401888090740938,41929.7578125,913.864393032897,61.071834876024006,0
1446,41364.6640625,42359.49609375,41274.54296875,42236.109375,16678702876,42020.47265625,41319.78162202381,-0.02072563201266564,42240.1171875,727.9302673264623,55.392152095987434,2
1447,42623.5390625,42720.296875,40530.2578125,41348.203125,25224642008,42217.57366071428,41575.46595982143,0.030433584522719714,41364.6640625,666.8172704173551,52.65627706130332,0
1448,42270.52734375,43354.296875,41826.3359375,42641.51171875,23171001281,42334.760044642855,41786.86793154762,-0.008282083715112631,42623.5390625,575.2853815293367,41.2674141583708,2
1449,43652.25,44275.5859375,42223.81640625,42261.30078125,27868908174,42443.546875,42062.76116071428,0.032687613405284255,42270.52734375,744.9319028480706,49.587286069595535,1
1450,43869.15234375,44240.66796875,43330.05078125,43648.125,22452766169,42564.286830357145,42355.92336309524,0.0049688697318006625,43652.25,905.810056113486,52.57940828865687,1
1451,43997.90234375,44367.95703125,43441.96875,43868.98828125,21028503216,42859.736049107145,42608.740141369046,0.002934864092908329,43869.15234375,997.0411080004136,49.19125013810939,0
1452,43739.54296875,44015.69921875,43351.35546875,44012.19921875,13507796558,43073.939732142855,42811.75018601191,-0.005872083923035065,43997.90234375,1002.7874470416607,50.06615644942473,0
1453,43016.1171875,43945.5234375,42786.91796875,43728.3671875,18830554085,43309.861607142855,42956.40383184524,-0.01653939964043194,43739.54296875,673.9933478625104,46.50281078284354,2
1454,43613.140625,43765.09375,42765.76953125,43010.57421875,21115795370,43451.23325892857,43034.16778273809,0.013879063861056418,43016.1171875,606.4431984482128,63.19472996555473,0
1455,42520.40234375,43603.17578125,41676.48828125,43599.84765625,30026850982,43486.9296875,42959.87034970238,-0.025055253200995553,43613.140625,527.5888877857199,55.42435178871389,2
1456,43442.85546875,43683.16015625,42167.58203125,42518.46875,25260941032,43457.01618303572,42945.41369047619,0.021694364920222586,42520.40234375,522.5655005001441,52.95357688711833,0
1457,42627.85546875,43804.78125,42318.55078125,43468.19921875,22992093014,43279.68805803572,42913.756138392855,-0.01876027694786908,43442.85546875,568.0350108945796,48.02500114909307,0
1458,42099.40234375,43124.32421875,41424.0625,42614.64453125,26000021055,43008.47377232143,42815.318080357145,-0.012396896798793966,42627.85546875,618.9136890991765,50.896401802009336,1
1459,42156.90234375,42584.125,41556.2265625,42091.75390625,16013925945,42782.38225446428,42740.599888392855,0.0013658151137276864,42099.40234375,595.9886791695787,49.548220174536354,1
1460,42265.1875,42860.9375,41998.25390625,42152.09765625,16397498810,42675.10658482143,42668.48028273809,0.002568622223877659,42156.90234375,614.2091044902955,55.33327472608824,2
1461,44167.33203125,44175.4375,42214.9765625,42280.234375,18426978443,42754.27678571428,42807.69456845238,0.0450049945064126,42265.1875,770.9810224320252,58.495664365248366,2
1462,44957.96875,45899.70703125,44176.94921875,44187.140625,39335274536,43102.50055803572,42974.73009672619,0.017900939051301412,44167.33203125,1119.465115675576,64.10968220119122,0
1463,42848.17578125,45503.2421875,40813.53515625,44961.6015625,46342323118,43017.54631696428,42972.703125,-0.04692812036242189,44957.96875,1111.8701915087888,46.078247201714696,2
1464,44179.921875,44770.0234375,42675.17578125,42855.81640625,30448091210,43239.27008928572,43027.748325892855,0.03108057856532498,42848.17578125,1174.2132045788962,51.3670644637472,1
1465,44162.69140625,44353.28515625,42784.71875,44192.98046875,32336029347,43534.025669642855,43134.07849702381,-0.0003900067727314882,44179.921875,1096.8061500780725,50.73208418916114,1
1466,43989.1953125,44227.6328125,43475.15625,44178.953125,16092503468,43795.78180803572,43217.36793154762,-0.003928567037593367,44162.69140625,917.333018615269,51.11752015474028,1
1467,43943.09765625,44495.5703125,43662.23046875,43998.46484375,19330573863,44035.48325892857,43340.150483630954,-0.0010479313368322307,43989.1953125,622.6000223088358,54.417306843924564,2
1468,46970.50390625,47218.0,43244.08203125,43948.70703125,42746192015,44435.93638392857,43547.14880952381,0.06889378335779228,43943.09765625,1278.032856310736,62.989895362639764,0
1469,46139.73046875,47893.69921875,45244.71484375,46987.640625,39821290992,44604.759486607145,43731.396577380954,-0.017687130611972357,46970.50390625,1427.7660699567828,64.29319824016882,2
1470,46627.77734375,47647.22265625,44483.15234375,46121.5390625,50114613298,45144.70256696428,43873.08835565476,0.010577584004972662,46139.73046875,1366.0979057967238,63.024550704597935,0
1471,46368.5859375,48969.37109375,45678.64453125,46656.07421875,45833734549,45457.368861607145,43992.10900297619,-0.005558733892443213,46627.77734375,1358.9277738827968,66.02602314470039,0
1472,42853.16796875,46498.13671875,41903.76953125,46354.79296875,43332698900,45270.29408482143,43937.59784226191,-0.07581464687080208,46368.5859375,1629.9694240466642,52.57121598299536,1
1473,42842.3828125,43234.66015625,42464.14453125,42799.4453125,20601860469,45106.46372767857,43894.87593005953,-0.0002516769882185965,42853.16796875,1826.0366152012134,52.3457603392552,0
1474,41796.26953125,43065.59765625,41724.61328125,42842.26171875,17521429522,44799.77399553572,43836.78794642857,-0.0244177193838242,42842.3828125,2196.6646375675255,48.49211646840495,2
1475,42511.96875,43319.72265625,41705.41796875,41715.06640625,22320220558,44162.84040178572,43784.35119047619,0.01712351907901466,41796.26953125,2106.9016294050334,44.2371769016556,2
1476,43154.9453125,43566.2734375,42085.99609375,42499.3359375,24062872740,43736.44252232143,43814.56752232143,0.015124600939588229,42511.96875,1935.1683375871921,43.65792411174334,0
1477,42742.65234375,43189.890625,42189.30859375,43132.1015625,20851232595,43181.42466517857,43781.224516369046,-0.009553782672285682,43154.9453125,1468.6017775414196,49.578488725891916,0
1478,41262.05859375,42876.34765625,40631.171875,42742.3125,25218357242,42451.92075892857,43716.18656994047,-0.034639725632667706,42742.65234375,675.9542121714375,38.481622512318324,2
1479,41618.40625,42134.16015625,40297.45703125,41278.4609375,25752407154,42275.52622767857,43693.28199404762,0.00863620644230223,41262.05859375,713.8424756595253,40.218229373320426,1
1480,41665.5859375,41877.89453125,41446.82421875,41624.58984375,11586690904,42107.412388392855,43669.88597470238,0.0011336255217606617,41618.40625,696.4542829511756,40.97902216679143,1
1481,41545.78515625,41855.3671875,41497.0078125,41671.48828125,9344043642,42071.62890625,43635.62872023809,-0.0028752933279206916,41665.5859375,721.1037230777716,40.74584302409744,0
1482,39507.3671875,41651.20703125,39450.1171875,41553.65234375,31338708143,41642.400111607145,43413.72563244047,-0.049064374667218136,41545.78515625,1169.8875269171851,18.809079988807227,2
1483,39845.55078125,40127.3515625,38521.89453125,39518.71484375,29244553045,41169.62946428572,43170.27715773809,0.008560013431039293,39507.3671875,1124.5822105933366,22.564929094581885,2
1484,40077.07421875,40483.78515625,39508.796875,39877.59375,22359526178,40788.83258928572,43038.31994047619,0.005810521700930993,39845.55078125,939.1789903473182,20.793662514916832,1
1485,39933.80859375,40254.48046875,39545.6640625,40075.55078125,18491782013,40599.08258928572,42836.12406994047,-0.0035747525934159974,40077.07421875,961.546566700347,21.010854059898477,2
1486,41816.87109375,42209.38671875,39825.69140625,39936.81640625,25598119893,40627.43470982143,42724.41834077381,0.04715459322091098,39933.80859375,998.8152996375808,44.52635557767362,2
1487,42120.0546875,42195.6328125,41431.28125,41815.625,11422941934,40692.35881696428,42635.41164434524,0.007250269707417489,41816.87109375,1088.3046804669245,46.29903306845056,1
1488,42035.59375,42797.17578125,41696.91015625,42126.125,16858971687,40762.33147321428,42544.578125,-0.002005242826170095,42120.0546875,1165.340638721816,51.360262234633744,2
1489,43288.24609375,43305.8671875,41818.33203125,42030.9140625,20668476578,41302.45703125,42369.232514880954,0.029799801358818767,42035.59375,1348.5345631619173,54.158357707442896,0
1490,42952.609375,43838.9453125,42711.37109375,43300.2265625,23842814518,41746.322544642855,42217.46484375,-0.007753530092744043,43288.24609375,1299.5245019295978,48.87922416814883,0
1491,42582.60546875,43717.40625,42298.9453125,42946.25,24673628793,42104.255580357145,42024.837611607145,-0.00861423582021903,42952.609375,1091.5394584377987,49.109298151639315,2
1492,43075.7734375,43243.16796875,41879.19140625,42569.76171875,21423953779,42553.107700892855,41868.037016369046,0.011581441842771323,42582.60546875,573.2189195339581,61.340130900550655,1
1493,43185.859375,43422.48828125,42584.3359375,43077.640625,18603843039,42748.677455357145,41883.87946428572,0.0025556346111748063,43075.7734375,510.24131801038857,60.111785339891945,1
1494,42992.25,43359.94140625,42890.80859375,43184.96484375,11169245236,42873.27678571428,41891.01599702381,-0.0044831659668692625,43185.859375,431.5791283158598,58.399739618113166,0
1495,42583.58203125,43097.64453125,42374.83203125,42994.94140625,14802225490,42951.560825892855,41928.50706845238,-0.009505619472114146,42992.25,275.94525719219286,56.33891265301136,1
1496,42658.66796875,43494.25,42264.81640625,42577.62109375,18715487317,42861.62109375,41935.49274553572,0.0017632602500394778,42583.58203125,249.22542608680106,75.32145666337934,2
1497,43084.671875,43344.1484375,42529.01953125,42657.390625,16798476726,42880.48716517857,41932.146391369046,0.009986338686479135,42658.66796875,261.9354758912556,75.66490143704753,2
1498,44318.22265625,44341.94921875,42775.95703125,43090.01953125,21126587775,43128.43247767857,42007.173549107145,0.028630850081180936,43084.671875,571.499905579847,78.99955341498645,2
1499,45301.56640625,45575.83984375,44332.125,44332.125,26154524080,43446.40290178572,42199.53106398809,0.022188248784866804,44318.22265625,997.6367588134237,82.92086798361701,2
1500,47147.19921875,48152.49609375,45260.82421875,45297.3828125,39316770844,44012.30859375,42462.806919642855,0.040741037427910465,45301.56640625,1700.8791991270489,82.8420928998942,2
1501,47771.27734375,48146.171875,46905.3203125,47153.52734375,16398681570,44695.02678571428,42753.55412946428,0.013236801662479536,47147.19921875,2128.5573330881257,83.4947590098402,2
1502,48293.91796875,48535.9375,47617.40625,47768.96875,19315867136,45510.7890625,43074.89378720238,0.010940478338881565,47771.27734375,2273.7663348158408,85.26150141848811,2
1503,49958.22265625,50280.4765625,47745.76171875,48296.38671875,34511985805,46553.58258928572,43572.55357142857,0.034461993507690414,48293.91796875,2417.065111966401,85.91487854455386,1
1504,49742.44140625,50358.390625,48406.49609375,49941.359375,35593051468,47504.69252232143,44043.834077380954,-0.004319233922406296,49958.22265625,2115.6728957442756,87.03831475590084,2
1505,51826.6953125,52021.37109375,49296.83203125,49733.4453125,39105608050,48577.33147321428,44603.33984375,0.041900916949929146,49742.44140625,2134.192606461321,92.48122217343492,1
1506,51938.5546875,52820.06640625,51371.62890625,51836.78515625,38564360533,49525.47265625,45174.994419642855,0.0021583350882306007,51826.6953125,1897.500605637884,92.2081483250847,1
1507,52160.203125,52537.96875,51641.3671875,51937.7265625,28180567298,50241.61607142857,45667.53404017857,0.004267512618200353,51938.5546875,1793.443691714047,92.2900748745158,0
1508,51662.99609375,52191.9140625,50669.66796875,52161.67578125,20009091006,50797.575892857145,46121.95982142857,-0.009532306269177337,52160.203125,1474.9435090413629,89.7228309673697,2
1509,52122.546875,52356.96484375,51233.70703125,51661.96875,17595377311,51344.52287946428,46602.290922619046,0.008895163192163213,51662.99609375,1036.4955530251552,93.49756414709523,0
1510,51779.14453125,52483.32421875,51711.8203125,52134.8125,21362184346,51604.654575892855,47006.619419642855,-0.006588364620277343,52122.546875,840.567899652275,90.59586593103487,2
1511,52284.875,52945.05078125,50792.3125,51777.7265625,33353758256,51967.859375,47451.013020833336,0.009767068832988945,51779.14453125,227.58303139558853,90.66214015698223,0
1512,51839.1796875,52368.81640625,50671.7578125,52273.53515625,28624907020,51969.642857142855,47891.80226934524,-0.008524364120598982,52284.875,226.33791877373307,85.72857443476977,0
1513,51304.97265625,52009.61328125,50926.29296875,51854.64453125,25413900611,51879.131138392855,48283.66889880953,-0.010305082651198116,51839.1796875,339.3244572908913,79.79064561725079,0
1514,50731.94921875,51497.93359375,50561.77734375,51283.90625,21427078270,51675.09486607143,48643.006510416664,-0.011168964874795462,51304.97265625,522.2476768792808,70.36007110192904,2
1515,51571.1015625,51684.1953125,50585.4453125,50736.37109375,15174077879,51661.967075892855,49051.52325148809,0.016540904827679226,50731.94921875,523.7552976352652,71.06693088176374,1
1516,51733.23828125,51950.02734375,51306.171875,51565.21484375,15413239245,51606.3515625,49487.22116815476,0.003143945229742817,51571.1015625,486.00615683065536,69.86220220209381,2
1517,54522.40234375,54938.17578125,50931.03125,51730.5390625,34074411896,51998.24553571428,50052.16090029762,0.053914352844811164,51733.23828125,1212.1358870434462,73.32754352339882,2
1518,57085.37109375,57537.83984375,54484.19921875,54519.36328125,49756832031,52684.03069196428,50718.86086309524,0.04700762695380023,54522.40234375,2284.7400100684567,80.26764092126957,2
1519,62504.7890625,63913.1328125,56738.42578125,57071.09765625,83239156760,54207.689174107145,51584.88783482143,0.09493531994124749,57085.37109375,4297.344083712414,84.52305357656144,0
1520,61198.3828125,63585.64453125,60498.73046875,62499.18359375,65496611844,55621.033482142855,52341.87909226191,-0.020900898468654838,62504.7890625,4783.029661806702,77.79108280971637,2
1521,62440.6328125,63155.1015625,60802.52734375,61168.0625,40186368423,57293.70256696428,53070.13783482143,0.020298739001094468,61198.3828125,4835.343377933773,79.07309949272673,0
1522,62029.84765625,62458.69921875,61657.2890625,62431.65234375,23888473685,58787.80915178572,53749.11737351191,-0.006578811548619723,62440.6328125,4365.3884924099475,79.46150963269388,2
1523,63167.37109375,63230.2109375,61435.0234375,62031.578125,26253811450,60421.25669642857,54457.377046130954,0.01833832389535761,62029.84765625,3293.3325726985813,80.2235848877105,2
1524,68330.4140625,68537.03125,62386.51953125,63137.00390625,70670471105,62393.829799107145,55332.24330357143,0.08173591649219114,63167.37109375,3306.48886423036,85.83843997005798,0
1525,63801.19921875,69170.625,59323.91015625,68341.0546875,102802940877,63353.23381696428,56001.70796130953,-0.06628402455760396,68330.4140625,2343.6074054819037,71.23608555404306,2
1526,66106.8046875,67637.9296875,62848.671875,63776.05078125,68750229073,63867.80747767857,56681.713169642855,0.03613733749494208,63801.19921875,2515.4113546216317,74.62066438433914,2
1527,66925.484375,68029.921875,65655.53125,66099.7421875,46989543159,64685.96484375,57395.37648809524,0.012384196927533564,66106.8046875,2432.4766300181936,76.69317749294797,2
1528,68300.09375,70083.0546875,66230.453125,66938.09375,59202881172,65523.03069196428,58163.942708333336,0.020539401213709896,66925.484375,2536.970388547994,79.22086697537101,1
1529,68498.8828125,68673.0546875,68053.125,68299.2578125,21609650379,66447.17857142857,58965.65159970238,0.0029105240064184468,68300.09375,2209.5374898638534,78.76859215324299,2
1530,69019.7890625,70005.203125,68239.9765625,68500.2578125,35683977532,67283.23828125,59770.28218005953,0.007604594828588107,68498.8828125,1837.5959065271124,79.02437943012393,2
1531,72123.90625,72850.7109375,67194.8828125,69020.546875,65716656765,67825.16573660714,60739.080357142855,0.04497430707429584,69019.7890625,2599.3667175188402,79.24390052367914,0
1532,71481.2890625,72825.65625,68728.8515625,72125.125,62554434520,68922.32142857143,61653.1953125,-0.008909905479502545,72123.90625,2209.408704582277,75.54826423719261,2
1533,73083.5,73637.4765625,71334.09375,71482.1171875,48212536929,69918.9921875,62664.82961309524,0.022414410239567806,71481.2890625,2299.410261909353,71.71617219938639,0
1534,71396.59375,73750.0703125,68563.0234375,73079.375,59594605698,70557.72209821429,63621.57347470238,-0.0230819028918976,73083.5,1918.771802376067,70.61305868014752,0
1535,69403.7734375,72357.1328125,65630.6953125,71387.875,78320453976,70715.390625,64510.70796130953,-0.027911980219644583,71396.59375,1739.2914064877687,63.6597370926441,0
1536,65315.1171875,70046.2734375,64801.39453125,69392.484375,46842198371,70260.56696428571,65165.184895833336,-0.05891115205258901,69403.7734375,2612.559471749512,55.63207743899719,2
1537,68390.625,68845.71875,64545.31640625,65316.34375,44716864318,70170.68638392857,65958.39378720238,0.04708722796395115,65315.1171875,2672.4958833060914,58.39651980529336,0
1538,67548.59375,68897.1328125,66594.2265625,68371.3046875,49261579492,69517.0703125,66578.68861607143,-0.0123120859035869,68390.625,2674.67161945804,48.54043630122321,0
1539,61912.7734375,68106.9296875,61536.1796875,67556.1328125,74215844794,68150.13950892857,66808.56491815476,-0.08343356981432348,67548.59375,3737.4431220782626,46.614423245941154,2
1540,67913.671875,68115.2578125,60807.78515625,61930.15625,66792634382,67411.59263392857,67066.13076636905,0.09692504638897836,61912.7734375,3047.146133287272,52.86036373080704,0
1541,65491.390625,68199.9921875,64580.91796875,67911.5859375,44480350565,66567.9921875,67270.55970982143,-0.03566706353999505,67913.671875,2534.2950108838977,47.83945051959871,0
1542,63778.76171875,66623.75,62355.37109375,65489.9296875,41401116964,65764.41908482143,67334.28013392857,-0.02615044343853401,65491.390625,2371.8470441007917,43.2570151251849,1
1543,64062.203125,65976.3984375,63038.4921875,63802.72265625,24738964812,65585.43136160714,67431.05896577382,0.004444134671348854,63778.76171875,2457.1447232903597,43.3999281295936,2
1544,67234.171875,67622.7578125,63825.8515625,64070.75390625,27206630673,65420.22377232143,67624.71614583333,0.04951388799118828,64062.203125,2268.7566435488343,47.537888417683504,2
1545,69958.8125,71162.59375,66414.8359375,67234.09375,42700139523,65764.54073660714,67702.25892857143,0.04052464020923141,67234.171875,2772.558683471073,46.98307253876648,1
1546,69987.8359375,71535.7421875,69335.609375,69931.328125,36010437368,66918.12109375,67996.86067708333,0.00041486463910467286,69958.8125,2575.7642058380306,47.88275812725071,0
1547,69455.34375,71727.6875,68381.9296875,69991.8984375,40827113309,67138.35993303571,68156.31491815476,-0.007608353371227561,69987.8359375,2736.0010017508544,44.69554107185242,2
1548,70744.953125,71546.0234375,68895.5078125,69452.7734375,34374900617,67888.86886160714,68338.19438244047,0.018567460837021654,69455.34375,2923.0797080346606,49.036086490349426,0
1549,69892.828125,70913.09375,69076.65625,70744.796875,25230851763,68762.30691964286,68414.03887648809,-0.01204502883045766,70744.953125,2346.9477906471343,50.74868010134373,1
1550,69645.3046875,70355.4921875,69601.0625,69893.4453125,17130241883,69559.89285714286,68468.63039434524,-0.0035414711944022903,69892.828125,1101.8688424582238,57.51247167561364,2
1551,71333.6484375,71377.78125,69624.8671875,69647.78125,20050941373,70145.53236607143,68578.81417410714,0.02424203264779501,69645.3046875,660.946922607188,55.364054016031204,0
1552,69702.1484375,71342.09375,68110.6953125,71333.484375,34873527352,70108.86607142857,68463.49237351191,-0.022871394296192005,71333.6484375,679.8797793989396,53.81534270055757,0
1553,65446.97265625,69708.3828125,64586.59375,69705.0234375,50705240709,69460.17131696429,68176.14397321429,-0.061047985989492126,69702.1484375,1895.010414065197,56.583423355404804,2
1554,65980.8125,66914.3203125,64559.8984375,65446.671875,34488018367,68963.80970982143,67837.92075892857,0.008156830210526378,65446.97265625,2306.789882533711,45.478605587533096,2
1555,68508.84375,69291.2578125,65113.796875,65975.6953125,34439527442,68644.36551339286,67700.40885416667,0.038314642609167615,65980.8125,2169.7882911203665,57.02375427534767,0
1556,67837.640625,68725.7578125,66011.4765625,68515.7578125,33748230056,68350.76729910714,67625.83110119047,-0.009797320875087778,68508.84375,2110.9490023307603,59.929290074102276,2
1557,68896.109375,69629.6015625,67491.71875,67840.5703125,19967785809,68243.73939732143,67796.35453869047,0.015602971156545964,67837.640625,2052.5602009082445,61.393227847984726,2
1558,69362.5546875,70284.4296875,68851.6328125,68897.109375,21204930369,67962.15457589286,67842.63690476191,0.006770270726916605,68896.109375,1654.6500116067964,55.74976847533091,2
1559,71631.359375,72715.359375,69064.2421875,69362.5546875,37261432669,68237.75613839286,68037.05431547618,0.03270935878474601,69362.5546875,2094.8743652088683,54.632430170366,0
1560,69139.015625,71742.5078125,68212.921875,71632.5,36426900409,68765.19084821429,68381.16108630953,-0.03479403115822832,71631.359375,1703.3044473504394,47.9313116804187,2
1561,70587.8828125,71093.4296875,67503.5625,69140.2421875,38318601774,69423.34375,68508.50446428571,0.0209558550176423,69139.015625,1287.4239626703743,52.64213372643194,0
1562,70060.609375,71256.234375,69571.8125,70575.734375,30153382941,69645.02455357143,68726.08630952382,-0.007469744331340511,70587.8828125,1236.2957665306396,48.34459225785627,0
1563,67195.8671875,71222.7421875,65254.8359375,70061.3828125,44129299406,69553.34263392857,68888.80561755953,-0.04088948430588779,70060.609375,1404.9590416240694,44.05499061779285,0
1564,63821.47265625,67931.4296875,60919.10546875,67188.375,52869738185,68828.39453125,68877.34226190476,-0.05021729270691988,67195.8671875,2600.864890607785,38.71762913723861,2
1565,65738.7265625,65824.4296875,62205.8515625,63836.23046875,49084320047,68310.70479910714,68806.13058035714,0.03004089104268326,63821.47265625,2827.592955984799,39.256379113974944,0
1566,63426.2109375,66878.6484375,62332.0703125,65739.6484375,43595917654,67138.54073660714,68495.05431547618,-0.03517737178558533,65738.7265625,2920.771727191666,38.25582340519719,2
1567,63811.86328125,64355.66796875,61716.40234375,63419.296875,42847528078,66377.51897321429,68200.96037946429,0.006080330797783695,63426.2109375,3005.4464209875437,46.422054452661214,0
1568,61276.69140625,64486.36328125,59768.5859375,63831.84765625,41915247049,65047.34877232143,67811.50074404762,-0.03972884891052719,63811.86328125,2889.6960048274827,40.53541246096487,2
1569,63512.75390625,64125.6875,60833.48046875,61275.31640625,36006307335,64111.94084821428,67467.11030505953,0.03649124077498622,61276.69140625,1879.6871035326606,39.82847567779068,2
1570,63843.5703125,65481.59765625,59651.390625,63510.75,49920425401,63633.041294642855,67179.05040922618,0.005208661031110617,63512.75390625,1300.9835538638276,41.754198698842075,2
1571,64994.44140625,65442.45703125,63172.40234375,63851.1015625,23097485495,63800.60825892857,66957.58072916667,0.018026421268684478,63843.5703125,1400.9938328291735,41.97558000736222,1
1572,64926.64453125,65723.2421875,64277.72265625,64992.81640625,20506644853,63684.59654017857,66652.48530505953,-0.0010431180502996629,64994.44140625,1237.8843789227576,40.72473008357105,2
1573,66837.6796875,67233.9609375,64548.1796875,64935.6328125,28282686673,64171.94921875,66516.08203125,0.029433758205850147,64926.64453125,1703.2678490948706,39.82440877554797,0
1574,66407.2734375,67199.2421875,65864.8671875,66839.890625,24310975583,64542.72209821428,66561.81063988095,-0.006439574982440521,66837.6796875,1884.6499665314982,43.64500055614401,0
1575,64276.8984375,67075.3671875,63589.87109375,66408.71875,30276655120,64971.32310267857,66480.671875,-0.03208044676017341,66407.2734375,1253.6112481302061,35.769640410397855,1
1576,64481.70703125,65275.20703125,62783.6328125,64275.01953125,32155786816,65109.74497767857,66288.90345982143,0.0031863484195515657,64276.8984375,1111.112239823437,37.234744472154254,0
1577,63755.3203125,64789.65625,63322.3984375,64485.37109375,24139372950,65097.13783482143,66094.50725446429,-0.011265004482557628,64481.70703125,1128.2418304202042,41.273648276446956,0
1578,63419.140625,63898.36328125,62424.71875,63750.98828125,19530783039,64872.09486607143,65833.69921875,-0.005272966802647994,63755.3203125,1296.6749453056202,48.793631123818045,1
1579,63113.23046875,64321.484375,62793.59765625,63423.515625,17334827993,64613.03571428572,65536.11235119047,-0.004823625063903991,63419.140625,1455.3946930887942,41.285521321674395,2
1580,63841.12109375,64174.87890625,61795.45703125,63106.36328125,26635912073,64184.95591517857,65165.14862351191,0.011533090916022948,63113.23046875,1085.747626372328,51.539056955409556,0
1581,60636.85546875,64703.33203125,59120.06640625,63839.41796875,37840840057,63360.61049107143,64760.283854166664,-0.050191249309274655,63841.12109375,1288.8361293070848,40.25950307289871,0
1582,58254.01171875,60780.5,56555.29296875,60609.49609375,48439780271,62500.19810267857,64172.95665922619,-0.03929695449375714,60636.85546875,2236.8948896199986,40.6393363536905,2
1583,59123.43359375,59602.296875,56937.203125,58253.703125,32711813559,61734.73046875,63652.138764880954,0.014924669552331737,58254.01171875,2359.264310042927,35.15015226939815,2
1584,62889.8359375,63320.50390625,58848.3125,59122.30078125,33172023048,61611.08984375,63447.08965773809,0.06370405294167747,59123.43359375,2256.1488132830723,47.38194991310196,2
1585,63891.47265625,64494.95703125,62599.3515625,62891.03125,20620477992,61678.56584821428,63450.42299107143,0.015926845790239064,62889.8359375,2325.2409148225606,46.94728256686009,1
1586,64031.1328125,64610.890625,62955.3046875,63892.453125,18296164805,61809.69475446428,63369.10900297619,0.002185896653241981,63891.47265625,2442.553891914519,47.53128762952741,0
1587,63161.94921875,65494.90234375,62746.23828125,64038.3125,28697928697,61712.670200892855,63356.525111607145,-0.013574390387488533,64031.1328125,2360.5232437501113,39.24933992777193,0
1588,62334.81640625,64390.45703125,62285.98046875,63162.76171875,25930730982,61955.236049107145,63286.189546130954,-0.01309542885757653,63161.94921875,2318.4132912264463,38.359151911677976,0
1589,61187.94140625,62986.0859375,60877.12890625,62332.640625,26088172222,62374.368861607145,63281.96335565476,-0.018398626419713127,62334.81640625,1727.7255982622228,40.64439907141188,2
1590,63049.9609375,63404.9140625,60648.07421875,61191.19921875,25453338161,62935.30133928572,63259.92559523809,0.03043115176709965,61187.94140625,965.7071919024852,46.05922828493691,0
1591,60792.77734375,63446.7421875,60208.78125,63055.19140625,27804954694,62635.72154017857,63114.649739583336,-0.035799920573900024,63049.9609375,1261.9857275611453,42.47955955291313,1
1592,60793.7109375,61451.15234375,60492.625,60793.35546875,13842272968,62193.18415178572,62914.614955357145,1.5356984674586016e-05,60792.77734375,1291.050261956947,43.21992418856179,2
1593,61448.39453125,61818.15625,60632.6015625,60793.50390625,13800459405,61824.22154017857,62748.98400297619,0.010768936188532141,60793.7109375,1018.543658979408,45.776700356772395,2
1594,62901.44921875,63422.66015625,60769.83984375,61451.21875,27889181179,61787.00725446428,62561.54445684524,0.023646747788683697,61448.39453125,964.8658731933207,47.70086071969532,0
1595,61552.7890625,63092.125,61123.765625,62900.7734375,28186271527,61675.2890625,62330.37853422619,-0.02144084393922019,62901.44921875,935.6988059978717,52.464878381784885,2
1596,66267.4921875,66454.453125,61330.41015625,61553.98828125,39815167074,62400.939174107145,62425.16871279762,0.07659609250545496,61552.7890625,1932.9614043894155,69.16041653863174,0
1597,65231.58203125,66712.4296875,64613.0546875,66256.109375,31573077994,62712.599330357145,62460.877046130954,-0.01563225228621834,66267.4921875,2210.935854245687,64.4893659685047,2
1598,67051.875,67459.4609375,65119.31640625,65231.296875,28031279310,63606.756138392855,62617.85584077381,0.02790508695432159,65231.58203125,2545.466761549934,60.87720666572202,1
1599,66940.8046875,67387.328125,66663.5,67066.2109375,16712277406,64484.912388392855,62785.55412946428,-0.0016564833198177142,67051.875,2472.5477357903596,58.35828984992684,0
1600,66278.3671875,67694.296875,65937.1796875,66937.9296875,19249094538,65174.908482142855,62936.27492559524,-0.009895869986810912,66940.8046875,2134.804088924546,55.988108967820104,2
1601,71448.1953125,71483.5625,66086.171875,66278.7421875,43850655717,66395.87220982143,63298.51655505953,0.07800174241430358,66278.3671875,2918.17793186127,67.96298131028684,0
1602,70136.53125,71946.4609375,69191.125,71443.0625,46932005990,67622.12109375,63750.88206845238,-0.018358253231772315,71448.1953125,2276.9074808338078,66.56463123846649,0
1603,69122.3359375,70623.6953125,68977.6953125,70135.3203125,32802561717,68029.95591517857,64268.42131696428,-0.01446030042296964,70136.53125,2249.3394019294515,66.94178934948593,0
1604,67929.5625,70041.2734375,66356.953125,69121.3046875,41895680979,68415.38169642857,64687.76078869047,-0.017255976976508713,69122.3359375,1892.8143809341534,60.72562924456308,2
1605,68526.1015625,69220.296875,66622.671875,67928.1328125,29197308153,68625.98549107143,64956.154389880954,0.008781729788116976,67929.5625,1795.323014266909,68.33693113287431,2
1606,69265.9453125,69579.3203125,68515.8203125,68526.921875,15473071741,68958.1484375,65212.08165922619,0.010796524727518797,68526.1015625,1639.9439535542692,69.40888804889887,0
1607,68518.09375,69506.2265625,68183.890625,69264.2890625,15628433737,69278.109375,65425.74646577381,-0.010796814497022966,69265.9453125,1185.4881269090174,66.12700377582838,2
1608,69394.5546875,70597.8828125,68232.5,68512.1796875,25870990717,68984.73214285714,65722.53720238095,0.012791671360530277,68518.09375,722.7364349635124,65.2118717822334,0
1609,68296.21875,69514.640625,67227.15625,69392.1953125,32722265965,68721.83035714286,66006.41350446429,-0.015827408107827234,69394.5546875,547.3688264398245,65.98582320528757,0
1610,67578.09375,68852.4609375,67101.4921875,68296.3515625,26707072906,68501.22433035714,66310.70647321429,-0.01051485738366742,68296.21875,658.8797773735258,53.83321558064566,2
1611,68364.9921875,69500.5390625,67118.078125,67576.0859375,29509712534,68563.42857142857,66563.80319940476,0.011644282841286824,67578.09375,615.0083659864613,59.29998606427546,0
1612,67491.4140625,68999.5625,66633.421875,68362.515625,27387283769,68415.61607142857,66882.78590029762,-0.012778150001159894,68364.9921875,737.5967503842016,51.382232947071685,1
1613,67706.9375,67839.765625,67386.1953125,67489.609375,11641495604,68192.90066964286,67211.98716517857,0.0031933460054698326,67491.4140625,670.353668483637,52.39355846833737,1
1614,67751.6015625,68409.1640625,67315.5234375,67710.2734375,17110588415,68083.40178571429,67512.13988095238,0.0006596674454519835,67706.9375,670.9829317847142,54.78749332298863,2
1615,68804.78125,70230.8203125,67589.8359375,67753.8984375,32401285324,67999.1484375,67793.25093005953,0.015544720172089965,67751.6015625,492.08477950336294,38.27196011405096,2
1616,70567.765625,71047.40625,68564.640625,68804.5703125,33149696545,68323.65513392857,68222.53552827382,0.025622992224831664,68804.78125,1097.36775167338,51.83958749088506,2
1617,71082.8203125,71735.4140625,70390.7109375,70568.3515625,32810771409,68824.33035714286,68451.83686755953,0.007298724608017615,70567.765625,1444.9738663108192,58.73515029323472,1
1618,70757.1640625,71625.734375,70119.125,71082.84375,25223152007,69166.06919642857,68714.95982142857,-0.004581363662391591,71082.8203125,1593.479075506749,63.65371687511931,0
1619,69342.5859375,71907.8515625,68507.2578125,70759.1875,36188381096,69430.52232142857,68824.04129464286,-0.01999201273457618,70757.1640625,1412.5741006814822,53.65391473383166,1
1620,69305.7734375,69533.3203125,69210.7421875,69324.1796875,14262185861,69658.92745535714,68936.65885416667,-0.0005308786729295578,69342.5859375,1200.8211669828802,50.19020656328304,1
1621,69647.9921875,69817.5234375,69160.84375,69297.4921875,13534028500,69929.84040178571,69097.1171875,0.00493781012787653,69305.7734375,866.0542320554146,55.61352615003404,1
1622,69512.28125,70146.0703125,69232.421875,69644.3125,20597699541,70030.91183035714,69004.93080357143,-0.0019485261992140401,69647.9921875,745.8093044556362,50.63135534634673,0
1623,67332.03125,69549.4140625,66123.6015625,69508.078125,37116136345,69568.6640625,68871.38318452382,-0.03136496113771259,69512.28125,1213.632461501363,45.3668150795498,2
1624,68241.1875,69977.890625,66902.453125,67321.375,34497940694,69162.71651785714,68829.42373511905,0.013502581655740586,67332.03125,1091.893883826053,53.128903018604724,0
1625,66756.3984375,68365.78125,66304.5625,68243.1015625,28955204146,68591.17857142857,68773.55877976191,-0.021757960505889518,68241.1875,1162.9637342440594,42.878645759837084,0
1626,66011.09375,67294.6484375,65056.89453125,66747.5703125,27403884779,68115.25111607143,68653.79650297618,-0.011164543099157487,66756.3984375,1450.3783379772215,43.371234781172845,1
1627,66191.0,66402.1875,65871.7734375,66006.7421875,14121265576,67670.28348214286,68507.37053571429,0.0027253941690672523,66011.09375,1501.1667425048313,43.19002101533403,2
1628,66639.046875,66894.84375,66018.25,66189.359375,13281140541,67240.43415178571,68417.89211309524,0.006768999939568809,66191.0,1250.3155349631782,45.176917809100686,1
1629,66490.296875,67188.3203125,65094.96484375,66636.515625,30006354476,66808.72209821429,68279.59412202382,-0.0022321747830370553,66639.046875,761.196781148805,39.11263174915842,0
1630,65140.74609375,66556.703125,64066.95703125,66490.9765625,39481285950,66495.68136160714,68129.33351934524,-0.02029695827328193,66490.296875,939.7564579439891,23.438069378692063,1
1631,64960.296875,65695.3515625,64693.30078125,65146.66015625,21103423504,66026.98270089286,68004.67652529762,-0.0027701435671353414,65140.74609375,715.5089100473875,19.019268796188456,1
1632,64828.65625,66438.9609375,64547.84765625,64960.296875,25641109124,65751.59095982143,67836.27957589286,-0.00202647819256907,64960.296875,757.7128623792469,19.40018887751752,0
1633,64096.19921875,65007.546875,63378.89453125,64837.98828125,26188171739,65478.03459821428,67674.60267857143,-0.011298352821403679,64828.65625,965.5672968395493,20.869729678379002,1
1634,64252.578125,64475.46875,63929.7578125,64113.86328125,9858198793,65201.1171875,67510.109375,0.0024397531859308152,64096.19921875,1004.2046907427305,22.310073205188573,0
1635,63180.796875,64491.703125,63180.796875,64248.96484375,11170471802,64707.08147321428,67292.45200892857,-0.01668075089399379,64252.578125,1029.2485718098083,17.185495673628083,0
1636,60277.4140625,63292.52734375,58601.69921875,63173.3515625,43152133651,63819.52678571428,66886.38690476191,-0.04595356431233677,63180.796875,1697.2496709230165,13.41712284506771,2
1637,61804.640625,62258.26171875,60239.75,60266.28125,29201215431,63342.94029017857,66469.09523809524,0.025336630415439876,60277.4140625,1732.4424780884515,26.909208757911998,0
1638,60811.27734375,62434.13671875,60695.1875,61789.67578125,22506003064,62750.22321428572,65979.97414434524,-0.016072632592061153,61804.640625,1795.4768107098093,19.17824068447534,2
1639,61604.80078125,62293.86328125,60585.33203125,60811.2265625,21231745045,62289.67243303572,65544.14732142857,0.013048951973404943,60811.27734375,1573.2016917824212,27.329230343968305,0
1640,60320.13671875,62126.09765625,59985.40234375,61612.8046875,24952866877,61750.23493303572,65114.50688244047,-0.020853310881755127,61604.80078125,1496.0149044300829,26.090668322673125,2
1641,60887.37890625,61097.62109375,60300.96484375,60319.875,12652903396,61269.4921875,64713.630952380954,0.009403861104374522,60320.13671875,1024.1555486151287,28.42031314320954,2
1642,62678.29296875,62892.828125,60632.94921875,60888.4453125,17333226409,61197.70591517857,64381.740513392855,0.029413551620566913,60887.37890625,874.5407058459622,35.47186669948782,1
1643,62851.98046875,63777.2265625,62495.51171875,62673.60546875,25468379421,61565.50111607143,64064.583333333336,0.002771094932125795,62678.29296875,960.1825098194018,36.67894449747325,0
1644,62029.015625,63203.359375,61752.74609375,62844.41015625,20151616992,61597.5546875,63812.05877976191,-0.013093697885290578,62851.98046875,973.1536953076811,38.15001024932487,0
1645,60173.921875,62187.703125,59419.38671875,62034.33203125,29756701685,61506.50390625,63427.90327380953,-0.02990687070088416,62029.015625,1082.638389792447,33.83453309923782,0
1646,56977.703125,60399.67578125,56777.8046875,60147.13671875,41149609230,60845.489955357145,62962.25111607143,-0.05311634426354228,60173.921875,2019.6713196295218,28.031793195142228,0
1647,56662.375,57497.15234375,53717.375,57022.80859375,55417544033,60322.95256696428,62517.07403273809,-0.005534237213954074,56977.703125,2575.0589276960764,28.701803833019255,2
1648,58303.5390625,58472.546875,56038.9609375,56659.07421875,20610320577,59953.83258928572,62141.48065476191,0.02896391234041995,56662.375,2664.3097226963673,34.292182076745576,0
1649,55849.109375,58371.12109375,55793.32421875,58239.4296875,20553359505,58978.23493303572,61627.674107142855,-0.042097439142912196,58303.5390625,2749.388131602706,31.958722852227993,2
1650,56705.09765625,58131.3359375,54321.01953125,55849.57421875,39766159899,58100.10881696428,61161.712239583336,0.015326802715911692,55849.109375,2240.473196400903,40.22451338650752,2
1651,58009.2265625,58239.1953125,56316.875,56704.59765625,27849512607,57525.853236607145,60822.11607142857,0.02299844211812685,56705.09765625,1436.5401398088613,39.485636742582464,1
1652,57742.49609375,59359.43359375,57178.4140625,58033.8828125,26175260526,57178.50669642857,60478.41127232143,-0.004598069730556098,58009.2265625,872.9265643784076,41.14199454633853,0
1653,57344.9140625,59299.43359375,57120.37890625,57729.890625,28707803842,57230.96540178572,60122.04259672619,-0.006885432015347748,57742.49609375,869.8764900447214,37.41624627777261,2
1654,57899.46484375,58532.5546875,56590.17578125,57341.1953125,25604805221,57407.69252232143,59826.96000744047,0.009670444019596935,57344.9140625,860.7244797813462,42.52695612493615,2
1655,59231.953125,59787.078125,57796.44140625,57908.73828125,17080061806,57540.32310267857,59587.88262648809,0.023013827240820017,57899.46484375,1068.279723635431,45.119982681131305,2
1656,60787.79296875,61329.52734375,59225.25,59225.25,22223416061,58245.849330357145,59473.93005952381,0.026266900915231206,59231.953125,1357.0074465738696,44.34868490807599,2
1657,64870.15234375,64870.15234375,60704.9296875,60815.45703125,38094526099,59412.28571428572,59692.63188244047,0.06715755212726138,60787.79296875,2678.0674962883977,54.89019836343446,1
1658,65097.1484375,65354.33984375,62487.96875,64784.41796875,41617346768,60424.845982142855,59849.41796875,0.003499237870556282,64870.15234375,3321.7569200184066,57.65544279309889,0
1659,64118.79296875,66066.734375,63896.0859375,65091.83203125,32525071311,61335.74553571428,60006.91871279762,-0.01502916014346345,65097.1484375,3337.8259304865073,60.29338827559931,1
1660,63974.06640625,65104.66015625,63246.1640625,64104.73828125,27239305337,62282.767299107145,60119.740885416664,-0.0022571629283560934,64118.79296875,2932.6478729212904,71.71344879933255,2
1661,66710.15625,67442.640625,63329.34375,63972.32421875,37003855410,63541.4375,60424.02752976191,0.042768734230136385,63974.06640625,2610.913603330543,77.11010812289763,2
1662,67163.6484375,67610.734375,66299.6171875,66709.921875,19029581250,64674.536830357145,60722.89750744047,0.0067979482134701286,66710.15625,2100.102256023311,75.5426461519612,2
1663,68154.5234375,68372.90625,65842.296875,67164.9140625,26652190004,65726.92689732143,60983.67038690476,0.014753144342986024,67163.6484375,1618.3032206276916,88.74451090341454,0
1664,67585.25,68480.0625,66611.296875,68152.9765625,42649109453,66114.79799107143,61209.064174107145,-0.00835268752223095,68154.5234375,1701.9413476036673,84.8868455457544,0
1665,65927.671875,67779.015625,65484.4609375,67584.8046875,35605668666,66233.44419642857,61394.71447172619,-0.02452573786440093,67585.25,1647.2448319952518,74.82747961011323,0
1666,65372.1328125,67113.984375,65146.99609375,65927.859375,27470942309,66412.49274553571,61642.248325892855,-0.008426492953570563,65927.671875,1433.305737564476,73.49641548560264,2
1667,65777.2265625,66112.421875,63473.47265625,65375.875,38315761670,66670.08705357143,62061.27325148809,0.00619673448871394,65372.1328125,1026.2673743938483,75.95634631099345,2
1668,67912.0625,68207.6015625,65743.765625,65771.8125,30488630457,66841.78794642857,62596.97265625,0.032455548053117234,65777.2265625,1129.4451023434121,78.08812387583399,1
1669,67813.3359375,69398.5078125,66705.21875,67911.8125,34691905492,66934.60044642857,63049.82012648809,-0.0014537411892032726,67912.0625,1185.600384994433,75.86345981053849,2
1670,68255.8671875,68301.8515625,67085.828125,67808.65625,18043166945,66949.078125,63640.61811755953,0.006525726007755361,67813.3359375,1203.4641742398517,74.12718448390791,0
1671,66819.9140625,69987.5390625,66532.59375,68259.0546875,40780682628,66839.74441964286,64122.276041666664,-0.021037797689324123,68255.8671875,1170.3452338721338,57.59840852343601,0
1672,66201.015625,66987.671875,65323.19140625,66819.0546875,31380492109,66878.79352678571,64512.361235119046,-0.009262185475442442,66819.9140625,1138.9814247620118,54.17436770715405,0
1673,64619.25,66810.2109375,64532.046875,66201.2734375,31292785994,66771.23883928571,64839.82570684524,-0.023893373992326827,66201.015625,1325.280252221015,51.80992157482122,2
1674,65357.5,65593.2421875,62248.94140625,64625.83984375,40975554494,66711.27790178571,65221.37741815476,0.011424614182306447,64619.25,1385.8593232290295,54.79729164109938,0
1675,61415.06640625,65523.22265625,61184.89453125,65353.5,43060875727,65783.13560267857,65388.787016369046,-0.06032105869640059,65357.5,2313.0597356847593,33.055979368324955,0
1676,60680.09375,62148.37109375,59836.52734375,61414.80859375,31753030589,64764.10100446428,65457.74609375,-0.011967302150066583,61415.06640625,2791.4086709416856,29.62008505639075,0
1677,58116.9765625,61062.98828125,57210.8046875,60676.09375,31758917219,63315.68805803572,65330.564360119046,-0.04223983565450573,60680.09375,3267.47369373604,21.28678751428056,0
1678,53991.45703125,58268.828125,49121.23828125,58110.296875,108991085584,61483.05133928572,64812.53125,-0.07098647891315102,58116.9765625,4381.972329626497,17.688010154103566,2
1679,56034.31640625,57059.91796875,53973.2734375,53991.34765625,49300484106,60030.665736607145,64380.96781994047,0.03783671505322772,53991.45703125,4240.158149228311,26.90680125835962,0
1680,55027.4609375,57726.8828125,54620.5078125,56040.6328125,41637562185,58660.41015625,63948.04724702381,-0.017968550940289485,56034.31640625,4056.0119373150733,26.351589803085588,2
1681,61710.13671875,62673.765625,54766.7265625,55030.02734375,45298472567,58139.35825892857,63840.24107142857,0.12144256099404904,55027.4609375,3195.224331892213,42.77588397285965,0
1682,60880.11328125,61751.86328125,59587.859375,61728.20703125,33425553115,58062.93638392857,63562.61997767857,-0.013450358103773374,61710.13671875,3109.0551429600664,36.902479594273345,1
1683,60945.8125,61464.51171875,60287.56640625,60881.23046875,15745822278,58100.896205357145,63266.532552083336,0.001079157301276501,60880.11328125,3147.7165977189356,37.1929779575562,0
1684,58719.484375,61778.66015625,58348.82421875,60944.890625,22759754812,58186.96875,62817.24497767857,-0.036529632368097475,60945.8125,3156.455080267497,33.32529188938871,2
1685,59354.515625,60680.33203125,57688.8984375,58719.39453125,37078637820,58953.11997767857,62425.30524553572,0.010814659848586317,58719.484375,2563.5647459452566,36.57033347790292,2
1686,60609.56640625,61572.3984375,58506.25390625,59356.20703125,30327698167,59606.72712053572,62172.06212797619,0.021144992390795814,59354.515625,2260.7214792961927,40.166488303679365,0
1687,58737.26953125,61687.7578125,58472.875,60611.05078125,29961696180,60136.69977678572,61856.11625744047,-0.0308911115194338,60609.56640625,1189.211941551429,39.760180235440366,0
1688,57560.09765625,59838.6484375,56161.59375,58733.26171875,35682112440,59543.83705357143,61464.82440476191,-0.020041310813293967,58737.26953125,1303.0810584113046,36.629984665709934,2
1689,58894.10546875,59847.359375,57110.01953125,57560.2734375,29350938673,59260.12165178572,61035.39787946428,0.023175912946963972,57560.09765625,1173.3980171510561,45.25271537801087,2
1690,59478.97265625,59694.66796875,58814.83203125,58893.53125,13589684021,59050.57310267857,60638.5234375,0.00993082725079053,58894.10546875,927.3749156710312,47.725279025742054,0
1691,58483.96484375,60262.71875,58445.40234375,59468.1328125,17740625837,59016.927455357145,60173.19475446428,-0.016728732324455264,59478.97265625,945.4845646280683,50.738900758791125,2
1692,59493.453125,59612.66015625,57864.7109375,58480.7109375,25911207712,59036.775669642855,59824.31566220238,0.01726094125025579,58483.96484375,955.1613870591918,62.66727461915284,0
1693,59012.79296875,61396.328125,58610.8828125,59493.453125,31613400008,58808.66517857143,59482.01934523809,-0.008079210921579816,59493.453125,662.9056428330783,57.38886707462146,2
1694,61175.19140625,61834.3515625,58823.4453125,59014.98828125,32731154072,59156.939732142855,59318.01655505953,0.03664287570061453,59012.79296875,1109.2750067030752,64.42404153868516,0
1695,60381.9140625,61408.109375,59815.25390625,61168.31640625,27625734377,59560.056361607145,59081.083891369046,-0.012967304646127387,61175.19140625,930.5986083354157,45.69354750871043,2
1696,64094.35546875,64947.0625,60372.05078125,60380.953125,42530509233,60302.94921875,59208.66908482143,0.061482671821355916,60381.9140625,1890.7331840672384,58.78029448408943,1
1697,64178.9921875,64513.7890625,63619.91796875,64103.87109375,21430585163,60974.380580357145,59375.283296130954,0.0013205019089592707,64094.35546875,2332.318697726898,58.82289735944342,1
1698,64333.54296875,64996.421875,63833.51953125,64176.3671875,18827683555,61810.03459821428,59671.310267857145,0.0024081210374646833,64178.9921875,2339.224978282604,67.27308389662392,0
1699,62880.66015625,64489.70703125,62849.55859375,64342.2265625,27682040631,62293.92131696428,60094.60565476191,-0.022583597070127692,64333.54296875,2120.2399966957114,60.32924775442678,0
1700,59504.1328125,63210.796875,58116.75,62879.70703125,39103882198,62364.11272321428,60259.83500744047,-0.05369739018896724,62880.66015625,1998.1297375769377,47.119798806968475,0
1701,59027.625,60236.44921875,57890.67578125,59507.92578125,40289564698,62057.31752232143,60450.319010416664,-0.00800797843742207,59504.1328125,2345.7368441254775,50.815860742907326,2
1702,59388.1796875,61184.08203125,58786.2265625,59027.46875,32224990582,61915.35546875,60339.74962797619,0.006108236397788236,59027.625,2489.6832297449796,55.38373966568031,1
1703,59119.4765625,59896.88671875,57768.53125,59388.6015625,32292756405,61204.658482142855,60255.90978422619,-0.004524521990973862,59388.1796875,2474.0116517458546,50.70815722992998,1
1704,58969.8984375,59432.59375,58768.78515625,59117.48046875,12403470760,60460.502232142855,60161.818638392855,-0.002530098940268344,59119.4765625,2198.314267541319,48.35540753330186,0
1705,57325.48828125,59062.0703125,57217.82421875,58969.80078125,24592449997,59459.3515625,60095.43787202381,-0.027885585694078285,58969.8984375,1673.6817197843907,46.40818483805161,2
1706,59112.48046875,59403.0703125,57136.02734375,57326.96875,27036454524,58921.04017857143,60083.912388392855,0.031172733823612075,57325.48828125,729.5861880070189,48.8731367512776,0
1707,57431.0234375,59815.05859375,57425.16796875,59106.19140625,26666961053,58624.88169642857,59932.55319940476,-0.02844504270361159,59112.48046875,862.1639420182187,45.63165783468278,2
1708,57971.5390625,58511.5703125,55673.1640625,57430.34765625,35627680312,58474.01227678572,59896.08984375,0.00941156177702851,57431.0234375,872.2846757941259,40.28197078577714,0
1709,56160.48828125,58300.58203125,55712.453125,57971.703125,31030280656,58012.91350446428,59829.44177827381,-0.031240343288065575,57971.5390625,1124.9955564359602,37.93934074921091,0
1710,53948.75390625,56976.109375,52598.69921875,56160.19140625,49361693566,57274.23883928572,59593.94884672619,-0.03938239218868078,56160.48828125,1782.6534353557463,18.29519636838242,1
1711,54139.6875,54838.14453125,53740.0703125,53949.0859375,19061486526,56584.208705357145,59339.697172619046,0.003539165966313096,53948.75390625,1944.4056139348393,18.834420909004038,2
1712,54841.56640625,55300.859375,53653.7578125,54147.93359375,18268287531,56229.36272321428,59166.24962797619,0.012964221602682846,54139.6875,2012.0543491958795,21.50194424389811,2
1713,57019.53515625,58041.125,54598.43359375,54851.88671875,34618096173,55930.37053571428,59048.444010416664,0.039713831911113884,54841.56640625,1631.7887152198036,33.13715335843574,2
1714,57648.7109375,58029.9765625,56419.4140625,57020.09765625,28857630507,55961.46875,58983.48772321428,0.011034389872275785,57019.53515625,1666.8518919888631,43.65947842486252,0
1715,57343.171875,57991.3203125,55567.33984375,57650.2890625,37049062672,55871.70200892857,58801.01060267857,-0.005300015516934153,57648.7109375,1553.6347580638003,44.17567153607648,2
1716,58127.01171875,58534.359375,57330.1015625,57343.171875,33835707949,56152.63392857143,58693.63430059524,0.013669279499548104,57343.171875,1776.3844807453806,45.76327991334945,2
1717,60571.30078125,60648.0234375,57650.11328125,58130.32421875,32490528356,57098.71205357143,58525.869791666664,0.04205082955798245,58127.01171875,2134.452849973033,54.255212210486505,0
1718,60005.12109375,60656.72265625,59517.8828125,60569.1171875,16428405496,57936.631138392855,58327.11402529762,-0.00934732588201681,60571.30078125,1919.720564031246,52.96184692949939,0
1719,59182.8359375,60381.91796875,58696.30859375,60000.7265625,18120960867,58556.8125,58081.84226190476,-0.013703582981947293,60005.12109375,1377.9930164286409,55.57633456811176,0
1720,58192.5078125,59205.51171875,57501.33984375,59185.2265625,32032822113,58724.38002232143,57858.59691220238,-0.016733367188517922,59182.8359375,1222.438319638646,47.09919134106528,2
1721,60308.5390625,61316.08984375,57628.0703125,58192.5078125,38075570118,59104.35546875,57896.90197172619,0.0363626062794542,58192.5078125,1245.522592946777,58.83120482759679,2
1722,61649.6796875,61664.06640625,59218.25390625,60309.0,40990702891,59719.57087053572,58021.76171875,0.02223798894564699,60308.5390625,1293.2798724397628,60.759594921712164,2
1723,62940.45703125,63872.44140625,61609.8671875,61651.15625,42710252573,60407.20591517857,58190.91778273809,0.020937291974474137,61649.6796875,1557.9584021375283,70.45597151462667,1
1724,63192.9765625,64119.53125,62364.60546875,62941.42578125,35177164222,60781.73102678572,58384.89397321428,0.004012038411551844,62940.45703125,1884.812716451443,81.63037815241738,1
1725,63394.83984375,63543.359375,62783.10546875,63184.33984375,14408616220,61265.9765625,58595.60546875,0.003194394254405042,63192.9765625,2077.6137107177974,81.64410741574439,1
1726,63648.7109375,63993.421875,62440.7265625,63396.8046875,20183348802,61903.958705357145,58896.71130952381,0.004004601863112578,63394.83984375,2016.0882967529633,81.06399353872837,0
1727,63329.80078125,64733.55859375,62628.078125,63643.1015625,31400285425,62637.857700892855,59097.53608630953,-0.005010473135318549,63648.7109375,1216.2494171005671,75.61660188361378,2
1728,64301.96875,64695.21484375,62737.41796875,63326.83984375,29938335243,63208.34765625,59424.723958333336,0.01535087678718594,63329.80078125,810.4427399101119,76.27722474107453,0
1729,63143.14453125,64804.50390625,62945.375,64302.58984375,25078377700,63421.69977678572,59670.990885416664,-0.018021597802944433,64301.96875,446.6684690351623,71.46067090929326,2
1730,65181.01953125,65790.796875,62669.26953125,63138.546875,36873129847,63741.78013392857,60100.53999255953,0.032273891570151925,63143.14453125,746.4948872897486,73.88426206125965,2
1731,65790.6640625,66480.6953125,64852.9921875,65180.6640625,32058813449,64112.87834821428,60664.44047619047,0.00935309904070647,65181.01953125,1022.763454300993,70.17937903747818,1
1732,65887.6484375,66255.53125,65458.03515625,65792.1796875,15243637984,64468.993861607145,61223.8671875,0.0014741358273548943,65790.6640625,1156.3428171393978,73.59954365735437,1
1733,65635.3046875,66069.34375,65450.015625,65888.8984375,14788214575,64752.79296875,61737.85472470238,-0.003829909793174213,65887.6484375,1165.2178336407933,77.12652889630438,0
1734,63329.5,65635.0546875,62873.6171875,65634.65625,37112957475,64752.75,62038.32924107143,-0.035130555094979754,65635.3046875,1165.279057800478,69.44540228695331,0
1735,60837.0078125,64110.98046875,60189.27734375,63335.60546875,50220923500,64257.755580357145,62190.15290178572,-0.039357521968434894,63329.5,1895.6946181001026,51.945013767260825,1
1736,60632.78515625,62357.6875,59996.94921875,60836.32421875,40762722398,63899.1328125,62346.80115327381,-0.0033568819965540397,60837.0078125,2329.511009777329,45.91552875721931,1
1737,60759.40234375,61469.0390625,59878.8046875,60632.484375,36106447279,63267.47321428572,62472.15308779762,0.0020882627636797935,60632.78515625,2515.9970253234123,40.33575191952201,2
1738,62067.4765625,62465.9921875,60459.94140625,60754.625,29585472513,62735.58928571428,62543.39955357143,0.021528753876634443,60759.40234375,2275.7651644407897,45.439514625373775,1
1739,62089.94921875,62371.0234375,61689.58203125,62067.609375,13305410749,62193.060825892855,62642.677083333336,0.0003620681473552878,62067.4765625,1802.5748617737775,44.63463022295262,2
1740,62818.953125,62959.5703125,61833.1484375,62084.98828125,14776233667,61790.724888392855,62815.825520833336,0.011741093613744757,62089.94921875,1072.7873130987202,46.716544985086585,0
1741,62236.66015625,64443.70703125,62152.55078125,62819.109375,34253562610,61634.60491071428,63008.404203869046,-0.009269383518558882,62818.953125,872.3198000998955,45.7626333318999,1
1742,62131.96875,63174.3046875,61843.5625,62221.64453125,28134475157,61819.599330357145,63095.23418898809,-0.001682150134457161,62236.66015625,810.0720248157362,40.98188845281725,0
1743,60582.1015625,62508.8359375,60314.61328125,62131.7265625,27670982363,61812.35881696428,63044.397135416664,-0.024944762232405493,62131.96875,822.577856364251,39.69182401605468,0
1744,60274.5,61236.72265625,58895.20703125,60581.9296875,30452813570,61743.08705357143,62917.44680059524,-0.005077433013489285,60582.1015625,938.3059508755458,27.05542673283206,2
1745,62445.08984375,63400.87109375,60046.125,60275.4609375,30327141594,61797.03180803572,62881.83314732143,0.036011743668549645,60274.5,970.3708443053222,36.348003671277226,2
1746,63193.0234375,63448.78515625,62443.26953125,62444.6171875,16744110886,61954.61383928572,62872.22284226191,0.011977460447594401,62445.08984375,1105.9599749306647,39.55896090906835,0
1747,62851.375,63272.65234375,62035.63671875,63192.9453125,18177529690,61959.24553571428,62834.25446428572,-0.005406426515387475,63193.0234375,1110.2426767112472,39.28706714511792,2
1748,66046.125,66482.4921875,62442.15234375,62848.3984375,43706958056,62503.454799107145,62963.603236607145,0.050830232433260125,62851.375,1912.6034453296738,59.78452149748246,2
1749,67041.109375,67881.6796875,64809.1953125,66050.3671875,48863870879,63204.76060267857,63094.03850446428,0.015064992457922477,66046.125,2548.130359992793,75.04734275015645,2
1750,67612.71875,68375.2890625,66758.7265625,67042.4609375,38195189534,64209.134486607145,63306.87537202381,0.008526251733136592,67041.109375,2721.770143539742,77.36770216510898,1
1751,67399.8359375,67912.2109375,66647.390625,67617.078125,32790898511,65227.03962053572,63412.533296130954,-0.0031485616380424464,67612.71875,2305.591300128601,75.86160417765183,2
1752,68418.7890625,68969.75,67177.8203125,67419.109375,36857165014,66080.42522321429,63537.68210565476,0.015118035686984221,67399.8359375,2207.7386051146395,75.30548313274915,1
1753,68362.734375,68668.0078125,68024.640625,68418.9765625,14443497908,66818.95535714286,63655.54334077381,-0.0008192879217548965,68418.7890625,1927.8017348012927,74.92590524128644,2
1754,69001.703125,69359.0078125,68105.71875,68364.1796875,18975847518,67697.57366071429,63815.84802827381,0.009346740674458287,68362.734375,993.0945101317425,74.74519755709838,0
1755,67367.8515625,69462.734375,66829.8515625,69002.0,37498611780,67886.39174107143,64008.150483630954,-0.023678423698328066,69001.703125,712.891804216065,68.94213268123355,1
1756,67361.40625,67801.578125,66581.3671875,67360.703125,31808472566,67932.1484375,64318.83612351191,-9.567341618454961e-05,67367.8515625,657.7410974538128,69.44586794770339,0
1757,66432.1953125,67402.7421875,65188.03515625,67362.375,32263980353,67763.50223214286,64594.99851190476,-0.01379441121005398,67361.40625,870.2943335015658,72.80652168351341,2
1758,68161.0546875,68798.9609375,66454.1015625,66653.703125,31414428647,67872.24776785714,64947.45814732143,0.02602442034118191,66432.1953125,864.8206944878305,77.67844951395138,0
1759,66642.4140625,68722.15625,65521.79296875,68165.296875,41469984306,67618.47991071429,65165.31231398809,-0.022280180844656217,68161.0546875,935.457613553973,65.43724949838618,2
1760,67014.6953125,67317.921875,66360.59375,66628.734375,19588098156,67425.90290178571,65399.82403273809,0.00558625096700216,66642.4140625,894.5693082328073,64.45506929464258,2
1761,67929.296875,68221.3125,66847.2265625,67023.4765625,16721307878,67272.70200892857,65643.17373511905,0.01364777618155344,67014.6953125,633.4417938497062,68.40881437961514,2
1762,69907.7578125,70212.265625,67535.1328125,67922.671875,38799856657,67635.54575892857,66008.46409970238,0.029125296867722028,67929.296875,1184.6495669722951,65.35342233940051,2
1763,72720.4921875,73577.2109375,69729.9140625,69910.046875,58541874402,68401.12946428571,66512.67950148809,0.04023493905417541,69907.7578125,2239.7569221120843,69.72890969536604,0
1764,72339.5390625,72905.296875,71411.734375,72715.3671875,40646637831,69245.03571428571,67072.55747767857,-0.005238593875544262,72720.4921875,2474.812807015576,66.64033694706902,0
1765,70215.1875,72662.3125,69590.5,72335.046875,40627912076,69538.48325892857,67545.92354910714,-0.029366396164960396,72339.5390625,2446.4801235416094,58.735532490173995,0
1766,69482.46875,71559.015625,68779.703125,70216.8984375,49989795365,69944.20535714286,67881.03683035714,-0.010435331387529279,70215.1875,2096.6337248534774,53.36009212236321,1
1767,69289.2734375,69867.3515625,69033.71875,69486.0234375,18184612091,70269.14508928571,68171.33444940476,-0.0027804900426771084,69482.46875,1706.9975477519183,52.90173252004472,0
1768,68741.1171875,69361.65625,67482.5234375,69296.3828125,34868307655,70385.11941964286,68451.79836309524,-0.00791112711687536,69289.2734375,1541.0425612667561,49.17922901909563,0
1769,67811.5078125,69433.1796875,66803.6484375,68742.1328125,41184819348,70085.65513392857,68535.86421130953,-0.013523338185854272,68741.1171875,1826.5050253298464,51.46226055573524,2
1770,69359.5625,70522.7890625,67458.8671875,67811.171875,46046889204,69605.52232142857,68646.26674107143,0.02282879023690776,67811.5078125,1413.4989232414653,55.97826950784297,2
1771,75639.078125,76460.15625,69322.03125,69358.5,118592653963,70076.88504464286,69028.47433035714,0.09053568676993895,69359.5625,2561.2999177673105,70.8658040696853,1
1772,75904.859375,76943.1171875,74480.421875,75637.0859375,63467654989,70889.6953125,69433.47544642857,0.003513808689745934,75639.078125,3383.3680733340243,68.79650499738497,2
1773,76545.4765625,77252.75,75648.7421875,75902.8359375,55176858003,71898.69642857143,69820.46056547618,0.008439738809541852,75904.859375,3906.4918042908475,75.10787183099262,1
1774,76778.8671875,76932.765625,75773.7890625,76556.1875,29009480361,72968.63839285714,70221.22879464286,0.0030490452928257916,76545.4765625,4093.849389497675,74.93131895533,2
1775,80474.1875,81474.421875,76565.4296875,76775.546875,82570594495,74644.79129464286,70767.53757440476,0.048129393514959595,76778.8671875,4460.054725938178,78.04849418993406,2
1776,88701.484375,89604.5,80283.25,80471.4140625,117966845037,77629.07366071429,71783.42485119047,0.10223522760015435,80474.1875,5886.5354478830795,82.84273503760072,0
1777,87955.8125,89956.8828125,85155.109375,88705.5625,133673285375,80285.68080357143,72764.11086309524,-0.008406532091926988,88701.484375,5726.5694662742035,78.69755332483939,2
1778,90584.1640625,93434.3515625,86256.9296875,87929.96875,123559027869,82420.69308035714,73914.20461309524,0.029882636380625716,87955.8125,6446.206715841125,81.68346276367701,0
1779,87250.4296875,91765.21875,86682.8125,90574.8828125,87616705248,84041.48883928571,74823.22247023809,-0.03680261786927608,90584.1640625,5941.4209960456865,78.39073210351283,2
1780,91066.0078125,91868.7421875,87124.8984375,87284.1796875,78243109518,86115.85044642857,75986.25074404762,0.04373133907381366,87250.4296875,5398.081988455481,82.61903137040895,0
1781,90558.4765625,91763.9453125,90094.2265625,91064.3671875,44333192814,88084.36607142857,77107.38318452382,-0.005573223886622736,91066.0078125,3657.595498710663,81.84145017265408,0
1782,89845.8515625,91433.0390625,88741.6640625,90558.4609375,46350159305,89423.17522321429,78151.02864583333,-0.007869224693816235,90558.4765625,1466.8090437534265,81.44040349398078,2
1783,90542.640625,92596.7890625,89393.59375,89843.71875,75535775084,89686.19754464286,79133.64211309524,0.007755383808848215,89845.8515625,1480.8371809797711,84.09984546230399,2
1784,92343.7890625,94002.8671875,90426.984375,90536.8125,74521048295,90313.05133928571,80068.08482142857,0.019892819836786257,90542.640625,1553.233887382984,84.21967357803078,2
1785,94339.4921875,94902.0234375,91619.5,92341.890625,71730956426,90849.52678571429,81115.70163690476,0.02161166598491282,92343.7890625,2183.2428295475493,81.91247142593167,2
1786,98504.7265625,99014.21875,94132.6015625,94334.640625,106024505582,92457.28348214286,82462.82254464286,0.044151545428309014,94339.4921875,3059.240321070372,84.03697777911651,2
1787,98997.6640625,99655.5,97222.6640625,98496.4296875,78473580551,93590.37723214286,83868.30803571429,0.005004201495724558,98504.7265625,3829.867884477819,83.96565189355188,0
1788,97777.28125,99014.6796875,97232.890625,99006.7421875,44414644677,94621.63504464286,85224.87983630953,-0.012327389984975179,98997.6640625,3849.2558356259124,80.84527013798564,1
1789,98013.8203125,98647.1796875,95788.078125,97778.09375,51712020623,95788.48772321429,86618.81808035714,0.002419161787646784,97777.28125,3368.1998094267906,78.67872164252069,0
1790,93102.296875,98935.03125,92642.9140625,98033.4453125,80909462490,96154.15290178571,87823.14136904762,-0.05011051933125821,98013.8203125,2793.7236821366155,58.07081289257714,0
1791,91985.3203125,94991.75,90770.8125,93087.28125,91656519855,96102.94308035714,88900.55840773809,-0.011997304040733403,93102.296875,2877.2465866364014,57.29057325571829,2
1792,95962.53125,97361.1796875,91778.6640625,91978.140625,71133452438,96334.80580357143,89868.34188988095,0.04323745271515378,91985.3203125,2775.035185829076,59.27819337288652,1
1793,95652.46875,96650.203125,94677.3515625,95954.9453125,52260008261,95927.34040178571,90808.70424107143,-0.0032310787967048116,95962.53125,2607.67307110562,66.18251286296865,2
1794,97461.5234375,98693.171875,95407.8828125,95653.953125,54968682476,95707.89174107143,91804.70647321429,0.018912786163713058,95652.46875,2359.006827647412,63.34973431839263,0
1795,96449.0546875,97499.34375,96144.21875,97468.8125,31634227866,95518.14508928571,92741.38206845238,-0.010388394458550332,97461.5234375,2213.7600859085196,62.04190873118796,2
1796,97279.7890625,97888.125,95770.1875,96461.3359375,36590695296,95413.28348214286,93541.64880952382,0.008613193542348574,96449.0546875,2089.7537845321417,65.12391340144052,0
1797,95865.3046875,98152.6015625,94482.8671875,97276.0078125,72680784305,95807.99888392857,93882.78311011905,-0.01454037255458307,97279.7890625,1824.6226830338549,60.52140244390215,1
1798,96002.1640625,96297.203125,93629.5625,95854.59375,67067810961,96381.83370535714,94265.94270833333,0.0014276215513644441,95865.3046875,718.2515173175445,57.74089799124663,2
1799,98768.53125,99207.328125,94660.5234375,95988.53125,77199817112,96782.69084821429,94655.67447916667,0.02881567529768403,96002.1640625,1117.3642296682642,59.0755887909834,0
1800,96593.5703125,103900.46875,91998.78125,98741.5390625,149218945580,96917.13392857143,95100.5859375,-0.022020788503929523,98768.53125,1010.1861976222226,45.73603685762015,2
1801,99920.7109375,102039.8828125,96514.875,97074.2265625,94534772658,97268.44642857143,95522.23846726191,0.03444474217316973,96593.5703125,1526.6536676523524,51.82819458241653,1
1802,99923.3359375,100563.3828125,99030.8828125,99916.7109375,44177510897,97764.77232142857,95968.18415178571,2.627082989481444e-05,99920.7109375,1762.417291751062,54.465921650018196,2
1803,101236.015625,101399.9921875,98771.515625,99921.9140625,44125751925,98329.94754464286,96510.57291666667,0.013136868131795154,99923.3359375,2168.5267019407825,56.41791072646203,0
1804,97432.71875,101272.5078125,94355.9140625,101237.0625,110676473908,98553.86383928571,96838.671875,-0.03756861480096407,101236.015625,1940.55979422632,59.02362153450437,0
1805,96675.4296875,98270.15625,94321.2578125,97441.234375,104823780634,98650.04464285714,97044.94047619047,-0.007772430783165474,97432.71875,1804.95714504636,59.92185924748208,2
1806,101173.03125,101913.359375,95747.2265625,96656.0625,85391409936,98993.54464285714,97370.34709821429,0.04652269534294651,96675.4296875,2044.2071962203336,60.78527258143807,0
1807,100043.0,102524.9140625,99339.953125,101167.8046875,72073983533,99486.3203125,97443.59821428571,-0.011169293200355757,101173.03125,1766.0871582207585,58.78964338935886,2
1808,101459.2578125,101888.8046875,99233.28125,100046.6484375,56894751583,99706.11272321429,97560.81696428571,0.014156490833941326,100043.0,1918.3330150488805,58.131162607997595,1
1809,101372.96875,102618.8828125,100634.0546875,101451.4375,40422968793,99913.203125,97732.04017857143,-0.0008504799301751742,101459.2578125,2021.1806527944802,60.40705444796596,2
1810,104298.6953125,105047.5390625,101227.03125,101373.53125,51145914137,100350.72879464286,98031.31994047618,0.02886101293644905,101372.96875,2603.002600289303,63.62809241898109,2
1811,106029.71875,107780.578125,103322.984375,104293.578125,91020417816,101578.87165178571,98646.91145833333,0.016596788984881483,104298.6953125,2995.3167715683708,69.49584967047011,1
1812,106140.6015625,108268.4453125,105291.734375,106030.6875,68589364868,102931.0390625,99320.97247023809,0.001045771070669721,106029.71875,2509.9360917241634,69.46542237080601,0
1813,100041.5390625,106470.609375,100041.5390625,106147.296875,93865656139,102769.39732142857,99515.2109375,-0.057462106019896764,106140.6015625,2673.1503736611944,52.16683160535567,0
1814,97490.953125,102748.1484375,95587.6796875,100070.6875,97221662392,102404.81919642857,99602.7578125,-0.025495268879325628,100041.5390625,3224.197777151894,51.508181456031586,1
1815,97755.9296875,98098.9140625,92175.1796875,97484.6953125,105634083408,101875.77232142857,99616.77715773809,0.002717960528709318,97490.953125,3677.2172676487503,45.94432959632985,0
1816,97224.7265625,99507.1015625,96426.5234375,97756.1953125,51765334294,101283.16629464286,99653.71391369047,-0.005433973434635808,97755.9296875,4083.5585563796935,45.04240241302223,0
1817,95104.9375,97360.265625,94202.1875,97218.3203125,43147981314,99969.77232142857,99550.14955357143,-0.021802983021374844,97224.7265625,4416.913941120268,39.06102857091881,1
1818,94686.2421875,96416.2109375,92403.1328125,95099.390625,65239002919,98349.27566964286,99494.00372023809,-0.004402456102765462,95104.9375,3870.0871383257827,44.42666015609518,2
1819,98676.09375,99404.0625,93448.015625,94684.34375,47114953674,97282.91741071429,99621.33370535714,0.04213760595334648,94686.2421875,1884.4830451015944,53.58902437007601,2
1820,99299.1953125,99478.75,97593.46875,98675.9140625,33700394629,97176.86830357143,99646.60342261905,0.0063146152104343045,98676.09375,1716.7952873158745,46.09576462629371,0
1821,95795.515625,99884.5703125,95137.8828125,99297.6953125,47054980873,96934.66294642857,99608.60081845238,-0.03528406928650052,99299.1953125,1783.4030322973047,41.94671373519332,0
1822,94164.859375,97294.84375,93310.7421875,95704.9765625,52419934565,96421.65290178571,99334.51264880953,-0.017022260795415023,95795.515625,2009.90198254457,36.28125856794126,2
1823,95163.9296875,95525.8984375,94014.2890625,94160.1875,24107436185,96127.25334821429,99107.87425595238,0.010609799867287384,94164.859375,2023.547980480399,38.71014207409945,0
1824,93530.2265625,95174.875,92881.7890625,95174.0546875,29635885267,95902.29464285714,98740.93191964286,-0.017167251608511402,95163.9296875,2232.8476614043425,29.45441276602341,0
1825,92643.2109375,94903.3203125,91317.1328125,93527.1953125,56188003691,95610.43303571429,98512.86011904762,-0.00948373223930199,93530.2265625,2531.804781656383,23.60940878291484,2
1826,93429.203125,96090.6015625,91914.03125,92643.25,43625106843,94860.87723214286,98358.27790178571,0.008484077565384274,92643.2109375,2231.8476540045617,25.590099571379483,2
1827,94419.7578125,94929.8671875,92788.125,93425.1015625,24519888919,94163.81473214286,98036.69345238095,0.010602195613021781,93429.203125,1078.6959535885526,36.569318107160555,2
1828,96886.875,97739.8203125,94201.5703125,94416.2890625,46009564411,94319.72321428571,97886.40178571429,0.026129247147606893,94419.7578125,1388.282331800283,48.55105216527023,2
1829,98107.4296875,98956.9140625,96034.6171875,96881.7265625,35611391163,94882.94754464286,97726.79092261905,0.012597729955682757,96886.875,1986.040994503947,50.80615625871252,1
1830,98236.2265625,98734.4296875,97562.9765625,98106.9921875,22342608078,95321.84709821429,97577.42224702382,0.0013128146911018934,98107.4296875,2362.3170994887696,52.363474792790704,1
1831,98314.9609375,98813.3046875,97291.765625,98233.90625,20525254825,96005.38058035714,97292.48251488095,0.0008014800420892421,98236.2265625,2448.1813874003738,58.29141043756001,2
1832,102078.0859375,102482.875,97926.1484375,98314.953125,51823432705,97353.21986607143,97104.30952380953,0.03827621924594227,98314.9609375,2852.4382289602227,66.280193402963,0
1833,96922.703125,102712.484375,96132.875,102248.8515625,58685738547,97852.29129464286,96665.36197916667,-0.05050430525956884,102078.0859375,2304.4288643328778,46.326821466705155,0
1834,95043.5234375,97258.3203125,92525.84375,96924.1640625,63875859171,97941.40066964286,96427.36123511905,-0.019388436629511285,96922.703125,2156.913757699496,41.53051667135185,0
1835,92484.0390625,95349.71875,91220.84375,95043.484375,62777261693,97312.42410714286,96188.93675595238,-0.026929603222076492,95043.5234375,2994.8609444313047,43.15226792988211,2
1836,94701.453125,95770.609375,92250.09375,92494.4921875,62058693684,96825.85602678571,96043.48549107143,0.023976181025154863,92484.0390625,3118.3074623347316,51.083321977095736,1
1837,94566.59375,94977.6875,93840.046875,94700.8359375,18860894100,96301.62276785714,95916.90773809524,-0.001424047578467369,94701.453125,3149.9848146946592,48.75044329935658,1
1838,94488.4375,95367.5390625,93712.5078125,94565.7265625,20885130965,95754.9765625,95887.55059523809,-0.0008264678561502592,94566.59375,3073.455756155014,52.143997119218554,1
1839,94516.5234375,95837.0,89260.1015625,94488.890625,72978998252,94674.75334821429,95879.46875,0.00029724205673309356,94488.4375,1294.904136483287,54.359087722768244,2
1840,96534.046875,97352.6640625,94322.15625,94519.0078125,53769675818,94619.23102678571,95777.46651785714,0.021345722040169157,94516.5234375,1186.224786078902,56.83315291324568,2
1841,100504.4921875,100697.234375,96501.640625,96534.046875,57805923627,95399.36941964286,95834.86160714286,0.041129999632577796,96534.046875,2537.674097627047,61.83853004176377,0
1842,99756.90625,100781.5859375,97364.4453125,100505.296875,54103781805,96438.35044642857,96023.49925595238,-0.0074383335632930425,100504.4921875,2632.215292394762,55.98438629105668,2
1843,104462.0390625,105884.2265625,99948.90625,100025.765625,71888972663,97832.71986607143,96513.84114583333,0.04716598568833419,99756.90625,3858.4160875188677,61.569019565452386,1
1844,104408.0703125,104913.203125,102226.6171875,104124.953125,50445655726,99238.64508928571,96954.03831845238,-0.000516635042589142,104462.0390625,4243.731097766898,61.26697970963562,0
1845,101089.609375,106299.796875,99570.53125,104411.2890625,76789928525,100181.66964285714,97314.00892857143,-0.03178356737719257,104408.0703125,3712.4127658917682,54.529475547298084,2
1846,102016.6640625,109114.8828125,99471.359375,101083.75,126279678351,101253.11830357143,97760.36383928571,0.009170622908047932,101089.609375,2766.747748722378,49.889500122277916,2
1847,106146.265625,107180.921875,100103.953125,102052.578125,88733878242,102626.29241071429,98365.93824404762,0.040479676535688514,102016.6640625,2394.55508365389,67.22938441466711,0
1848,103653.0703125,106294.34375,103360.265625,106136.3828125,53878181052,103076.08928571429,98805.61979166667,-0.023488299826845638,106146.265625,2218.8352936830743,65.72177185111465,1
1849,103960.171875,106820.328125,101257.8046875,103657.671875,104104515428,103676.55580357143,99142.44345238095,0.002962783076025932,103653.0703125,1672.3280225280453,72.83481617517897,2
1850,104819.484375,107098.546875,102772.125,103965.671875,52388229265,103727.61941964286,99462.06510416667,0.008265785680243276,103960.171875,1705.4391129912437,71.28276203879417,1
1851,104714.6484375,105243.7890625,104120.375,104824.03125,23888996502,103771.41629464286,99770.56138392857,-0.0010001569662844156,104819.484375,1729.5915273750738,71.37290997469708,0
1852,102682.5,105438.6484375,102507.7109375,104713.2109375,22543395879,103998.97209821429,99978.53943452382,-0.019406534499448846,104714.6484375,1389.2503941411153,65.94519731581173,0
1853,102087.6875,103214.109375,97795.9375,102680.3046875,89006608428,104009.11830357143,99978.99665178571,-0.005792734886665207,102682.5,1372.5185484028475,64.41512558193222,0
1854,101332.4765625,103730.8203125,100238.1875,102095.4140625,47180685494,103321.43415178571,100188.98586309524,-0.007397669160641884,102087.6875,1328.5009649032831,59.59729425239581,2
1855,103703.2109375,104750.8046875,101283.8203125,101317.5234375,47432049818,103328.59709821429,100601.35193452382,0.023395602825692086,101332.4765625,1330.7204000653176,56.83511558242618,2
1856,104735.3046875,106418.765625,103321.6484375,103709.3359375,41915744521,103439.33035714286,101184.74553571429,0.009952379879751394,103703.2109375,1421.2088316847114,60.51019475779224,0
1857,102405.0234375,106026.3515625,101543.8828125,104737.5625,45732764360,103094.40736607143,101551.58221726191,-0.022249243050878498,104735.3046875,1319.7960614035073,45.17332177708167,0
1858,100655.90625,102755.7265625,100297.7109375,102402.796875,27757944848,102514.58705357143,101841.54947916667,-0.017080384621634526,102405.0234375,1379.5491571645455,41.84452609553993,0
1859,97688.9765625,101430.6640625,96216.078125,100661.5390625,63091816853,101801.2265625,101993.95610119047,-0.02947596219670423,100655.90625,2277.2452211904183,42.493889486882445,2
1860,101405.421875,102514.171875,91242.890625,97681.1015625,115400897748,101703.76004464286,102321.99888392857,0.03804365081173988,97688.9765625,2277.5417380668205,48.798745176264596,0
1861,97871.8203125,101745.6171875,96208.109375,101398.71875,73002130211,101209.38058035714,102385.70238095238,-0.034846278405663456,101405.421875,2706.726544356009,33.34841593389231,0
1862,96615.4453125,99113.2109375,96174.828125,97878.0078125,49125911241,100196.84263392857,102200.50967261905,-0.012836943218062724,97871.8203125,2934.468471457716,35.095461476555556,1
1863,96593.296875,99168.609375,95707.3515625,96610.640625,45302471947,99033.69866071429,102049.86160714286,-0.00022924323774897726,96615.4453125,2400.840414239879,34.2075540332235,1
1864,96529.0859375,100154.140625,95653.8828125,96581.3203125,55741290456,98194.27901785714,101672.10193452382,-0.0006647556256734743,96593.296875,2023.1610972642118,31.600562470849127,1
1865,96482.453125,96877.8046875,95702.4921875,96533.2578125,22447526395,97598.07142857143,101294.69159226191,-0.00048309597099249757,96529.0859375,1776.7751585233611,31.682413416056647,1
1866,96500.09375,97325.28125,94745.2578125,96481.3125,27732901800,97428.23102678571,101076.14322916667,0.00018283765004545316,96482.453125,1822.8617925480662,34.88869912060734,2
1867,97437.5546875,98333.21875,95320.84375,96499.4609375,40078962391,96861.39285714286,100858.09040178571,0.009714611676219231,96500.09375,558.2490486585725,38.821195699738986,0
1868,95747.4296875,98492.8984375,94875.0390625,97438.1328125,37488783272,96557.90848214286,100362.90773809524,-0.017345724709743937,97437.5546875,490.7618128423374,37.15123982449569,2
1869,97885.859375,98151.0234375,94101.203125,95745.6953125,49340445530,96739.39620535714,100088.27864583333,0.02233406885677658,95747.4296875,704.1142749246727,36.472214319427685,0
1870,96623.8671875,98111.0859375,95269.7109375,97888.75,37147280860,96743.76339285714,99738.93080357143,-0.012892487184132717,97885.859375,703.1512291422812,31.33704915628242,2
1871,97508.96875,98819.46875,96342.8046875,96623.3671875,32697987277,96883.74665178571,99390.81101190476,0.009160278803397981,96623.8671875,749.3125233134023,37.93255501832179,1
1872,97580.3515625,97975.0390625,97240.1953125,97508.3828125,17047266288,97040.58928571429,99051.08258928571,0.0007320640697474623,97508.96875,766.0330899982628,41.736145951630746,0
1873,96175.03125,97725.59375,96060.9765625,97580.4921875,16536755396,96994.15178571429,98741.203125,-0.014401672980240199,97580.3515625,812.6910410330577,45.55946175960667,1
1874,95773.3828125,97032.234375,95243.546875,96179.0078125,27336550690,96756.41294642857,98440.52194940476,-0.004176223623530095,96175.03125,900.0771107492308,29.493117445760234,1
1875,95539.546875,96695.375,93388.8359375,95773.8125,37325720482,96726.71540178571,98164.66815476191,-0.0024415545387781457,95773.3828125,941.3974578305737,38.82186866965968,2
1876,96635.609375,96855.59375,95011.96875,95532.53125,28990872862,96548.10825892857,97828.11569940476,0.011472343504350446,95539.546875,791.4919476089995,50.09815069040131,2
1877,98333.9375,98767.1953125,96442.671875,96632.6796875,31668022771,96792.40401785714,97523.28869047618,0.017574558032842136,96635.609375,1042.787990355179,57.28412950202895,0
1878,96125.546875,99497.96875,94852.9609375,98340.671875,49608706470,96594.77232142857,97224.26599702382,-0.02245807176184722,98333.9375,1015.0752171283874,48.56823376598898,1
1879,96577.7578125,96950.15625,95765.34375,96134.203125,18353824477,96451.54464285714,97030.06845238095,0.0047043783073406065,96125.546875,919.02031681292,50.328683782975475,1
1880,96273.921875,96671.875,95270.453125,96577.8046875,16999478976,96465.671875,96962.68489583333,-0.0031460239332733453,96577.7578125,914.8117471831105,49.23508535337736,0
1881,91418.171875,96503.453125,91371.7421875,96277.9609375,44046480529,95843.49888392857,96487.1015625,-0.05043681513571874,96273.921875,2133.4471591345405,33.90747100244829,0
1882,88736.171875,92511.078125,86008.234375,91437.1171875,92139104128,94871.58816964286,96052.07068452382,-0.029337712021491935,91418.171875,3442.8432536985006,32.19976920657122,0
1883,84347.0234375,89286.25,82131.8984375,88638.890625,64597492134,93116.07589285714,95467.86011904762,-0.04946290046952739,88736.171875,5118.608966762326,19.15281130638695,1
1884,84704.2265625,87000.78125,83144.9609375,84076.859375,52659591954,91168.97433035714,94901.71391369047,0.004234922709094535,84347.0234375,5388.191478752698,21.674152330284116,1
1885,84373.0078125,85036.3203125,78248.9140625,84705.625,83610570576,89490.04017857143,94322.85305059524,-0.003910297790814532,84704.2265625,5417.278757050084,17.93970142446318,2
1886,86031.9140625,86522.3046875,83794.234375,84373.8671875,29190628396,87983.49107142857,93825.20833333333,0.019661575342751147,84373.0078125,4507.7067022348165,23.84137204144892,2
1887,94248.3515625,95043.4375,85040.2109375,86036.2578125,58398341092,87694.12388392857,93717.98251488095,0.09550452979612856,86031.9140625,3912.53580941239,46.66491041920852,0
1888,86065.671875,94429.75,85081.3046875,94248.421875,70072228536,86929.48102678571,93176.46428571429,-0.08682040111941614,94248.3515625,3571.6053900248457,36.76197448718361,2
1889,87222.1953125,88911.2734375,81529.2421875,86064.0703125,68095241474,86713.19866071429,92770.50074404762,0.013437685575495406,86065.671875,3488.84636547318,38.936365716670544,2
1890,90623.5625,90998.2421875,86379.7734375,87222.953125,50498988027,87609.84709821429,92424.67708333333,0.03899657851208138,87222.1953125,3584.6107412241226,42.46497358625357,0
1891,89961.7265625,92804.9375,87852.140625,90622.359375,47749810486,88360.91852678571,92107.43229166667,-0.007303133084179958,90623.5625,3421.4166967755614,39.227035637619096,0
1892,86742.671875,91191.046875,84717.6796875,89963.28125,65945677657,88699.44196428571,91594.75148809524,-0.0357824911826653,89961.7265625,3059.1299638565915,38.23262447370494,0
1893,86154.59375,86847.265625,85247.484375,86742.65625,18206118081,88716.96763392857,91050.66778273809,-0.006779571257010009,86742.671875,3041.60193806554,36.97236040813848,0
1894,80601.0390625,86471.1328125,80052.484375,86154.3046875,30899345977,86767.3515625,90309.04910714286,-0.0644603432710168,86154.59375,3270.400656579274,32.68333551719893,0
1895,78532.0,83955.9296875,77420.59375,80597.1484375,54061099422,85691.11272321429,89488.03087797618,-0.02567012890361897,80601.0390625,4534.93391034413,34.828033942494386,2
1896,82862.2109375,83577.7578125,76624.25,78523.875,54702837196,85068.2578125,88884.34821428571,0.05513944554449135,78532.0,4588.692391203453,43.34248372471754,2
1897,83722.359375,84358.578125,80635.25,82857.375,40353484454,84082.37165178571,88269.43154761905,0.010380466895202334,82862.2109375,3883.358060287916,49.23044880685253,0
1898,81066.703125,84301.6953125,79931.8515625,83724.921875,31412940153,82811.65401785714,87447.18229166667,-0.0317197970748182,83722.359375,2991.855564346952,45.75895073327962,2
1899,83969.1015625,85263.2890625,80797.5625,81066.9921875,29588112414,82415.4296875,86868.30394345238,0.03580259620308812,81066.703125,2532.950377627416,49.555716273021545,1
1900,84343.109375,84672.671875,83639.59375,83968.40625,13650491277,82156.64620535714,86285.70163690476,0.004454112352525463,83969.1015625,2151.001493492254,48.088332858438804,0
1901,82579.6875,85051.6015625,82017.90625,84333.3203125,21330270174,82439.31026785714,85633.59523809524,-0.020907717157540473,84343.109375,2039.6324055450887,34.531694001181876,2
1902,84075.6875,84725.328125,82492.15625,82576.3359375,25092785558,83231.265625,85283.953125,0.018115835083536647,82579.6875,1153.321724492785,46.79358490395029,0
1903,82718.5,84075.71875,81179.9921875,84075.71875,24095774594,83210.73549107143,84997.39732142857,-0.016142449028442418,84075.6875,1162.23081615659,42.78992548448592,2
1904,86854.2265625,87021.1875,82569.7265625,82718.8046875,34931960257,83658.14508928571,85116.78794642857,0.049997601050550955,82718.5,1812.7660066455776,44.10420733345081,0
1905,84167.1953125,87443.265625,83647.1953125,86872.953125,29028988961,84101.07254464286,85091.21502976191,-0.030937253791171848,86854.2265625,1407.5386986763276,41.47650355764329,1
1906,84043.2421875,84782.2734375,83171.0703125,84164.5390625,19030452299,84111.6640625,85075.51190476191,-0.0014727011460912154,84167.1953125,1406.6588000148088,45.63148383168455,1
1907,83832.484375,84513.875,83674.78125,84046.2578125,9863214091,84038.71763392857,84970.77715773809,-0.0025077306278807887,84043.2421875,1405.8959167911153,46.195644939489725,2
1908,86054.375,86094.78125,83794.9140625,83831.8984375,12594615537,84535.1015625,84580.58779761905,0.026503933905394295,83832.484375,1418.2493097112529,60.029149500674,2
1909,87498.9140625,88758.7265625,85541.1953125,86070.9296875,34582604933,85024.13392857143,84648.83742559524,0.016786352378946434,86054.375,1777.9970611081342,66.87862402225846,1
1910,87471.703125,88542.3984375,86346.078125,87512.8203125,30005840049,85703.16294642857,84660.71875,-0.0003109860024155253,87498.9140625,1654.0216446053566,60.353788741049904,0
1911,86900.8828125,88292.15625,85861.453125,87460.234375,26704046038,85709.828125,84483.44828869047,-0.00652577110204744,87471.703125,1659.518005428035,57.233583087058456,1
1912,87177.1015625,87786.7265625,85837.9375,86896.2578125,24413471941,86139.81473214286,84350.84709821429,0.003178549412391707,86900.8828125,1581.294618973933,65.59478144842879,0
1913,84353.1484375,87489.859375,83557.640625,87185.234375,34198619509,86184.08705357143,84237.06026785714,-0.032393289916566204,87177.1015625,1515.7943888890645,50.98409370811025,0
1914,82597.5859375,84567.3359375,81634.140625,84352.0703125,16969396135,86007.67299107143,84067.67894345238,-0.020812056603918605,84353.1484375,1866.4090934156675,45.82296210796394,1
1915,82334.5234375,83505.0,81573.25,82596.984375,14763760943,85476.265625,84150.22581845238,-0.0031848691098436133,82597.5859375,2324.291557592212,49.36793557579475,1
1916,82548.9140625,83870.125,81293.890625,82336.0625,29004228247,84769.12276785714,84341.50744047618,0.0026038970780313253,82334.5234375,2359.0927208730914,45.78525907154796,2
1917,85169.171875,85487.3671875,82429.359375,82551.921875,28175650319,84440.18973214286,84451.36272321429,0.0317418810684309,82548.9140625,2061.1740546542824,56.32419211241073,0
1918,82485.7109375,88466.953125,82343.5390625,85180.609375,47584398470,83809.45089285714,84392.47470238095,-0.031507420800550134,85169.171875,1847.1052776703332,37.813175901572606,2
1919,83102.828125,83909.296875,81282.1015625,82487.4765625,36852112080,83227.41183035714,84489.43303571429,0.007481504135517403,82485.7109375,1099.8216410068294,46.643051553585664,2
1920,83843.8046875,84696.1484375,81670.75,83100.25,45157640207,83154.6484375,84483.46651785714,0.008916382019940938,83102.828125,1027.3948866312533,49.39455115008719,1
1921,83504.796875,84207.015625,82377.734375,83844.703125,14380803631,83284.25,84443.546875,-0.004043325726492686,83843.8046875,1002.3265321920471,49.012898403655456,0
1922,78214.484375,83704.71875,77097.7421875,83504.5078125,36294853736,82695.67299107143,84235.68005952382,-0.06335339642726368,83504.796875,2175.7578581440825,30.068301658641076,2
1923,79235.3359375,81119.0625,74436.6796875,78221.3359375,91262424987,82222.3046875,84005.18712797618,0.013051950296130821,78214.484375,2542.550721522087,28.528579490323295,0
1924,76271.953125,80823.890625,76198.0234375,79218.4765625,48314590749,80951.2734375,83698.20870535714,-0.03739976334343409,79235.3359375,3005.589222773658,24.751880970496245,2
1925,82573.953125,83541.0,74589.671875,76273.5625,84213627038,80963.87946428571,83494.38616071429,0.0826253916648998,76271.953125,3013.272805432619,42.24857811686943,0
1926,79626.140625,82700.9296875,78456.1328125,82565.9765625,44718000633,80467.20982142857,83278.14546130953,-0.0356990599146636,82573.953125,2885.7857592508185,37.65462643520334,2
1927,83404.8359375,84247.4765625,78936.3203125,79625.046875,41656778779,80404.5,83247.74516369047,0.04745546227457886,79626.140625,2803.7856357101837,48.496502855534764,2
1928,85287.109375,85856.1875,82769.375,83404.515625,24258059104,80659.11607142857,83317.01302083333,0.022567917271733462,83404.8359375,3186.9920911674726,54.24702703542933,0
1929,83684.9765625,86015.1875,83027.0078125,85279.46875,28796984817,81440.61495535714,83204.18452380953,-0.01878516957885823,85287.109375,3158.215096542087,52.04597544422303,2
1930,84542.390625,85785.0,83690.640625,83694.5234375,34090769777,82198.765625,83063.39769345238,0.010245734631468162,83684.9765625,3177.5290522980135,52.9624541029464,0
1931,83668.9921875,86429.3515625,83598.8203125,84539.6953125,28040322885,83255.48549107143,82882.31622023809,-0.01033089354397465,84542.390625,1816.4987786335735,47.64853537220083,1
1932,84033.8671875,85428.28125,83100.6171875,83674.5078125,29617804112,83464.04464285714,82745.79166666667,0.004360934564412222,83668.9921875,1809.0015725735295,52.61687485737949,2
1933,84895.75,85449.0703125,83749.75,84030.671875,21276866029,84216.84598214286,82637.15587797618,0.01025637449930672,84033.8671875,705.7176160733301,53.00573501375995,0
1934,84450.8046875,85095.046875,84298.8828125,84900.1875,12728372364,84366.27008928571,82641.80617559524,-0.005241078764249063,84895.75,609.276557137097,51.027803720391255,2
1935,85063.4140625,85597.703125,84353.4609375,84450.8671875,15259300427,84334.31361607143,82759.2265625,0.007254038339443714,84450.8046875,556.5105201870389,52.614902597325994,1
1936,85174.3046875,85306.3828125,83976.84375,85066.0703125,14664050812,84547.07477678571,82894.45424107143,0.0013036230231544543,85063.4140625,551.5582418404758,64.1326685206543,2
1937,87518.90625,88460.09375,85143.8359375,85171.5390625,41396190190,84972.29129464286,83131.12053571429,0.027527099529631727,85174.3046875,1251.0925704727654,65.96253468244205,2
1938,93441.890625,93817.3828125,87084.53125,87521.875,55899038456,86368.41964285714,83525.05952380953,0.06767662701452015,87518.90625,3311.160406379451,79.69907844090082,1
1939,93699.109375,94535.734375,91962.9609375,93427.5859375,41719568821,87749.16852678571,84059.03087797618,0.0027527134594511615,93441.890625,4097.281697245405,74.33139163353611,1
1940,93943.796875,94016.1953125,91696.7109375,93692.3984375,31483175315,89041.74665178571,84575.26748511905,0.0026114175645013393,93699.109375,4458.370768535526,85.51250977598747,2
1941,94720.5,95768.390625,92898.59375,93954.25,40915232364,90508.84598214286,85093.20535714286,0.008267742531563593,93943.796875,4384.960049473469,82.97755011618604,1
1942,94646.9296875,95251.359375,93927.25,94714.6484375,17612825123,91877.91964285714,85623.78311011905,-0.0007767095032226168,94720.5,3866.9048120928,80.49215767818612,0
1943,93754.84375,95301.203125,93665.3984375,94660.90625,18090367764,93103.7109375,86363.80022321429,-0.00942540809771053,94646.9296875,2509.4540409835413,84.3966339443876,2
1944,94978.75,95598.4921875,92860.8046875,93755.3046875,32363449569,94169.40290178571,87113.48660714286,0.013054325526514532,93754.84375,599.9986183360281,84.7777572976187,0
1945,94284.7890625,95485.4140625,93796.6328125,94981.859375,25806129921,94289.81696428571,87971.24069940476,-0.007306486319308303,94978.75,507.03929501030416,85.80388808962948,1
1946,94207.3125,95249.3203125,92979.640625,94286.46875,28344679831,94362.41741071429,88525.21019345238,-0.0008217291810309613,94284.7890625,440.3613737495162,84.99029719964983,2
1947,96492.3359375,97437.9609375,94153.6328125,94212.859375,32875889623,94726.49441964286,89328.36235119047,0.02425526614507767,94207.3125,875.3051025932563,86.32864488623153,1
1948,96910.0703125,97905.8984375,96375.9453125,96494.96875,26421924677,95039.29017857143,89971.46875,0.0043291974532626565,96492.3359375,1202.7768963894487,89.09781993663097,0
1949,95891.796875,96943.8828125,95821.2890625,96904.6328125,15775154889,95217.12834821429,90476.45386904762,-0.010507405827035687,96910.0703125,1226.8842369567724,83.13637661153473,0
1950,94315.9765625,96318.921875,94173.4296875,95877.1875,18198688416,95297.29017857143,90982.69196428571,-0.016433317174712747,95891.796875,1129.917876570094,75.67301675619746,1
1951,94748.0546875,95193.1875,93566.265625,94319.5625,25816260327,95264.33370535714,91468.67596726191,0.0045811763897039,94315.9765625,1144.0334582925625,72.74529709480535,2
1952,96802.4765625,96889.1796875,93399.859375,94748.3828125,26551275827,95624.00334821429,92094.07998511905,0.02168299794413664,94748.0546875,1179.9516444778806,63.9757001414611,1
1953,97032.3203125,97625.8046875,95829.3359375,96800.1953125,76983822462,96027.57589285714,92713.05394345238,0.0023743581586117557,96802.4765625,1094.6813402988844,63.893489467154254,2
1954,103241.4609375,103969.5390625,96913.875,97034.25,69895404397,96991.73660714286,93586.65922619047,0.06399043746457878,97032.3203125,2958.233081255747,75.88430913247075,1
1955,102970.8515625,104297.4921875,102343.09375,103239.125,58198593958,97857.5625,94468.56622023809,-0.002621130818400763,103241.4609375,3719.373215716117,73.63463221289958,2
1956,104696.328125,104961.765625,102830.484375,102973.7109375,42276713994,99115.35267857143,95403.46688988095,0.016756941758927724,102970.8515625,4374.788576887573,76.29926858958868,0
1957,104106.359375,104937.9921875,103364.7421875,104701.0703125,46285517406,100513.97879464286,96304.99330357143,-0.005635047193781384,104696.328125,4143.583437219071,77.5251591480748,0
1958,102812.953125,105747.453125,100814.40625,104106.9609375,63250475404,101666.10714285714,97033.28125,-0.01242389281274392,104106.359375,3310.672294619741,70.75479742724278,2
1959,104169.8125,104997.421875,101515.09375,102812.4921875,52608876410,102718.58370535714,97544.13467261905,0.013197358248725033,102812.953125,2602.0183174187528,75.29933516620845,0
1960,103539.4140625,104303.5625,102618.296875,104167.328125,45956071155,103648.16852678571,98012.72061011905,-0.006051642240404331,104169.8125,696.9303487132343,73.22683099744536,1
1961,103744.640625,104153.6171875,101440.8125,103538.828125,50408241840,103720.05133928571,98479.42745535714,0.00198211052629782,103539.4140625,673.5474862208229,70.1349349401458,1
1962,103489.2890625,104533.484375,103137.4765625,103735.65625,44386499364,103794.11383928571,98896.98883928571,-0.0024613470244020386,103744.640625,602.1560488049438,68.43241113640343,1
1963,103191.0859375,103716.9453125,102659.1796875,103489.2890625,37898552742,103579.07924107143,99303.85342261905,-0.0028814878109744146,103489.2890625,483.3087913288931,71.30954721468677,2
1964,106446.0078125,106597.171875,103142.6015625,103186.953125,49887082058,103913.31473214286,99908.19456845238,0.03154266519659865,103191.0859375,1194.4863523882575,82.25058949233036,0
1965,105606.1796875,107068.71875,102112.6875,106430.53125,61761126647,104312.34709821429,100414.26264880953,-0.007889709931436006,106446.0078125,1231.6110156109855,78.25626954786391,2
1966,106791.0859375,107307.1171875,104206.515625,105605.40625,36515726122,104686.81473214286,101009.80059523809,0.011220046530480143,105606.1796875,1540.748855931295,77.22561274248845,2
1967,109678.078125,110724.4609375,106127.234375,106791.3125,78086364051,105563.76674107143,101746.50372023809,0.027034018449719976,106791.0859375,2325.8084759482044,80.1070990805996,2
1968,111673.28125,111970.171875,109285.0703125,109673.4921875,70157575642,106696.4296875,102469.40587797618,0.018191448638679386,109678.078125,3095.501592577713,75.11361092638106,0
1969,107287.796875,111798.90625,106841.3046875,111679.359375,67548133399,107239.07366071429,102963.58333333333,-0.03927066820202352,111673.28125,2753.649319484166,60.32652023838669,1
1970,107791.15625,109454.5234375,106895.2890625,107278.5078125,45903627163,107896.2265625,103530.21949404762,0.004691674073487251,107287.796875,2097.2660168258726,57.862832634790685,2
1971,109035.390625,109313.3046875,106683.375,107802.2734375,47518041841,108266.13839285714,104231.14397321429,0.011543009819045436,107791.15625,2025.992163310336,62.119947748578454,1
1972,109440.3671875,110376.8828125,108735.640625,109023.78125,45950461571,108813.87946428571,104930.77790178571,0.003714175371671846,109035.390625,1674.8709628617896,67.04060655318168,1
1973,108994.640625,110744.2109375,107609.5546875,109440.40625,57450176272,109128.67299107143,105511.35714285714,-0.004072780217708405,109440.3671875,1418.8300724598935,63.0155838506594,0
1974,107802.328125,109298.2890625,106812.9296875,108992.171875,49155377493,108860.70870535714,106024.21465773809,-0.010939184653144474,108994.640625,1473.8375838117984,61.16137377929218,0
1975,105641.7578125,108910.046875,105374.3984375,107795.5703125,56022752042,107999.0625,106138.51450892857,-0.020041963379443528,107802.328125,1309.4034640526256,54.50577344493657,0
1976,103998.5703125,106308.9453125,103685.7890625,105646.2109375,57655287183,107529.17299107143,106187.45349702382,-0.015554336978341854,105641.7578125,2009.962291883906,51.13476688433135,2
1977,104638.09375,104927.1015625,103136.1171875,103994.71875,38997843858,107078.73549107143,106184.68043154762,0.006149348357177731,103998.5703125,2277.0279184762603,53.175877752960645,2
1978,105652.1015625,105884.546875,103826.953125,104637.296875,37397056873,106595.40848214286,106258.28720238095,0.009690618169351017,104638.09375,2147.893810194239,48.06744359415174,1
1979,105881.53125,105958.3125,103727.546875,105649.8125,45819706290,106087.00334821429,106404.40997023809,0.0021715582000447764,105652.1015625,1745.8134267046535,50.6907996733867,1
1980,105432.46875,106813.578125,104920.84375,105888.4765625,46196508367,105578.12165178571,106464.53645833333,-0.004241178746647534,105881.53125,1186.6285620304056,46.46084138126968,0
1981,104731.984375,105997.6953125,104232.703125,105434.3671875,44544857105,105139.50111607143,106521.32552083333,-0.0066439151364365845,105432.46875,691.696236385991,35.45913398818908,0
1982,101575.953125,105936.6875,100436.8828125,104750.78125,57479298400,104558.671875,106418.0546875,-0.030134359325224014,104731.984375,1469.4520716443246,22.211825655306228,2
1983,104390.34375,105376.7734375,101169.5703125,101574.3671875,48856653697,104614.63950892857,106460.96205357143,0.027707252931573167,101575.953125,1451.9200110070929,41.27131018134542,2
1984,105615.625,105972.7578125,103987.3125,104390.6484375,38365033776,104754.28683035714,106576.41629464286,0.011737496074678777,104390.34375,1500.7410692395354,43.719314706386506,1
1985,105793.6484375,106497.0625,105075.328125,105617.5078125,36626232328,104774.5078125,106545.3515625,0.0016855786016509722,105615.625,1515.7331329388355,40.02725457066841,2
1986,110294.1015625,110561.421875,105400.234375,105793.0234375,55903193732,105404.875,106768.5859375,0.04253991795791734,105793.6484375,2589.8377142870327,52.09778369549942,1
1987,110257.234375,110380.125,108367.7109375,110295.6875,54700101509,106094.12723214286,106933.640625,-0.0003342625487465778,110294.1015625,3174.4476141678633,53.16604186387657,0
1988,108686.625,110384.21875,108086.328125,110261.796875,50842662052,106659.07589285714,106886.42857142857,-0.014244955298426398,110257.234375,3242.7906839366074,52.17614990460239,0
1989,105929.0546875,108780.6953125,105785.6875,108685.9140625,54843867968,107280.94754464286,106612.89397321429,-0.025371753999169577,108686.625,2418.052658203088,50.68682273048175,1
1990,106090.96875,106182.546875,102822.0234375,105924.59375,69550440846,107523.89397321429,106555.90215773809,0.0015285141831733462,105929.0546875,2149.7740350660624,55.383442137047254,0
1991,105472.40625,106203.7578125,104379.3671875,106108.0859375,38007870453,107503.43415178571,106445.48549107143,-0.0058304915798971235,106090.96875,2171.5336970822295,52.148884589009114,1
1992,105552.0234375,106157.1015625,104519.8828125,105464.84375,36744307742,107468.91629464286,106279.61086309524,0.0007548627203146641,105472.40625,2204.9054324091035,49.72920089530708,2
1993,106796.7578125,108915.375,104997.625,105555.59375,50366626945,106969.29575892857,106153.72470238095,0.011792615001237072,105552.0234375,1820.8252828799725,52.3475050507358,0
1994,104601.1171875,107750.1953125,103396.53125,106794.1171875,55964092176,106161.27901785714,105944.50930059524,-0.020559056941174436,106796.7578125,1298.7122012982659,48.042974271565946,1
1995,104883.328125,105581.8515625,103602.265625,104602.0703125,47318089133,105617.95089285714,105805.50930059524,0.0026979724986506692,104601.1171875,742.6605646729455,50.36342433824953,1
1996,104684.2890625,105250.890625,103940.7734375,104886.7734375,37333806920,105440.12723214286,105759.91555059524,-0.0018977187896134229,104883.328125,802.3775449850614,58.69955468754441,0
1997,103309.6015625,106539.3828125,102372.2109375,104681.03125,50951862476,105042.7890625,105727.10751488095,-0.013131746055793259,104684.2890625,1070.3005768187527,46.710111694722336,0
1998,102257.40625,104015.78125,100973.0625,103315.078125,38360555118,104583.50334821429,105613.74144345238,-0.010184874363913243,103309.6015625,1470.2858487029448,39.66837029003899,0
1999,100987.140625,103351.6328125,98286.203125,102212.03125,65536997201,103931.37723214286,105391.60044642857,-0.012422235919953284,102257.40625,1914.39099263595,36.14389397854762,2
2000,105577.7734375,106116.859375,99705.75,100987.4765625,65237759656,103757.23660714286,105377.13578869047,0.04545759771084712,100987.140625,1647.083135420129,36.47418783288568,1
2001,106045.6328125,106316.828125,104740.2421875,105571.515625,48822986421,103963.59598214286,105406.33407738095,0.004431419225533917,105577.7734375,1848.595437404174,38.21305769793365,2
2002,107361.2578125,108168.3984375,105881.390625,106047.40625,51624120283,104317.5859375,105531.53757440476,0.012406215749838134,106045.6328125,2248.1424564350486,46.237008967012414,1
2003,106960.0,108305.546875,106666.3515625,107375.0703125,43891990613,104642.6875,105787.92075892857,-0.003737454466123835,107361.2578125,2464.1736525925876,53.37920855008059,1
2004,107088.4296875,107772.46875,106449.9921875,106954.921875,45353692675,105182.52008928571,105916.40104166667,0.0012007263229245613,106960.0,2536.3199358047154,53.27664676682799,1
2005,107327.703125,107567.8828125,106883.9765625,107090.546875,30037708335,105906.84821428571,105997.92857142857,0.002234353778444831,107088.4296875,2271.947532985648,56.25038163759905,2
2006,108385.5703125,108526.3046875,107230.109375,107327.8203125,35534874438,106963.76674107143,106121.35342261905,0.009856422495764683,107327.703125,921.1837154896243,58.9557435242014,0
2007,107135.3359375,108798.7890625,106759.6484375,108383.4375,42064804590,107186.27566964286,105970.93601190476,-0.011535062936840146,108385.5703125,689.6090214341642,51.06974232188733,0
2008,105698.28125,107550.6796875,105270.2265625,107144.3828125,44110692247,107136.65401785714,105753.84300595238,-0.013413452013053329,107135.3359375,790.4838941766267,53.64103936212522,2
2009,108859.3203125,109763.65625,105157.3984375,105703.1015625,56248657737,107350.66294642857,105762.06659226191,0.02990624847553991,105698.28125,1028.4067182855256,61.07798847114456,2
2010,109647.9765625,110541.4609375,108605.796875,108845.015625,50494742270,107734.65959821429,105939.15811011905,0.007244728772290987,108859.3203125,1319.0009212838602,63.38998267642856,0
2011,108034.3359375,109751.984375,107296.3828125,109635.65625,42616442656,107869.7890625,106031.69940476191,-0.014716556343200904,109647.9765625,1289.8936382563475,62.583164244493304,1
2012,108231.1796875,108381.34375,107842.2734375,108015.8359375,30615537520,107998.85714285714,106163.06956845238,0.0018220480395592098,108034.3359375,1271.6845535691716,66.66912278605906,2
2013,109232.0703125,109731.625,107847.015625,108231.1875,36746020463,108119.78571428571,106338.30989583333,0.009247710575546852,108231.1796875,1352.2814816209593,73.35766148719563,0
2014,108299.8515625,109710.25,107527.0546875,109235.328125,45415696597,108286.14508928571,106409.88578869047,-0.008534295352390808,109232.0703125,1280.7254121744943,59.728037327859525,2
2015,108950.2734375,109198.96875,107499.5546875,108298.2265625,44282204127,108750.71540178571,106616.98846726191,0.006005750382996888,108299.8515625,588.0467206159353,60.24676414203049,2
2016,111326.5546875,111925.375,108357.6796875,108950.2734375,57927418065,109103.17745535714,106923.80877976191,0.021810695604753683,108950.2734375,1142.2448787735937,63.014534612398364,2
2017,115987.203125,116608.78125,110660.75,111329.1953125,95911605728,110008.78125,107462.04278273809,0.041864660687494615,111326.5546875,2862.997144647731,73.15439281042399,2
2018,117516.9921875,118856.4765625,115245.6875,115986.234375,86928361085,111363.44642857143,108138.58519345238,0.013189291760499877,115987.203125,3847.282349686879,74.95485208308563,1
2019,117435.2265625,118219.8984375,116977.0234375,117530.7109375,45524560304,112678.31026785714,108861.33854166667,-0.0006957770402219454,117516.9921875,4158.582280773813,74.37033342236853,2
2020,119116.1171875,119449.5703125,117265.4375,117432.203125,49021091807,114090.31696428571,109724.62313988095,0.014313342548076147,117435.2265625,4460.479930179162,75.11788036258727,2
2021,119849.703125,123091.609375,118959.1953125,119115.7890625,181746419401,115740.29575892857,110404.23883928571,0.006158578325259345,119116.1171875,4081.6523709714847,80.49926592870982,0
2022,117777.1875,119935.5625,115765.6875,119853.8515625,98321661181,117001.28348214286,110962.88430059524,-0.01729262210051885,119849.703125,2795.0316348064453,78.11769823695613,2
2023,118738.5078125,120065.515625,117064.8203125,117777.1875,72162029070,118060.13392857143,111504.65811011905,0.00816219450392297,117777.1875,1280.6549524453967,75.62100550618129,1
2024,119289.84375,120999.609375,117508.21875,118738.5078125,72363841798,118531.93973214286,112091.79352678571,0.004643278306736054,118738.5078125,957.2009330922068,75.31717263718028,0
2025,118003.2265625,120851.9140625,116925.984375,119284.109375,77945799785,118601.40178571429,112611.54575892857,-0.01078563897020779,119289.84375,886.2887055063223,76.6332461712118,1
2026,117939.9765625,118541.3984375,117388.4140625,117998.125,47564562765,118673.50892857143,113116.89211309524,-0.0005360022928398989,118003.2265625,791.0087032134609,76.12485683869568,0
2027,117300.7890625,118865.03125,116550.1328125,117944.109375,57515447231,118414.17633928571,113541.42633928571,-0.00541960002562214,117939.9765625,910.2978109875164,72.142686238979,1
2028,117439.5390625,119671.5625,116584.3984375,117306.46875,69820091744,118069.8671875,114032.10267857143,0.0011828564931994912,117300.7890625,710.7732588414417,76.22374330553481,2
2029,119995.4140625,120269.96875,116233.2265625,117426.5,79217583118,118386.75669642857,114712.91852678571,0.02176332622218302,117439.5390625,995.852097048002,78.56726606726606,0
2030,118754.9609375,120113.3515625,117391.390625,119997.4453125,66608604537,118389.10714285714,115184.13950892857,-0.010337504434577038,119995.4140625,996.839609170404,70.41221320294743,1
2031,118368.0,119535.453125,117247.96875,118770.984375,72627318560,118257.41517857143,115599.37872023809,-0.0032584822936673197,118754.9609375,915.5922400552265,58.55030206716519,0
2032,117635.8828125,118486.9765625,114759.8203125,118368.0,104857024569,118204.9375,116056.59523809524,-0.006185093838706357,118368.0,942.7148899669396,50.452929607512594,1
2033,117947.3671875,118335.6875,117181.2265625,117644.84375,48508954046,118205.99330357143,116519.27083333333,0.002647868724685587,117635.8828125,942.372763031742,51.9175057741044,2
2034,119448.4921875,119815.59375,117859.6875,117944.7265625,54683390892,118512.80803571429,117005.76711309524,0.012727075099638885,117947.3671875,948.1438310822531,51.26142559118948,0
2035,117924.4765625,119819.7890625,117441.4375,119457.5234375,64822943193,118582.08482142857,117464.08258928571,-0.012758768211219684,119448.4921875,871.2532227347267,43.106962100025676,1
2036,117922.1484375,119273.8671875,116987.3671875,117938.5859375,68463107433,118285.90401785714,117891.31473214286,-1.9742508661990676e-05,117924.4765625,629.609412928476,50.60934479753201,1
2037,117831.1875,118780.7265625,115800.828125,117921.9921875,68896148592,118153.93638392857,118201.05915178571,-0.0007713643170961237,117922.1484375,611.458992901796,45.884967448096596,0
2038,115758.203125,118919.984375,115505.21875,117833.6328125,69370346018,117781.10825892857,118190.15438988095,-0.017592832754910526,117831.1875,1077.3425283752479,35.9253553454694,0
2039,113320.0859375,116060.7734375,112724.4453125,115738.953125,91294530181,117164.56584821429,117990.30171130953,-0.021062154747402473,115758.203125,2007.600535182998,32.90526289373031,0
2040,112526.9140625,114021.6015625,112005.765625,113320.390625,56870866000,116390.21540178571,117756.57254464286,-0.006999393518263508,113320.0859375,2610.2511151472004,31.24051022242631,2
2041,114217.671875,114747.421875,111943.8046875,112525.8046875,48099615826,115642.95535714286,117523.31324404762,0.015025363723748075,112526.9140625,2321.586051325823,40.04103314701021,2
2042,115071.8828125,115729.46875,114130.40625,114223.921875,35783028986,115235.44196428571,117295.79799107143,0.007478798363486527,114217.671875,2093.5171938434096,42.689965381899015,0
2043,114141.4453125,115117.4375,112701.109375,115072.1875,61039182286,114695.34151785714,117122.66741071429,-0.008085706753543476,115071.8828125,1743.2423335453186,29.90967628460872,2
2044,115028.0,115737.8359375,113372.25,114140.9140625,56379133510,114294.88616071429,116945.9765625,0.007767158415357134,114141.4453125,1109.6503346666977,36.89095484650318,2
2045,117496.8984375,117676.90625,114279.7109375,115030.0546875,64051649681,114543.27120535714,116860.59821428571,0.021463456180234486,115028.0,1584.7009897380437,47.32744433583872,0
2046,116688.7265625,117689.203125,115917.4609375,117505.5,59713005166,115024.50558035714,116798.00297619047,-0.0068782400705657,117496.8984375,1660.991379943523,47.10760521659799,1
2047,116500.359375,117906.609375,116363.8359375,116678.2734375,54004312429,115592.140625,116729.44977678571,-0.0016142706587778388,116688.7265625,1306.2713099521193,45.54769609613017,2
2048,119306.7578125,119320.7109375,116485.1640625,116497.71875,64755458694,116319.15290178571,116824.97209821429,0.02408918266480664,116500.359375,1753.4469368451332,49.59632199540027,1
2049,118731.4453125,122321.09375,118159.03125,119306.8125,90528784177,116841.94754464286,116886.49144345238,-0.004822128356753663,119306.7578125,1861.7970391959407,52.42965223879333,2
2050,120172.90625,120302.46875,118228.71875,118717.6640625,72803657984,117703.58482142857,116894.94345238095,0.012140515376580119,118731.4453125,1798.3034275261364,56.23623565553456,2
2051,123344.0625,123682.453125,118939.6328125,120168.9765625,90904808795,118891.59375,117113.47209821429,0.026388279596092357,120172.90625,2386.7707999848353,63.047607213859706,0
2052,118359.578125,124457.1171875,117254.8828125,123339.3984375,104055627395,119014.83370535714,117113.07105654762,-0.040411222672351976,123344.0625,2324.2058899877115,55.411076443057716,0
2053,117398.3515625,119332.3125,116864.5703125,118365.78125,68665353159,119116.20870535714,117101.76004464286,-0.008121240187970669,118359.578125,2218.929920707713,59.03846513454383,1
2054,117491.3515625,117996.0625,117271.953125,117398.421875,48036922378,119257.77901785714,117080.04501488095,0.0007921746665282559,117398.3515625,2049.3534712182786,61.35484479667893,1
2055,117453.0625,118595.7734375,117279.5234375,117492.7890625,45852169525,118992.96540178571,116985.02455357143,-0.00032588834829794244,117491.3515625,2158.812054837485,58.005234630521684,0
2056,116252.3125,117614.171875,114723.6796875,117453.90625,72787808090,118638.80357142857,116905.39769345238,-0.01022323279139703,117453.0625,2398.8743292449376,52.87146181817629,0
2057,112831.1796875,116764.5,112730.3984375,116241.859375,71657600353,117589.98549107143,116662.97061011905,-0.029428514056440758,116252.3125,3114.548572801765,47.157183605861576,2
2058,114274.7421875,114625.796875,112387.9609375,112828.0234375,67993811526,116294.36830357143,116493.61607142857,0.012794003430595335,112831.1796875,2013.8497765649117,48.40426429859755,0
2059,112419.03125,114802.6484375,111986.234375,114275.6875,57817883700,115445.71875,116334.60788690476,-0.01623902974513114,114274.7421875,2237.7536636189857,38.95588757542237,2
2060,116874.0859375,117377.3984375,111678.9453125,112433.734375,82528088240,115370.82366071429,116503.84598214286,0.03962900798880531,112419.03125,2169.2334189494286,50.34795019411063,0
2061,115374.328125,116996.25,114536.109375,116866.3671875,55377142586,115068.39174107143,116639.43712797618,-0.012832252765613172,116874.0859375,1961.9955824027604,47.98543799238187,0
2062,113458.4296875,115615.0859375,111060.546875,115387.390625,73961489632,114497.72991071429,116603.28273809524,-0.016605933647771742,115374.328125,1718.6379638767955,39.192497264146304,0
2063,110124.3515625,113637.84375,109324.28125,113456.8984375,85706860190,113622.30691964286,116367.68601190476,-0.029385900493979156,113458.4296875,2175.8377285618576,35.5661053686309,2
2064,111802.65625,112397.015625,108762.0390625,110124.1015625,69396320317,113475.375,116256.31510416667,0.015240086898922645,110124.3515625,2270.820052507579,36.073910470979335,0
2065,111222.0625,112619.4140625,110398.265625,111795.7109375,62137056409,113039.27790178571,116075.07998511905,-0.005193022862549412,111802.65625,2382.1176445175242,27.92937701060221,2
2066,112544.8046875,113450.078125,110900.921875,111219.0546875,58860155962,113057.24553571429,115839.26599702382,0.01189280397942638,111222.0625,2377.1286893169413,37.78414154613968,0
2067,108410.8359375,112619.0546875,107559.625,112550.5234375,77843379644,111848.20982142857,115445.08072916667,-0.036731759955323295,112544.8046875,2261.744342544232,33.339695828327336,1
2068,108808.0703125,108929.3515625,107444.4453125,108409.40625,51486264208,110910.17299107143,115078.78125,0.003664157476186425,108410.8359375,1886.0218761281967,34.08319027021888,0
2069,108236.7109375,109491.0,108104.65625,108818.4609375,47986191770,110164.21316964286,114551.63616071429,-0.00525107534173741,108808.0703125,1736.90653548659,33.429877076685415,2
2070,109250.59375,109890.5859375,107271.1796875,108228.75,66870372995,110039.390625,114100.16703869047,0.009367272930950854,108236.7109375,1771.3042605550388,37.32641736759639,2
2071,111200.5859375,111748.015625,108454.03125,109243.0703125,74776999491,109953.38058035714,113672.91369047618,0.017848801737061493,109250.59375,1683.874376538201,46.88248512161707,1
2072,111723.2109375,112600.2265625,110582.9609375,111190.6953125,61119643565,110024.97321428571,113119.53980654762,0.004699840343410866,111200.5859375,1755.9168848485583,44.94369880548453,0
2073,110723.6015625,112208.328125,109347.2265625,111718.1484375,60131132901,109764.80133928571,112755.921875,-0.008947195185422974,111723.2109375,1423.8544941295308,46.52221000361216,1
2074,110650.984375,113357.4921875,110233.3984375,110723.015625,60241647677,110084.82254464286,112434.61867559524,-0.0006558419928113235,110723.6015625,1316.52147615888,34.43653746432773,1
2075,110224.6953125,111275.015625,110024.0859375,110650.5703125,21500719036,110287.19754464286,112088.58742559524,-0.0038525555367432407,110650.984375,1190.3886919585757,36.39045496533984,2
2076,111167.6171875,111591.078125,110211.625,110221.328125,24618007520,110705.8984375,111789.28050595238,0.008554542812086785,110224.6953125,800.5853884667783,43.6175621953789,2
2077,112071.4296875,112869.234375,110630.609375,111163.015625,40212813407,111108.875,111590.19084821429,0.008130177859939192,111167.6171875,639.7466786623272,56.274439311958155,1
2078,111530.546875,113225.4375,110776.703125,112077.578125,45984480722,111156.01227678571,111528.25595238095,-0.004826232823193166,112071.4296875,659.4818283099829,49.05376505336732,2
2079,113955.359375,114275.25,110940.078125,111531.25,56377473784,111474.890625,111513.04724702382,0.02174124101370767,111530.546875,1252.4871083882706,58.42427108535853,2
2080,115507.5390625,115522.546875,113453.8359375,113961.4296875,45685065332,112158.31026785714,111660.11904761905,0.013620945043858246,113955.359375,1907.9100715797565,59.004074306228276,2
2081,116101.578125,116769.3828125,114794.484375,115507.7890625,54785725894,112936.96651785714,111623.33296130953,0.005142859655061782,115507.5390625,2268.4031168667557,79.78078001220982,1
2082,115950.5078125,116334.6328125,115248.2734375,116093.5625,34549454947,113754.93973214286,111650.77008928571,-0.0013011908618274504,116101.578125,2156.9797940543685,78.1951075089745,1
2083,115407.65625,116181.5,115222.3984375,115950.2890625,32798036057,114360.65959821429,111743.59040178571,-0.004681752350561785,115950.5078125,1887.8704509340714,78.37149969924783,1
2084,115444.875,116747.8828125,114461.0625,115399.6328125,52937859416,114842.58035714286,111996.94866071429,0.0003224981011604733,115407.65625,1617.2788445007304,76.55999807047846,2
2085,116843.1875,117005.2734375,114813.09375,115423.7578125,45781744593,115601.52901785714,112236.97395833333,0.012112382641498831,115444.875,884.532534848699,75.39597871423217,1
2086,116468.5078125,117328.609375,114794.9765625,116840.5078125,60528025996,115960.55022321429,112486.8046875,-0.0032066883445814875,116843.1875,552.8548614931046,71.6456908754239,2
2087,117137.203125,117911.7890625,116188.796875,116461.265625,49457272032,116193.359375,112705.49032738095,0.005741425944741474,116468.5078125,662.5434852046377,80.16637159556666,0
2088,115688.859375,117479.7578125,115141.8203125,117137.671875,38828473971,116134.39955357143,113052.06287202382,-0.012364506846338497,117137.203125,689.8726750967317,70.98046437295596,1
2089,115721.9609375,116191.1484375,115473.5234375,115691.125,22864449614,116101.75,113381.29575892857,0.0002861257573012477,115688.859375,705.2627563804843,73.66874454238072,1
2090,115306.09375,115901.0859375,115252.578125,115730.2265625,22495852193,116087.24107142857,113717.93303571429,-0.003593675600818802,115721.9609375,722.7496690350135,68.66555178996907,0
2091,112748.5078125,115431.3125,112037.6484375,115309.21875,70684158591,115702.04575892857,113884.50037202382,-0.02218083931492132,115306.09375,1462.3086830813072,52.6573674443819,0
2092,112014.5,113351.9140625,111535.5703125,112757.4765625,47211853279,115012.23325892857,113923.25818452382,-0.00651013327573835,112748.5078125,1905.9109966352607,51.87103493186517,2
2093,113328.6328125,113986.2734375,111229.640625,112007.6640625,48044595085,114563.6796875,113999.70684523809,0.011731809832655538,112014.5,1875.2934483841827,47.34934018491608,0
2094,109049.2890625,113541.0859375,108713.3984375,113330.1640625,75528654284,113408.26339285714,113919.97767857143,-0.03776048156409062,113328.6328125,2433.8216344381663,27.80555698747358,2
2095,109712.828125,110359.1953125,108728.9765625,109041.296875,57738288949,112554.54464285714,113875.30357142857,0.0060847628462732395,109049.2890625,2546.049238395271,28.148781530568627,1
2096,109681.9453125,109778.5,109144.296875,109707.140625,26308042910,111691.68526785714,113849.45833333333,-0.0002814877077529365,109712.828125,2305.8554872331106,28.382124089888222,2
2097,112122.640625,112375.484375,109236.9453125,109681.9453125,33371048505,111236.90625,113894.93563988095,0.02225248016477188,109681.9453125,1711.5209282243347,39.982513317514325,2
2098,114400.3828125,114473.5703125,111589.953125,112117.875,60000147466,111472.88839285714,114005.83816964286,0.02031473906432546,112122.640625,2037.5088957679889,47.19778900008258,1
2099,114056.0859375,114836.6171875,112740.5625,114396.5234375,58986330258,111764.54352678571,114126.10193452382,-0.003009577997342028,114400.3828125,2261.739095019272,42.07440372911735,2
2100,118648.9296875,118648.9296875,113981.3984375,114057.59375,71328680132,112524.5859375,114349.60528273809,0.04026829179914837,114056.0859375,3454.406091192106,55.000720291212666,2
2101,120681.2578125,121086.40625,118383.15625,118652.3828125,71415163912,114186.29575892857,114595.97284226191,0.017128920845327356,118648.9296875,4217.46724250864,57.649684679990415,2
2102,122266.53125,123944.703125,119344.3125,120656.984375,83941392228,115979.68191964286,114889.54203869047,0.013136036748664148,120681.2578125,4645.550471850781,64.11418187426449,1
2103,122425.4296875,122857.640625,121577.5703125,122267.46875,36769171735,117800.1796875,115197.87165178571,0.001299606980548873,122266.53125,4246.04773433603,64.30687575198952,2
2104,123513.4765625,125559.2109375,122191.9609375,122419.671875,73689317763,119427.44196428571,115583.86309523809,0.008887425412982486,122425.4296875,3873.950652049474,67.02803565020321,2
2105,124752.53125,126198.0703125,123196.046875,123510.453125,72568881188,120906.3203125,116027.08482142857,0.010031736794915869,123513.4765625,3601.4035673759217,76.34646888746455,0
2106,121451.3828125,125184.0234375,120681.96875,124752.140625,76149412513,121962.79129464286,116246.52269345238,-0.026461574802715715,124752.53125,1973.9601276940643,68.61448332338338,2
2107,123354.8671875,124167.09375,121119.1796875,121448.3515625,65354305286,122635.06808035714,116574.44456845238,0.01567280940669602,121451.3828125,1364.5277277177606,69.32762250716112,0
2108,121705.5859375,123739.34375,119812.03125,123337.0703125,74653009425,122781.40066964286,116791.98660714286,-0.013370216251727518,123354.8671875,1159.6181427924719,77.15067765829289,0
2109,113214.3671875,122509.6640625,104582.4140625,121704.7421875,153125018868,121488.234375,116674.15364583333,-0.06976852117831744,121705.5859375,3821.5479213820013,55.623120438711716,0
2110,110807.8828125,113429.7265625,109760.5625,113236.4296875,110236934340,119828.58482142857,116440.14992559524,-0.02125599811033263,113214.3671875,5500.543746646721,51.67996228827369,2
2111,115169.765625,115805.0625,109715.5390625,110811.515625,93710414091,118636.62611607143,116433.65811011905,0.03936437283871608,110807.8828125,5472.913595263213,54.299963795070404,1
2112,115271.078125,116020.484375,113821.1875,115161.6796875,71582026739,117282.1328125,116553.78050595238,0.000879679657679322,115169.765625,4844.184696354148,51.309097563823336,0
2113,113118.6640625,115502.8828125,110029.484375,115264.8828125,92212917403,116091.74441964286,116606.35974702382,-0.01867262888064536,115271.078125,4669.571840171412,48.66325768969397,0
2114,110783.1640625,113622.3828125,110235.8359375,113113.96875,72574132855,114295.78683035714,116485.14694940476,-0.02064646024028005,113118.6640625,3734.506537076753,38.011816508343244,0
2115,108186.0390625,111990.8125,107537.03125,110782.171875,87306423067,112364.42299107143,116444.03980654762,-0.023443318504017374,110783.1640625,2581.7295712217942,31.27839749184362,0
2116,106467.7890625,109235.8046875,103598.4296875,108179.1328125,99703051669,111400.62611607143,116289.51413690476,-0.01588236351834038,108186.0390625,3355.034056216689,26.4226744626649,2
2117,107198.265625,107490.984375,106387.453125,106483.734375,37779905278,110884.96651785714,116171.24367559524,0.006861009972426446,106467.7890625,3718.975585530181,27.656844702519905,2
2118,108666.7109375,109488.9921875,106157.7890625,107204.3125,47657008953,109955.95870535714,116006.67559523809,0.013698405510000455,107198.265625,3253.3173391690066,28.455520139090112,2
2119,110588.9296875,111711.03125,107485.015625,108667.4453125,63507793085,109287.08035714286,115825.17782738095,0.01768912239467313,108666.7109375,2328.19001093932,29.846461276933297,0
2120,108476.890625,113996.34375,107534.75,110587.6328125,101194375480,108623.96986607143,115559.50186011905,-0.019098105646452646,110588.9296875,1603.1311762481428,30.89183883439337,0
2121,107688.5859375,109115.1328125,106778.0,108491.53125,80807013218,108181.88727678571,115037.58072916667,-0.007267028792566799,108476.890625,1307.9845701971765,26.143895819860404,2
2122,110069.7265625,111288.59375,107548.4296875,107679.4375,54944076060,108450.98549107143,114532.26971726191,0.022111355667553845,107688.5859375,1490.0763293694772,32.66761347238436,2
2123,111033.921875,111842.53125,109770.1484375,110069.3515625,48160816980,109103.29017857143,113997.38355654762,0.008759859251149305,110069.7265625,1476.592205940594,45.813243134830024,2
2124,111641.7265625,111947.703125,110704.40625,111032.6171875,24707667305,109738.0703125,113483.87388392857,0.005474045023684315,111033.921875,1476.2490334401716,51.71989601857898,2
2125,114472.4453125,115260.90625,111268.484375,111639.0546875,41708524143,110567.4609375,113053.34858630953,0.025355383127430242,111641.7265625,2218.37558139432,48.46472480909899,1
2126,114119.328125,116273.3125,113882.2890625,114479.8515625,61761358733,111071.80357142857,112547.00558035714,-0.0030847352525406047,114472.4453125,2593.643206135185,47.492024780341225,0
2127,112956.1640625,116078.984375,112291.6796875,114129.0859375,64528066504,111711.69977678571,112142.47135416667,-0.01019252462848308,114119.328125,2391.4041088080357,49.63021959267265,0
2128,110055.3046875,113642.7265625,109368.71875,112921.328125,62192043469,112049.80245535714,111509.15885416667,-0.025681284408657135,112956.1640625,1828.974550984872,48.38525176040592,0
2129,108305.546875,111612.3515625,106376.6875,110059.1953125,69673964814,111797.77678571429,110871.06175595238,-0.015898895718551742,110055.3046875,2225.7964189382647,50.27548432618986,2
2130,109556.1640625,111031.8203125,108288.2734375,108304.4140625,60090359560,111586.66852678571,110696.86160714286,0.011547120379193476,108305.546875,2375.373815798573,57.27605772961496,1
2131,110064.015625,110574.8984375,109372.953125,109558.625,25871668762,111361.28125,110661.43936011905,0.004635536182247879,109556.1640625,2443.1621957669927,56.823138134619036,2
2132,110639.625,111167.3125,109523.453125,110064.4296875,34284209459,110813.73549107143,110445.71837797618,0.005229768982454308,110064.015625,2023.077297150586,54.905940638298944,0
2133,106547.5234375,110764.9140625,105336.359375,110646.90625,72852006359,109732.04910714286,110030.31101190476,-0.03698585893164408,110639.625,1984.958231877704,40.92930998929683,0
2134,101590.5234375,107264.8828125,98962.0625,106541.421875,110967184773,108108.38616071429,109481.35193452382,-0.046523840630681046,106547.5234375,3190.5043627575765,36.294282301508844,2
2135,103891.8359375,104534.703125,98989.9140625,101579.234375,77584934804,107227.890625,109153.19345238095,0.02265282648549194,101590.5234375,3406.8021625542583,42.87269689603064,0
2136,101301.2890625,104147.3046875,100336.8671875,103893.6640625,63932752861,106227.28236607143,108825.34821428571,-0.02493503798083263,103891.8359375,4012.3258159766233,33.66818815197158,2
2137,103372.40625,104052.9140625,99257.0546875,101286.2421875,92168030081,105343.88839285714,108677.94903273809,0.020445121741957006,101301.2890625,3834.0300952398943,36.295021356687705,0
2138,102282.1171875,103373.5625,101458.0390625,103371.703125,51446691095,104232.18861607143,108443.84672619047,-0.010547196317199026,103372.40625,3332.7273040166483,33.541554473617694,2
2139,104719.640625,105418.3671875,101468.875,102278.984375,59679243013,103386.4765625,108255.89099702382,0.02383137448193029,102282.1171875,1862.712806708328,32.60965928356241,2
2140,105996.59375,106564.6953125,104350.6484375,104723.7734375,69585887229,103307.77232142857,108037.20833333333,0.012194017448672767,104719.640625,1712.4703347916393,35.978219179486246,0
2141,102997.46875,107428.2578125,102457.328125,105996.859375,71130078574,103508.76450892857,107776.28348214286,-0.028294541304540788,105996.59375,1552.411427762408,33.833635384789034,0
2142,101663.1875,105297.234375,100836.6171875,103011.4375,64347179408,103190.38616071429,107489.35974702382,-0.012954505253314763,102997.46875,1683.7331941502093,35.646691322175016,0
2143,99697.4921875,104005.4921875,97988.71875,101674.1484375,101546815416,102961.27232142857,106995.44382440476,-0.01933536967351135,101663.1875,2052.3934489869985,35.38531776423142,0
2144,94397.7890625,99804.4296875,94000.734375,99694.703125,114346441890,101679.18415178571,106203.24702380953,-0.053157837862490065,99697.4921875,3806.39543208151,27.374958196183385,2
2145,95549.1484375,96728.46875,94420.46875,94420.46875,38500716654,100717.33147321429,105436.93377976191,0.012196889211437911,94397.7890625,4428.497914985045,28.743768956273726,0
2146,94177.078125,96564.1875,92971.1640625,95556.8671875,71086235862,99211.25111607143,104470.48772321429,-0.01435983820826503,95549.1484375,4628.679648224348,26.441068627937653,0
2147,92093.875,95928.3671875,91214.7578125,94180.875,94186165724,97225.1484375,103421.65662202382,-0.02212006537551514,94177.078125,4194.281680342266,28.054100258999696,2
2148,92948.875,93745.078125,89300.4609375,92094.53125,101333569062,95789.63504464286,102468.92857142857,0.009284005043766586,92093.875,3561.224852467372,35.011803500643765,0
2149,91465.9921875,92946.1640625,88526.828125,92946.1640625,80350354656,94332.89285714286,101583.72321428571,-0.015953746750565823,92948.875,2751.803021153549,27.81871714313766,0
2150,86631.8984375,93025.0703125,86040.796875,91459.3515625,97970645638,92466.37946428571,100551.64471726191,-0.05285126891851111,91465.9921875,2931.8311274546236,25.755715673550043,0
2151,85090.6875,87380.8046875,80659.8125,86528.7734375,129157506112,91136.79352678571,99386.62202380953,-0.017790340109098413,86631.8984375,3870.178723673243,19.246915702437633,0
2152,84648.359375,85503.0078125,83490.8984375,85098.5625,40793099246,89579.53794642857,98176.35267857143,-0.0051983141515926645,85090.6875,3990.0978978197886,19.67584313967845,2
2153,86805.0078125,88038.46875,84641.7734375,84648.609375,58083435576,88526.38504464286,97041.37090773809,0.025477734635657168,84648.359375,3519.517294881846,18.892325290453414,2
2154,88270.5625,89206.3359375,85272.1953125,86798.7734375,74433896110,87980.19754464286,96171.03943452382,0.01688329653360121,86805.0078125,3150.9846881705917,19.42011577845321,0
2155,87341.890625,88457.3359375,86131.4296875,88269.9609375,64837343545,87179.19977678571,95492.53311011905,-0.010520742688141405,88270.5625,2265.712732968599,20.91414776827625,2
2156,90518.3671875,90581.15625,86316.8984375,87345.5859375,66496301869,87043.82477678571,94855.70126488095,0.03636830551491177,87341.890625,1976.7772686816832,30.62100560583835,2
2157,91285.375,91897.578125,90089.515625,90517.765625,57040622845,87708.60714285714,94378.75297619047,0.008473504729832548,90518.3671875,2522.346990643046,34.73644071280437,1
2158,90919.265625,92969.0859375,90257.1171875,91285.3828125,60895830289,88541.26116071429,93785.74627976191,-0.004010602738938163,91285.375,2475.7167879747785,42.31184568816812,1
2159,90851.7578125,91187.6171875,90260.1875,90918.7421875,37921773455,89427.4609375,93241.44345238095,-0.0007425028351905061,90919.265625,1891.2650898112622,39.09549714504588,0
2160,90394.3125,91965.046875,90394.3125,90838.2109375,38497902869,89940.21875,92559.28497023809,-0.005035073877646679,90851.7578125,1509.878547585957,40.829276977449815,0
2161,86321.5703125,90398.15625,83862.25,90389.109375,87962894424,89661.79129464286,91622.37909226191,-0.045055292472078956,90394.3125,1976.6390227075565,37.237139715278815,2
2162,91350.203125,92316.6328125,86202.1953125,86322.5390625,78546798211,90234.40736607143,91067.74739583333,0.05825464938016567,86321.5703125,1761.447425254552,47.01599054589743,2
2163,93527.8046875,94060.7734375,91056.390625,91345.09375,77650204986,90664.32700892857,90680.34821428571,0.023837949867722363,91350.203125,2163.646560517005,53.75120106888024,0
2164,92141.625,94038.2421875,90976.1015625,93454.2578125,64538402681,90786.6484375,90320.54501488095,-0.014821043775501641,93527.8046875,2227.860320913999,61.462302774668956,0
2165,89387.7578125,92702.640625,88152.140625,92133.6484375,63256398633,90567.86160714286,90081.97209821429,-0.029887330373216225,92141.625,2287.079782143821,58.51013758874509,1
2166,89272.375,90267.4609375,88951.6640625,89389.359375,37994042405,90342.23549107143,89783.078125,-0.0012908122468182626,89387.7578125,2331.871282305326,59.27778394338343,2
2167,90405.640625,91740.84375,87799.5625,89277.8125,47394898960,90343.85379464286,89603.48586309524,0.012694471554050235,89272.375,2331.917377297279,57.53382514724176,1
2168,90640.203125,92267.1171875,89644.890625,90424.5859375,57394099056,90960.80133928571,89534.26339285714,0.0025945560296725123,90405.640625,1520.5109082281804,55.22742830670852,2
2169,92691.7109375,94601.5703125,89586.9765625,90639.703125,66861721440,91152.4453125,89522.01748511905,0.022633530616329445,90640.203125,1656.2529462330056,61.24465130393402,0
2170,92020.9453125,94477.15625,91640.1328125,92695.234375,65420694513,90937.1796875,89548.44382440476,-0.007236522211271801,92691.7109375,1369.1011647479863,53.53006603846309,2
2171,92511.3359375,93554.265625,89335.296875,92011.3046875,64532834621,90989.99553571429,89828.41703869047,0.005329119618741718,92020.9453125,1429.124486514881,52.918126290788734,0
2172,90270.4140625,92747.9296875,89532.6015625,92513.6640625,80275884583,91116.08928571429,90075.07068452382,-0.024223213861206738,92511.3359375,1297.0296273998324,48.58210308258947,1
2173,90298.7109375,90647.5703125,89800.9921875,90257.796875,64237748110,91262.70870535714,90344.13504464286,0.00031346787642294593,90270.4140625,1096.362116530976,48.78938475640623,0
2174,88175.1796875,90498.109375,87634.9375,90296.4375,50465972205,90944.07142857143,90409.38132440476,-0.023516739363752315,90298.7109375,1596.852168383471,45.47257090340739,0
2175,86419.78125,89983.921875,85304.078125,88171.078125,45559514323,90341.15401785714,90321.24888392857,-0.019908078936967,88175.1796875,2349.8908106204403,50.22129244929955,2
2176,87843.984375,88170.09375,85381.6875,86424.40625,41262178223,89648.62165178571,90345.15811011905,0.01648005936140917,86419.78125,2254.0870944930166,40.56751767134988,0
2177,86143.7578125,90264.5703125,85316.265625,87847.6171875,44243392914,88809.0234375,90136.84337797618,-0.01935507109105894,87843.984375,2316.8630598319614,29.611655092912173,0
2178,85462.5078125,89412.6640625,84436.3125,86144.3671875,52667115348,87802.04799107143,89859.56398809524,-0.007908292107279613,86143.7578125,1940.8408298477334,30.811071902002865,2
2179,88103.3828125,89339.1171875,85107.6640625,85476.1328125,46733310561,87492.47209821429,89725.47433035714,0.03090097713717843,85462.5078125,1629.3296033840224,46.285910769683994,1
2180,88344.0,88497.203125,87924.875,88101.671875,14688196659,87213.22767857143,89606.05729166667,0.002731077738661547,88103.3828125,1171.3646572746454,47.3346778968825,1
2181,88621.75,89027.953125,87613.203125,88344.703125,19845522660,87277.0234375,89521.64955357143,0.0031439599746445612,88344.0,1242.488439406507,44.613953365494844,1
2182,88490.015625,90501.9296875,87908.0703125,88621.3984375,38047472118,87572.77120535714,89624.90885416667,-0.0014864790528285043,88621.75,1250.7920034863457,43.467441644086364,0
2183,87414.0,88898.3828125,86606.9765625,88490.03125,43683011533,87511.34486607143,89437.47061011905,-0.01215974047919599,88490.015625,1245.8011586972682,32.955306397105915,1
2184,87611.9609375,87956.8828125,86411.796875,87404.3203125,25550297986,87721.08816964286,89155.76376488095,0.0022646365284737513,87414.0,1091.1772414118677,35.31236629269394,1
2185,87234.7421875,88501.7890625,86949.2578125,87608.3203125,19953216347,87974.26450892857,88922.10267857143,-0.004305562231041726,87611.9609375,552.3685373474076,32.28855481337273,1
2186,87301.4296875,89459.4296875,86628.140625,87235.5078125,42455674908,87859.69977678571,88822.75372023809,0.0007644603322913834,87234.7421875,602.0555929425694,38.331083661981864,2
2187,87802.15625,87874.78125,87182.9765625,87301.4296875,13741199310,87782.29352678571,88752.74330357143,0.005735605525503784,87301.4296875,562.975440621306,40.53919307555346,1
2188,87835.8359375,87986.890625,87394.953125,87799.34375,15156557929,87670.02008928571,88630.37165178571,0.00038358610925337544,87802.15625,430.42429191120436,48.472022491198544,0
2189,87138.140625,90299.15625,86717.9140625,87835.7890625,48411625849,87476.89508928571,88463.60677083333,-0.007943173820266769,87835.8359375,277.1920672763765,53.575122281235174,2
